Name,Email,CountryCode,MobileNo,CountryCode2,MobileNo2,Role,JoinDate
"Khush","user7448849586@gmail.com","44","7448849586","","","User","09 Sep 2026 (01:05:21 pm)"
"LOURENCO","user967036404@gmail.com","351","967036404","","","User","09 Sep 2026 (12:34:16 pm)"
"Juliana Okunnuga","oreofe.grace20.09@gmail.com","44","7760639811","","","User","09 Sep 2026 (06:43:55 am)"
"user509449214","user509449214@gmail.com","48","509449214","","","User","07 Sep 2026 (05:19:39 pm)"
"siddharth test","Siddharthtest@gmail.com","91","9999999999","","","User","05 Sep 2026 (05:17:49 pm)"
"Antoinette","user7538792158@gmail.com","44","7538792158","","","User","02 Sep 2026 (01:13:50 pm)"
"Kasia","Barszcz.katarzyna@yahoo.com","44","7476236679","","","User","01 Sep 2026 (07:10:56 pm)"
"SHUBHAM ACHARYA","user@321gmail.com","91","9024660337","","","User","31 Aug 2026 (04:25:01 pm)"
"SHUBHAM ACHARYA","spin_1788189819102@assignmentinneed.co.uk","967","9024660337","","","User","31 Aug 2026 (04:23:40 pm)"
"Sara Imani","goldenthoughts@hotmail.co.uk","255","697297733","","","User","30 Aug 2026 (03:23:49 pm)"
"Biya biju","Biyabiju345@gmail.com","44","7405115060","","","User","30 Aug 2026 (01:09:19 pm)"
"Jannat","user17663873851@gmail.com","49","17663873851","","","User","28 Aug 2026 (05:53:11 pm)"
"user7471334975","user7471334975@gmail.com","44","7471334975","","","User","27 Aug 2026 (11:26:25 am)"
"NIRANJANA RADHA KRISHNA","niranjanarkrishna121@gmail.com","91","8921632648","","","User","25 Aug 2026 (06:19:32 pm)"
"Gurjeet","user8397858023@gmail.com","91","8397858023","","","User","25 Aug 2026 (01:47:18 pm)"
"Natori Sokoro","natsuka67@gmail.com","44","447442252347","","","User","25 Aug 2026 (10:20:33 am)"
"Shubhangi","user8459528531@gmail.com","91","8459528531","","","User","24 Aug 2026 (08:53:21 pm)"
"LIAM RICH","liamrichmond2104@gmail.com","","+44 7763664202","","","User","24 Aug 2026 (01:11:43 pm)"
"LEANNE ROBINSON","martinrobinson790@gmail.com","","+44 7544971486","","","User","24 Aug 2026 (01:11:07 pm)"
"Spin Wheel User","aadi321@gmail.com","44","0000000000","","","User","24 Aug 2026 (05:16:23 am)"
"SAURABH CHOOLANGOTTU","user9744718684@gmail.com","91","9744718684","","","User","23 Aug 2026 (12:31:33 pm)"
"Spin Wheel User","aadi2004@gmail.com","44","0000000000","","","User","22 Aug 2026 (11:50:00 am)"
"Spin Wheel User","suraj@gmail.com","44","0000000000","","","User","22 Aug 2026 (10:57:14 am)"
"Spin Wheel User","raj@gmail.com","44","0000000000","","","User","22 Aug 2026 (10:52:36 am)"
"Spin Wheel User","aadi2003@gmail.com","44","0000000000","","","User","22 Aug 2026 (10:46:46 am)"
"Spin Wheel User","kapil@gmail.com","44","0000000000","","","User","22 Aug 2026 (10:29:25 am)"
"test","spin_1787377745469@assignmentinneed.co.uk","44","3232","","","User","22 Aug 2026 (06:50:13 am)"
"singhmahipal23@gmail.com","spin_1787317700095@assignmentinneed.co.uk","44","797481696","","","User","21 Aug 2026 (02:08:22 pm)"
"Mihai Stoian","user7795515039@gmail.com","44","7795515039","","","User","21 Aug 2026 (10:46:38 am)"
"henry","spin_1787298835351@assignmentinneed.co.uk","44","7769368945","","","User","21 Aug 2026 (08:53:56 am)"
"venkata krishnamraju","user755101065454@gmail.com","44","755101065454","","","User","20 Aug 2026 (01:41:07 pm)"
"Aadi Test","spin_1787215893420@assignmentinneed.co.uk","44","7896541233","","","User","20 Aug 2026 (09:51:33 am)"
"god","spin_1787215727889@assignmentinneed.co.uk","44","7788995544","","","User","20 Aug 2026 (09:48:48 am)"
"aman test lead","spin_1787211396905@assignmentinneed.co.uk","44","968008989","","","User","20 Aug 2026 (08:36:37 am)"
"test","spin_1787202532887@assignmentinneed.co.uk","44","7788994455","","","User","20 Aug 2026 (06:08:53 am)"
"burger (test)","spin_1787126487995@assignmentinneed.co.uk","44","7945555528","","","User","19 Aug 2026 (09:01:28 am)"
"kapil menaria","kapilmenaria.warrgyizmorsch@gmail.com","44","+44 8767868766","","","User","19 Aug 2026 (07:43:34 am)"
"Test User","test12399@example.com","","+44 7300000000","","","User","19 Aug 2026 (07:42:00 am)"
"Nazre Imam","nazreimam.warrgyizmorsch@gmail.com","44","+91 7321862469","","","User","19 Aug 2026 (07:24:49 am)"
"aadi","spin_1787038418585@assignmentinneed.co.uk","44","1234569871","","","User","18 Aug 2026 (08:33:39 am)"
"asdf","spin_1786966988059@assignmentinneed.co.uk","44","8527413692","","","User","17 Aug 2026 (12:43:09 pm)"
"aadi","spin_1786965567319@assignmentinneed.co.uk","44","3214569874","","","User","17 Aug 2026 (12:19:29 pm)"
"Aadi","spin_1786964994918@assignmentinneed.co.uk","44","7770973634","","","User","17 Aug 2026 (12:09:56 pm)"
"lion","spin_1786964495510@assignmentinneed.co.uk","44","1234567893","","","User","17 Aug 2026 (12:01:37 pm)"
"aadi","spin_1786964242789@assignmentinneed.co.uk","44","321456987","","","User","17 Aug 2026 (11:57:24 am)"
"Draksha Anjum","user7749097188@gmail.com","91","7749097188","","","User","17 Aug 2026 (11:45:27 am)"
"ABIR","abeer_alani1994@hotmail.com","44","15236864866","","","User","17 Aug 2026 (11:36:38 am)"
"Elaine","Florencio_silva@hotmail.com","44","7714169684","","","User","17 Aug 2026 (10:54:51 am)"
"user7986423219","user7986423219@gmail.com","91","7986423219","","","User","15 Aug 2026 (03:23:34 pm)"
"Khalid Ali","khalidllz440@gmail.com","44","7379391437","","","User","13 Aug 2026 (03:33:39 pm)"
"Mohamed Mahoi","user7301826354@gmail.com","44","7301826354","","","User","13 Aug 2026 (11:47:36 am)"
"Sidharth","singadiasid@gmail.com","91","121212122","","","Marketing Team","13 Aug 2026 (10:14:14 am)"
"user7367895459","user7367895459@gmail.com","44","7367895459","","","User","11 Aug 2026 (08:59:20 pm)"
"Juliana","julipgarcia@gmail.com","44","7307454452","","","User","11 Aug 2026 (08:33:44 pm)"
"Shalom Christie Bandaru","shalomchristie88@gmail.com","44","7352689776","","","User","11 Aug 2026 (08:30:28 pm)"
"Qaher","user7831476443@gmail.com","44","7831476443","","","User","09 Aug 2026 (05:30:55 pm)"
"sufiyan hussain","thegreekeditor@gmail.com","+91","6375776806","","","User","08 Aug 2026 (11:17:44 am)"
"Malavika Sathyarajan","malavikasathyan5250@gmail.com","353","892570924","","","User","08 Aug 2026 (11:11:45 am)"
"subh paliwar","shubh.warrygizmorsch@gmail.com","91","96100r545435","","","Unknown","08 Aug 2026 (06:20:58 am)"
"Ali","aliasgar@gmail.com","91","919784434031","","","User","07 Aug 2026 (07:38:42 am)"
"Jashanpreet Panher","user7833275578@gmail.com","44","7833275578","","","User","04 Aug 2026 (08:50:47 pm)"
"user7587498615","user7587498615@gmail.com","44","7587498615","","","User","04 Aug 2026 (07:19:20 pm)"
"Amith Simiyon","amith_namal@yahoo.co.uk","44","7454867789","","","User","04 Aug 2026 (03:26:17 pm)"
"Test Zero","test112@gmail.com","44","3216547896","","","User","04 Aug 2026 (07:49:47 am)"
"Test","test11@gmail.com","44","7896541236","","","User","04 Aug 2026 (06:57:52 am)"
"Admin User","adminhack@example.com","","9999999999","","","User","04 Aug 2026 (12:07:44 am)"
"Test User","testuser123@example.com","","1234567890","","","User","04 Aug 2026 (12:07:18 am)"
"user7564458479","user7564458479@gmail.com","44","7564458479","","","User","03 Aug 2026 (05:21:04 pm)"
"Arjun Vijayakumar","arjunvijayakumar2001de2025@gmail.com","91","9207553842","","","User","03 Aug 2026 (05:20:17 pm)"
"Test 101","test101@gmail.com","44","8796541236","","","User","03 Aug 2026 (10:23:32 am)"
"Mihail Petecila","mihai.petecila@gmail.com","44","7568445877","","","User","02 Aug 2026 (03:24:34 pm)"
"M Bucovanu","andreea9022@gmail.com","44","7464144010","","","User","01 Aug 2026 (11:22:12 am)"
"Bbbbb","bshxhzjkznanaj@gmail.com","44","5454564649","","","User","31 Jul 2026 (11:09:04 pm)"
"Jai Karan gutta","Jaikarangutta@gmail.com","44","7747142097","","","User","31 Jul 2026 (05:21:41 pm)"
"Ewurabena Sackey","Ewurabenasackey190@gmail.com","49","1785184477","","","User","31 Jul 2026 (02:16:06 pm)"
"Ranjit Singh","aadi@gmail.com","91","7770973634","","","User","31 Jul 2026 (11:41:28 am)"
"user7455520261","user7455520261@gmail.com","44","7455520261","","","User","30 Jul 2026 (09:21:06 pm)"
"Boris Todorov","user7597980632@gmail.com","44","7597980632","","","User","30 Jul 2026 (08:21:06 pm)"
"Fatima","fathimanasrin8855@gmail.com","91","9961688726","","","User","30 Jul 2026 (11:23:52 am)"
"Razvan Lupu","razvanxlx@gmail.com","40","728911328","44","7939036101","User","30 Jul 2026 (10:28:48 am)"
"Test User","testuser@example.com","","+911234567890","","","User","29 Jul 2026 (11:18:03 am)"
"Ranjit Singh Shaktawat","ranjit.warrgyizmorsch@gmail.com","44","7896541231","","","User","29 Jul 2026 (06:08:08 am)"
"Saba Altaf","drsaba836@gmail.com","44","07391716177","","","User","28 Jul 2026 (09:03:37 pm)"
"user7367775579","user7367775579@gmail.com","44","7367775579","","","User","28 Jul 2026 (04:48:46 pm)"
"Francisco Moniz De Jesus","Tabeansaberai@gmail.com","44","7470426156","","","User","27 Jul 2026 (04:51:53 pm)"
"michal facuna","user7534192803@gmail.com","44","7534192803","","","User","26 Jul 2026 (07:57:29 pm)"
"user16473836291","user16473836291@gmail.com","1","16473836291","","","User","26 Jul 2026 (05:33:53 pm)"
"Jianna","Bhatiajianna@gmail.com","91","9912396000","","","User","26 Jul 2026 (01:00:24 pm)"
"Cristian","Griveifloriancristian@gmail.com","44","757890500","","","User","25 Jul 2026 (10:14:29 am)"
"user7544224759","user7544224759@gmail.com","44","7544224759","","","User","23 Jul 2026 (06:46:33 pm)"
"Test","botef21842@gwshare.com","","+93 20 123 4500","","","User","23 Jul 2026 (05:12:22 pm)"
"Dipesh gahlot","dipesh.warr@gmail.com","91","63670 43997","","","Unknown","23 Jul 2026 (06:39:51 am)"
"Rasida Jonaviciute","Rasidajonaviciute@gmail.com","44","7472999798","","","User","22 Jul 2026 (04:25:36 pm)"
"Larissa Mpoy","larissampoy3@outlook.com","44","7703383769","","","User","21 Jul 2026 (09:15:06 pm)"
"Anderson","user3892753063@gmail.com","35","3892753063","","","User","21 Jul 2026 (03:30:34 pm)"
"PETYA ANGELOVA","Pangelova@yahoo.com","44","7769400456","","","User","21 Jul 2026 (03:22:51 pm)"
"user7312842552","user7312842552@gmail.com","44","7312842552","","","User","20 Jul 2026 (07:19:10 pm)"
"Naina","nainawarrgyizmorsch12@gmail.com","","","","","WriterTL","20 Jul 2026 (09:10:12 am)"
"Olubusola Adeduntan","bussyfash@yahoo.com","44","7800818327","","","User","19 Jul 2026 (07:05:43 pm)"
"Lisa Sarpong","lisasarpong05@gmail.com","44","7306834965","","","User","18 Jul 2026 (06:41:48 pm)"
"Mangilal","mangilal.warrgyizmorsch@gmail.com","44","07239849705","","","User","18 Jul 2026 (12:31:00 pm)"
"ggh","test@fdd.njn","44","7777777777","","","User","18 Jul 2026 (12:24:43 pm)"
"Raja Babu","rajababu420@gmail.com","93","098753764483","","","User","18 Jul 2026 (12:18:38 pm)"
"user1772326694","user1772326694@gmail.com","49","1772326694","","","User","17 Jul 2026 (09:41:09 pm)"
"user7838237714","user7838237714@gmail.com","44","7838237714","","","User","17 Jul 2026 (05:47:03 pm)"
"Andrei-Lucian Repedemi","Luandrei899@gmail.com","44","7566877708","","","User","17 Jul 2026 (03:05:22 pm)"
"Yaz","Ygajra728@icloud.com","44","7562364190","","","User","16 Jul 2026 (07:48:32 pm)"
"user7782325232","user7782325232@gmail.com","44","7782325232","","","User","16 Jul 2026 (07:18:15 pm)"
"Sadije Gajewska","s_zhabeli@outlook.com","44","7511997285","","","User","16 Jul 2026 (07:10:02 pm)"
"dipesh gahlot","deepesh.udr@gmail.com","","+916367043997","","","User","16 Jul 2026 (11:24:17 am)"
"Victor wanyeri Gitahi","gitahivictor@gmail.com","49","15259272934","","","User","15 Jul 2026 (07:06:08 pm)"
"user9061480458","user9061480458@gmail.com","91","9061480458","","","User","15 Jul 2026 (04:46:04 pm)"
"shubham","xyz@gmail.com","91","9024660337","","","User","15 Jul 2026 (04:26:14 pm)"
"dipesh Warrgyizmorsch","dipesh.warrgyizmorsch@gmail.com","44","9696362545","","","User","15 Jul 2026 (12:25:13 pm)"
"Harsha Kalal","harshakalal.warrgyizmor@gmail.com","","","","","User","15 Jul 2026 (11:42:20 am)"
"App Test","anshulsuthar.warrgyizmorsch@gmail.com","","","","","User","15 Jul 2026 (11:40:01 am)"
"TYSON","Borist8888@gmail.com","44","7424121622","","","User","14 Jul 2026 (10:52:41 am)"
"Mariya Danailova","mariadanailova78@gmail.com","44","7440493729","","","User","13 Jul 2026 (07:29:18 pm)"
"Aman","aman.warr@gmail.com","91","9876543210","","","Unknown","13 Jul 2026 (07:05:24 am)"
"Mangilal","mangilalg841@gmail.com","","+44 07239849705","","","User","13 Jul 2026 (05:51:09 am)"
"rahul Sharma","rahul.warrgyizmorsch@gmail.com","91","7976843246","","","Super Admin","13 Jul 2026 (05:47:24 am)"
"user7450447229","lancu.ungureanu@yahoo.co.uk","44","7450447229","","","User","12 Jul 2026 (06:56:06 pm)"
"user7466800643","user7466800643@gmail.com","44","7466800643","","","User","12 Jul 2026 (03:30:18 pm)"
"user9328005048","user9328005048@gmail.com","91","9328005048","","","User","12 Jul 2026 (01:25:18 pm)"
"Rannel  Abradu","Rannel567@gmail.com","44","7955141527","","","User","11 Jul 2026 (09:09:11 pm)"
"yogita","user7810453776@gmail.com","44","7810453776","","","User","11 Jul 2026 (08:55:14 pm)"
"Isabel Barreiro","ib.isabelbarreiro@gmail.com","33","767672987","","","User","11 Jul 2026 (01:45:59 pm)"
"Daniel Evans","dipesh.nextadge@gmail.com","","+44 7896541235","","","User","11 Jul 2026 (10:57:56 am)"
"test","danielevans4516@gmail.com","44","8596321471","","","User","11 Jul 2026 (10:51:44 am)"
"AMAN SEO","amanvashistha.warrgyizmorsch@gmail.com","","456963258","","","Unknown","11 Jul 2026 (09:48:04 am)"
"Test","apptest.harsha@gmail.com","91","917737423709","","","User","11 Jul 2026 (06:51:31 am)"
"Cristina","cristinarusu773@gmail.com","44","7894109008","","","User","10 Jul 2026 (04:56:05 pm)"
"user7366473477","nasii2005angelov@gmail.com","44","7366473477","","","User","10 Jul 2026 (04:44:57 pm)"
"Natalia","nataliaka@op.pl","44","7543260911","","","User","10 Jul 2026 (04:09:34 pm)"
"Mangilal","mangilal2001.warrgyizmorsch@gmail.com","44","6778674543","","","User","10 Jul 2026 (12:37:45 pm)"
"Rahul Sharma","rahul.test@gmail.com","91","9876543210","","","User","10 Jul 2026 (10:58:18 am)"
"Yashswee","Yashswee376@gmail.com","44","7775450018","","","User","09 Jul 2026 (06:33:25 pm)"
"PRAVEEN JAGADEESH","user17667756743@gmail.com","49","17667756743","","","User","08 Jul 2026 (07:52:15 pm)"
"Otis ogden","user7413343322@gmail.com","44","7413343322","","","User","08 Jul 2026 (03:13:14 pm)"
"Tomasz michalowski","Tomasz7903@live.com","44","7484898034","","","User","08 Jul 2026 (02:16:50 pm)"
"Rahul Pal","rahuldev7@gmail.com","","9876543210","","","User","08 Jul 2026 (01:15:20 pm)"
"Rahul","rahuldev77@gmail.com","","9876543210","","","User","08 Jul 2026 (01:03:50 pm)"
"Rahul Sharma","rahuldev5277@gmail.com","","9876543210","","","User","08 Jul 2026 (12:51:46 pm)"
"Kevin","Kevin.n.sebastian07@gmail.com","353","894207592","","","User","07 Jul 2026 (09:52:32 pm)"
"user7961942979","user7961942979@gmail.com","44","7961942979","","","User","07 Jul 2026 (07:50:10 pm)"
"Lalit","Lalit@gmail.com","","","","","Sub Writer","07 Jul 2026 (06:03:36 am)"
"Taha","Taha@gmail.com","","","","","Sub Writer","07 Jul 2026 (06:03:15 am)"
"Urvashi","Urvashi@gmail.com","","","","","Sub Writer","07 Jul 2026 (06:02:41 am)"
"IOANA JITARU","Ioanaav61@gmail.com","44","7305330031","","","User","06 Jul 2026 (07:07:22 pm)"
"Anna Maria","puiuannmaria@gmail.com","44","7395559981","","","User","06 Jul 2026 (06:05:53 pm)"
"user8281212963","user8281212963@gmail.com","91","8281212963","","","User","06 Jul 2026 (04:28:03 pm)"
"Sharif","Rifascomo@yahoo.com","44","7838831001","","","User","06 Jul 2026 (04:14:02 pm)"
"sdsdsd","a@fgfg.fg.h","91","9610092299","","","User","06 Jul 2026 (07:38:49 am)"
"Agnus Anil Zachariah","agnusanilzachariah2000@gmail.com","44","7352675065","","","User","03 Jul 2026 (10:40:55 pm)"
"LAKSHMI PRIYA","Priyalakshmilp99@gmail.com","91","8848998907","","","User","03 Jul 2026 (07:22:19 pm)"
"user4717294247","user4717294247@gmail.com","25","4717294247","","","User","03 Jul 2026 (12:17:32 pm)"
"user023037517","user023037517@gmail.com","15","023037517","","","User","03 Jul 2026 (12:16:50 pm)"
"user3789874431","user3789874431@gmail.com","26","3789874431","","","User","03 Jul 2026 (12:15:44 pm)"
"user3789874431","user3789874431@gmail.com","26","3789874431","","","User","03 Jul 2026 (12:15:43 pm)"
"user296515904","user296515904@gmail.com","18","296515904","","","User","03 Jul 2026 (12:14:51 pm)"
"user8433013951","user8433013951@gmail.com","91","8433013951","","","User","03 Jul 2026 (12:13:37 pm)"
"user9994178351","user9994178351@gmail.com","91","9994178351","","","User","03 Jul 2026 (12:12:44 pm)"
"user7737423709","user7737423709@gmail.com","91","7737423709","","","User","03 Jul 2026 (12:12:05 pm)"
"user7703533838","user7703533838@gmail.com","44","7703533838","","","User","03 Jul 2026 (12:11:02 pm)"
"user7774177100","user7774177100@gmail.com","44","7774177100","","","User","03 Jul 2026 (12:09:35 pm)"
"Alexandra Stefania","Alexandrastefy74@gmail.com","44","7859303052","","","User","02 Jul 2026 (09:23:01 pm)"
"Anagha Chandran","anaghachandran554@gmail.com","91","8301942858","","","User","02 Jul 2026 (04:42:15 pm)"
"Gurpreet singh","gurpreetsingh66146@gmail.com","44","7424609280","","","User","02 Jul 2026 (01:49:08 pm)"
"user3882578556","user3882578556@gmail.com","39","3882578556","","","User","01 Jul 2026 (07:47:48 pm)"
"Aradhya_Chakraborty","user6297780307@gmail.com","91","6297780307","","","User","01 Jul 2026 (01:47:44 pm)"
"user7391716177","user7391716177@gmail.com","44","7391716177","","","User","30 Jun 2026 (06:10:24 pm)"
"Alvine Nzudie","user17680674714@gmail.com","49","17680674714","","","User","29 Jun 2026 (09:47:27 pm)"
"ANISHA SHAJI","anishashaji839@gmail.com","49","17621607272","","","User","29 Jun 2026 (08:24:53 pm)"
"RAMANDEEP","shoppingbills2@gmail.com","44","7878150740","","","User","29 Jun 2026 (07:20:08 pm)"
"Deepak Kumar","Dthakur674@gmail.com","44","7384103818","","","User","29 Jun 2026 (01:38:53 pm)"
"Zar Ni Min Hein","zarniminhein24@gmail.com","49","1702416816","","","User","29 Jun 2026 (08:32:45 am)"
"Andra","user791633119@gmail.com","40","791633119","","","User","28 Jun 2026 (07:51:42 pm)"
"Jaab","user17624152719@gmail.com","49","17624152719","","","User","28 Jun 2026 (04:50:43 pm)"
"Krishna Singh","krishnasingh08031999@gmail.com","91","7991189657","","","User","26 Jun 2026 (05:05:30 pm)"
"user7943701133","user7943701133@gmail.com","44","7943701133","","","User","26 Jun 2026 (05:01:51 pm)"
"user3499469935","user3499469935@gmail.com","92","3499469935","","","User","23 Jun 2026 (09:23:02 pm)"
"ilie bogdan stan","staniliebogdan@gmail.com","44","7572278886","","","User","23 Jun 2026 (07:12:42 pm)"
"user7958337140","user7958337140@gmail.com","44","7958337140","","","User","23 Jun 2026 (04:41:24 pm)"
"user9610092299","user9610092299@gmail.com","22","9610092299","","","User","23 Jun 2026 (01:09:21 pm)"
"user9610092299","user9610092299@gmail.com","22","9610092299","","","User","23 Jun 2026 (01:09:02 pm)"
"Manjit kaur","user7899 661621@gmail.com","","7899 661621","","","User","23 Jun 2026 (12:38:16 pm)"
"Manjit kaur","user7899 661621@gmail.com","","7899 661621","","","User","23 Jun 2026 (12:35:18 pm)"
"Humaira Saeed","anieyasir@gmail.com","44","7465419579","","","User","22 Jun 2026 (11:08:04 pm)"
"Parvathy Kannoth","parvathykannoth@gmail.com","353","892216511","","","User","22 Jun 2026 (09:24:32 pm)"
"user","user@gmail.com","","","","","User","22 Jun 2026 (08:00:14 pm)"
"Hengameh Entekhabi Enayat","Entekhabi.h@gmail.com","49","1634435100","","","User","22 Jun 2026 (07:33:57 pm)"
"KOLLASHANY V","user7587746477@gmail.com","44","7587746477","","","User","22 Jun 2026 (07:10:20 pm)"
"Ionela Pena","ionela.pena_1979@icloud.com","44","7949453796","","","User","20 Jun 2026 (06:41:59 pm)"
"Astha","aastharana062003@gmail.com","44","7352668765","","","User","20 Jun 2026 (05:40:45 pm)"
"Aminat Pamupamu","Tantoluwakadir@yahoo.com","44","7575732703","","","User","20 Jun 2026 (04:06:25 pm)"
"Alina Grecu","user7384961219@gmail.com","44","7384961219","","","User","20 Jun 2026 (01:21:19 pm)"
"user7757507530","user7757507530@gmail.com","","7757507530","","","User","18 Jun 2026 (06:30:16 pm)"
"Jiso Thomas","Jisofor@gmail.com","44","7824955878","","","User","17 Jun 2026 (07:42:14 pm)"
"user7344062045","user7344062045@gmail.com","44","7344062045","","","User","16 Jun 2026 (06:12:42 pm)"
"Yogesh Sharma","user7352665725@gmail.com","44","7352665725","","","User","16 Jun 2026 (05:07:27 pm)"
"Asha Nair","user17620450485@gmail.com","49","17620450485","","","User","16 Jun 2026 (05:04:13 pm)"
"user263771900110","user3771900110@gmail.com","263","771900110","","","User","16 Jun 2026 (04:03:29 pm)"
"Rohit Salhotra","user9056376075@gmail.com","91","9056376075","","","User","15 Jun 2026 (08:18:54 pm)"
"Tereza Rubesova","terezarubes23@gmail.com","44","7402987888","","","User","15 Jun 2026 (05:41:32 pm)"
"Promodh","promodh2000@gmail.com","91","7338949486","","","User","14 Jun 2026 (06:20:13 pm)"
"Sheeba Kuruvilla","kuruvilasheeba01@gmail.com","49","17676312993","","","User","14 Jun 2026 (06:19:27 pm)"
"user15774784482","user15774784482@gmail.com","49","15774784482","","","User","13 Jun 2026 (04:40:57 pm)"
"Ayaan","ayaan.warr@gmail.com","91","8569745689","","","Marketing Team","12 Jun 2026 (01:10:03 pm)"
"user9880785713","user9880785713@gmail.com","91","9880785713","","","User","11 Jun 2026 (07:32:07 pm)"
"Maria Piacentini","Nextmaria1@gmail.com","44","7535961563","","","User","11 Jun 2026 (11:33:52 am)"
"Clara Biju","clarabiju2001@gmail.com","91","7736865023","","","User","10 Jun 2026 (09:34:26 pm)"
"Tatiana Zemlinschi","tzemlinschi@gmail.com","44","7443803797","","","User","10 Jun 2026 (07:36:29 pm)"
"user8472878330","user8472878330@gmail.com","","8472878330","","","User","10 Jun 2026 (07:25:18 pm)"
"FELICIA","user7388660813@gmail.com","44","7388660813","","","User","10 Jun 2026 (08:28:52 am)"
"Carol Chagas","acarolinechagas03@gmail.com","44","7572524348","","","User","09 Jun 2026 (07:25:46 pm)"
"user17646674383","user17646674383@gmail.com","49","17646674383","","","User","06 Jun 2026 (05:53:08 pm)"
"user3980657793","user3980657793@gmail.com","593","3980657793","","","User","05 Jun 2026 (06:58:11 pm)"
"Madalina Neagu","Neagumadalina36@gmail.com","44","7404631390","","","User","05 Jun 2026 (01:03:08 pm)"
"Piyush","piyush.warr@gmail.com","91","7976843547","","","Marketing Team","05 Jun 2026 (07:49:38 am)"
"ASIA BAKARI","user7903626222@gmail.com","44","7903626222","","","User","04 Jun 2026 (10:57:03 pm)"
"user15510825595","user15510825595@gmail.com","49","15510825595","","","User","04 Jun 2026 (07:56:22 pm)"
"user9158718825","user9158718825@gmail.com","234","9158718825","","","User","03 Jun 2026 (09:58:04 pm)"
"Derek Okyere-Wireko Antwi","Derekokyere2023@gmail.com","44","15153109777","","","User","03 Jun 2026 (05:02:50 pm)"
"Alina huma","Ailynailyn633@yahoo.com","44","7944125074","","","User","03 Jun 2026 (05:02:02 pm)"
"christian","user7484739071@gmail.com","44","7484739071","","","User","03 Jun 2026 (04:54:06 pm)"
"Mulisha yayah - Ayub client","user7475480878@gmail.com","44","7475480878","","","User","03 Jun 2026 (04:51:57 pm)"
"Shabbeer Jamadar","Shabbeerjamadar5477@gmail.com","91","9620780728","","","User","03 Jun 2026 (04:31:25 pm)"
"Mihaela Crina Stan","cristinelstan74@yahoo.com","44","7447901923","","","User","03 Jun 2026 (02:08:31 pm)"
"jasmeen kaur","Jasmeenqqr@gmail.com","44","7417507550","","","User","02 Jun 2026 (04:01:04 pm)"
"YP SIR LEAD","user4001347@gmail.com","1","5304001347","","","User","02 Jun 2026 (03:09:55 pm)"
"Sammy(YP SIR)","user7346878260@gmail.com","+44","7346878260","","","User","02 Jun 2026 (03:05:56 pm)"
"Gabriela Mocanu","user7426040287@gmail.com","44","7426040287","","","User","02 Jun 2026 (02:38:43 pm)"
"Jimmy","robertmihaiconstantin1@gmail.com","44","7459898842","","","User","01 Jun 2026 (09:30:47 pm)"
"Rozine Masamba","Rozineonly@gmail.com","44","7512133823","","","User","01 Jun 2026 (06:38:37 pm)"
"user8789636152","user8789636152@gmail.com","91","8789636152","","","User","31 May 2026 (03:59:06 pm)"
"Shelin Emilova Rusinova","Shellyna777@gmail.com","44","7783554033","","","User","31 May 2026 (02:02:01 pm)"
"Kiran Rai","kiratkaur3321@gmail.com","44","7352699757","","","User","30 May 2026 (06:37:14 pm)"
"Ponit Singh","singhponit992@gmail.com","+1","6472157786","","","User","29 May 2026 (02:08:11 pm)"
"Jiza James","jizajames123@gmail.com","91","8304892640","","","User","28 May 2026 (09:12:20 pm)"
"user910284310","user910284310@gmail.com","211","910284310","","","User","28 May 2026 (05:34:29 pm)"
"user","user@gmail.com","","","","","User","28 May 2026 (03:53:07 pm)"
"Mariya Krasteva","mimkrasteva@gmail.com","44","7454259525","","","User","27 May 2026 (11:14:25 pm)"
"Daksh Goel","user487596936@gmail.com","61","487596936","","","User","27 May 2026 (01:52:30 pm)"
"love","love.wm@gmail.com","91","7856984324","","","Super Admin","27 May 2026 (05:46:09 am)"
"user7046844156","user7046844156@gmail.com","91","7046844156","","","User","26 May 2026 (11:54:55 pm)"
"Mariya Bekyarova","mariyabekyarova@yahoo.co.uk","359","876821945","","","User","26 May 2026 (02:42:06 pm)"
"Dixy Davis","dixy1221@gmail.com","44","7352676499","","","User","25 May 2026 (11:46:31 pm)"
"Mariya Shaju","mariyashaju391@gmail.com","91","9048003254","","","User","25 May 2026 (11:42:29 pm)"
"Rihan ali","user17680357169@gmail.com","49","17680357169","","","User","25 May 2026 (11:34:16 pm)"
"Lynette Afriyie-manu","lynetteafriyiemanu@gmail.com","","","","","User","25 May 2026 (08:39:26 pm)"
"Gabriel chitu","gabrielr.chitu@gmail.com","44","7442656509","","","User","25 May 2026 (11:32:04 am)"
"user8696200258","user8696200258@gmail.com","","8696200258","","","User","25 May 2026 (09:57:26 am)"
"Amanpreet singh","Amanpreetsingh7856@gmail.com","44","7466152542","","","User","24 May 2026 (02:10:08 pm)"
"Joy","kuolachai@yahoo.com","44","7417424323","","","User","23 May 2026 (09:47:43 pm)"
"Abhijith Sankar","abhijithsankar96@gmail.com","91","9567892116","","","User","23 May 2026 (08:58:36 pm)"
"Amit Zala","amitzala245@gmail.com","91","9768709213","","","User","23 May 2026 (02:06:22 pm)"
"YULIYANA  PETROVA","djiliyana86@gmail.com","44","7456803907","","","User","23 May 2026 (01:22:59 pm)"
"ALEXANDRA frija","frija_alexandra@yahoo.com","44","7444453936","","","User","23 May 2026 (12:05:21 pm)"
"Doreen","doreenlorna@yahoo.co.uk","44","7939684572","","","User","22 May 2026 (04:19:30 pm)"
"Paul Strengar","paulstrengar@gmail.com","44","7828877287","","","User","22 May 2026 (02:28:08 pm)"
"sahara","sahara.jahan@yahoo.com","44","7752930838","","","User","22 May 2026 (02:00:02 pm)"
"Ali mjbour","Makana.majbour@gmail.com","49","17661870356","","","User","21 May 2026 (10:17:01 pm)"
"STELLON TORAS","stellonpaultoras@gmail.com","91","9700797117","","","User","21 May 2026 (06:33:29 pm)"
"ali","ali@gmail.com","","1010101010101","","","Unknown","21 May 2026 (12:00:01 pm)"
"Souzie Kasanda","souziek@yahoo.co.uk","44","7810352235","","","User","20 May 2026 (10:14:11 pm)"
"user7309396296","user7309396296@gmail.com","44","7309396296","","","User","20 May 2026 (08:55:21 pm)"
"COSMIN VLADEANU","cosmyn17@gmail.com","40","7767952421","40","750205044","User","20 May 2026 (08:23:04 pm)"
"user7367770100","user7367770100@gmail.com","44","7367770100","","","User","20 May 2026 (07:06:26 pm)"
"Corina Florentina Banu","user7383913364@gmail.com","44","7383913364","","","User","19 May 2026 (09:22:44 pm)"
"user3296752798","user3296752798@gmail.com","92","3296752798","","","User","19 May 2026 (03:00:23 pm)"
"user751535809","user751535809@gmail.com","256","751535809","","","User","19 May 2026 (02:59:37 pm)"
"MANU LYNETTE","user7947188713@gmail.com","44","7947188713","","","User","18 May 2026 (09:45:44 pm)"
"user9645392441","user9645392441@gmail.com","91","9645392441","","","User","18 May 2026 (08:22:40 pm)"
"Shebii","user1778346377@gmail.com","49","1778346377","","","User","18 May 2026 (08:14:08 pm)"
"ASHA ACHUTHAN","Ashanair1512@gmail.com","91","9747812240","","","User","18 May 2026 (07:58:45 pm)"
"Monika Barbara Jankowska","user7984319003@gmail.com","44","7984319003","","","User","18 May 2026 (12:50:43 pm)"
"user894726655","user894726655@gmail.com","359","894726655","","","User","17 May 2026 (08:04:09 pm)"
"user7974960666","user7974960666@gmail.com","44","7974960666","","","User","15 May 2026 (01:30:06 pm)"
"user8086025761","user8086025761@gmail.com","91","8086025761","","","User","15 May 2026 (01:29:16 pm)"
"user717027101","user717027101@gmail.com","263","717027101","","","User","15 May 2026 (01:28:23 pm)"
"user8118779525","user8118779525@gmail.com","234","8118779525","","","User","15 May 2026 (01:28:07 pm)"
"Shubham Ghatiya","user@dd","44","7810477026","","","User","15 May 2026 (12:44:02 pm)"
"user7700134650","user7700134650@gmail.com","44","7700134650","","","User","15 May 2026 (11:15:56 am)"
"user7818972327","user7818972327@gmail.com","44","7818972327","","","User","15 May 2026 (08:45:56 am)"
"Ana","anamaria.diaconu0703@yahoo.com","40","751164467","","","User","14 May 2026 (06:18:13 pm)"
"user79676044","user79676044@gmail.com","268","79676044","","","User","14 May 2026 (03:23:58 pm)"
"MP SIR RF. 4","user@gmail.com","","","","","User","14 May 2026 (12:22:17 pm)"
"MPSIR REFRENCE 3","mpsir3@gmail.com","","","","","User","14 May 2026 (12:17:46 pm)"
"MPSIR REFRENCE","mpsir@gmail.com","","","","","User","14 May 2026 (12:07:08 pm)"
"MP sir Refres","testMPsir@gmail.com","","","","","User","14 May 2026 (12:04:47 pm)"
"Rehan","rehan@warrgyizmorsch.com","91","9999988888","","","Marketing Team","14 May 2026 (06:59:10 am)"
"Mubarak Ahmad Badr","mubarakb1972@gmail.com","44","7847272067","","","User","13 May 2026 (10:55:48 pm)"
"Arjun Aswaprathapan","arjunaprathap8@gmail.com","91","9747670399","","","User","13 May 2026 (05:47:32 pm)"
"user1786226321","user1786226321@gmail.com","49","1786226321","","","User","13 May 2026 (04:44:32 pm)"
"user9610092299","user9610092299@gmail.com","91","9610092299","","","User","13 May 2026 (01:27:32 pm)"
"Eric Eduard","vatafueduarderic@gmail.com","44","7379982795","","","User","13 May 2026 (09:57:18 am)"
"user369642216","testrahul@gmail.com","44","369642216","","","User","13 May 2026 (06:52:40 am)"
"Saifur rahman","nurulrahman2018@gmail.com","44","7936984076","","","User","12 May 2026 (08:13:37 pm)"
"Sabahat","sabahatbts44@gmail.com","92","03019790059","","","User","12 May 2026 (02:40:26 pm)"
"Aleena","user7379002490@gmail.com","44","7379002490","","","User","12 May 2026 (10:54:49 am)"
"mdYlZRAySNzuPqKIRavS","e.xo.yitir1.9@gmail.com","44","2114264199","","","User","12 May 2026 (03:25:53 am)"
"Ioan Sebastian Coman","Coman_sebi@yahoo.com","44","7472020389","","","User","11 May 2026 (02:18:18 pm)"
"Olubusayo Adedeji","user7432530857@gmail.com","44","7432530857","","","User","11 May 2026 (01:58:38 pm)"
"Lilia Coliba","user7395832157@gmail.com","+44","7395832157","","","User","11 May 2026 (12:30:56 pm)"
"Piyush","udaipur@9166","+91","9166944605","","","User","11 May 2026 (11:35:34 am)"
"Mirbelys","user7708301565@gmail.com","44","7708301565","","","User","11 May 2026 (07:47:56 am)"
"Krishneel Kumar","krishneelkumar241@gmail.com","679","9501119","","","User","10 May 2026 (12:39:54 am)"
"Erato Charilaou","eratogatula@yahoo.com","44","7459010641","","","User","09 May 2026 (08:35:33 pm)"
"kritika","kritikadoulke@gmail.com","91","8683897951","","","User","09 May 2026 (07:20:13 am)"
"Abhi","user8943441175@gmail.com","91","8943441175","","","User","08 May 2026 (02:52:04 pm)"
"Captain Memo","amanvashistha143@gmail.com","44","06376970397","","","User","08 May 2026 (11:00:33 am)"
"SABIT","abdullahsabit761@gmail.com","880","1806412299","","","User","08 May 2026 (03:17:29 am)"
"user9037316740","user9037316740@gmail.com","234","9037316740","","","User","07 May 2026 (08:14:32 pm)"
"Aeham Mefleh","Aehammefleh1@gmail.com","44","7474120718","","","User","07 May 2026 (07:02:45 pm)"
"kinga kiraly","kiralykinga88@yahoo.com","","","","","User","07 May 2026 (05:40:40 pm)"
"kinga kiraly","user7412638883@gmail.com","44","7412638883","","","User","07 May 2026 (05:21:18 pm)"
"user9340112280","user9340112280@gmail.com","91","9340112280","","","User","07 May 2026 (03:44:15 pm)"
"user780276339","user780276339@gmail.com","44","780276339","","","User","07 May 2026 (03:06:38 pm)"
"aman","amanvashistha9680@gmail.com","44","9680089893","","","User","07 May 2026 (10:56:37 am)"
"fxPGFFFupUjxXkQHBlU","ot.in.o.g.i.bi.c3.8.7@gmail.com","44","4761172792","","","User","07 May 2026 (03:26:01 am)"
"user7897473124","user7897473124@gmail.com","91","7897473124","","","User","06 May 2026 (07:21:14 pm)"
"user9896039450","user9896039450@gmail.com","91","9896039450","","","User","06 May 2026 (06:58:09 pm)"
"Vasilica Mocanu","Vasilicamocanu1@gmail.com","44","7414183809","","","User","06 May 2026 (06:57:37 pm)"
"Maria Mandis","maria.mandis27@gmail.com","44","7761789769","","","User","06 May 2026 (03:05:49 pm)"
"Morenzi Hashimwimana","Morenzis@gmail.com","44","7749173249","","","User","06 May 2026 (02:50:28 pm)"
"Bency","bencyjames1996@gmail.com","49","17676963405","","","User","06 May 2026 (12:23:10 pm)"
"Mary marandu","marandumary97@gmail.com","44","0753912489","","","User","06 May 2026 (05:08:52 am)"
"tdiFMKvEVPhChYPlSFBbrSl","i.no.pa.xid.u.c.8.4.9@gmail.com","44","5438070786","","","User","06 May 2026 (12:45:36 am)"
"Tousif Islam","itousif134@gmail.com","880","1742277000","","","User","05 May 2026 (08:31:11 pm)"
"user677099731","user677099731@gmail.com","237","677099731","","","User","05 May 2026 (07:27:11 pm)"
"zdMExcxyOcpKAQNUNzh","vay.e.w.it.ug417@gmail.com","44","6022126050","","","User","05 May 2026 (05:03:56 pm)"
"Christina Milea","Lifedianna@yahoo.com","44","7440235888","","","User","05 May 2026 (04:46:39 pm)"
"Segun David","davidasanga4@gmail.com","44","7476413309","","","User","05 May 2026 (03:00:07 pm)"
"Vasile Dorel","dorufilmari@yahoo.com","44","7826907932","","","User","05 May 2026 (02:21:23 pm)"
"mizdeace","liresedcomp@gismail.online","","","","","User","05 May 2026 (03:19:00 am)"
"Tushar","Txhr09@gmail.com","91","8851776433","","","User","04 May 2026 (09:45:02 am)"
"user7399748090","user7399748090@gmail.com","44","7399748090","","","User","03 May 2026 (08:19:44 pm)"
"user771497906","user771497906@gmail.com","263","771497906","","","User","03 May 2026 (11:49:46 am)"
"user7761958971","user7761958971@gmail.com","44","7761958971","","","User","02 May 2026 (09:50:04 pm)"
"Keshav Rana","Keshavrana219@gmail.com","44","7798796126","","","User","01 May 2026 (08:49:18 pm)"
"POORVIKA","deepakchauhandcha@gmail.com","91","7411357297","","","User","01 May 2026 (06:52:35 pm)"
"Natalia Olaru","nataliacatuk@gmail.com","44","7979420066","","","User","01 May 2026 (12:43:21 pm)"
"amlu krishna","amlukrishna03@gmail.com","91","7902519676","","","User","01 May 2026 (12:09:13 pm)"
"morwesi","mohamimorwesi45@gmail.com","27","0767761010","","","User","30 Apr 2026 (07:52:42 am)"
"kakaire alex","alexkakaire74@gmail.com","33","0759378650","","","User","30 Apr 2026 (07:02:33 am)"
"Libin Xavier Akkarapattiakkal","libin.xavier@yahoo.com","49","15237101832","","","User","29 Apr 2026 (08:12:28 pm)"
"VERGINIYA ASENOVA ARSOVA","venka2372@gmail.com","44","7554840320","","","User","29 Apr 2026 (06:18:40 pm)"
"Patryk Lyzczarz","Exelityy1@gmail.com","44","7475504512","","","User","29 Apr 2026 (02:44:25 pm)"
"Depp","user1777989657@gmail.com","49","1777989657","","","User","29 Apr 2026 (02:41:12 pm)"
"DEERU","user7344781380@gmail.com","44","7344781380","","","User","29 Apr 2026 (02:40:52 pm)"
"Ibrahim Osman Ali","io7574597@gmail.com","252","618264354","","","User","29 Apr 2026 (12:00:35 pm)"
"Mirbelys Rangel","mirbelysrangeluk@gmail.com","","","","","User","28 Apr 2026 (09:50:19 pm)"
"user618264354","user618264354@gmail.com","252","618264354","","","User","28 Apr 2026 (03:37:16 pm)"
"Meenu Sevi","meenukoikkara@gmail.com","44","7796605616","","","User","27 Apr 2026 (10:41:20 pm)"
"kolby isaiah Carlton","kolby.carlton@icloud.com","1","2059104347","","","User","27 Apr 2026 (08:18:02 pm)"
"user9012031401","user9012031401@gmail.com","91","9012031401","","","User","27 Apr 2026 (07:11:00 pm)"
"user75400309","user75400309@gmail.com","232","75400309","","","User","27 Apr 2026 (07:10:46 pm)"
"Emmanuel Chomba","emmanuelchomba979@gmail.com","260","775552738","","","User","27 Apr 2026 (04:00:00 pm)"
"Amal","amalbenoy67@gmail.com","44","7352674071","","","User","27 Apr 2026 (03:00:09 pm)"
"Daniel varodi","Dani.varodi@yahoo.com","44","7500365345","","","User","27 Apr 2026 (02:51:22 pm)"
"Gianina Stoica","stoicagianina99@gmail.com","44","7944870540","","","User","27 Apr 2026 (07:04:41 am)"
"Mamta Kumari","mk3503142@gmail.com","91","7625945931","","","User","27 Apr 2026 (06:40:15 am)"
"BxCsrXGRYlfEfXIZvJovPS","owu.n.u.zaxa.907@gmail.com","44","9589604276","","","User","26 Apr 2026 (10:30:13 pm)"
"user3429049735","user3429049735@gmail.com","92","3429049735","","","User","26 Apr 2026 (02:05:54 pm)"
"Irfaan Jameel","example@gmail.com","44","0987654321","","","User","26 Apr 2026 (01:36:46 pm)"
"Paul","paulcolson20@hotmail.com","","","","","User","26 Apr 2026 (09:53:30 am)"
"Cosmin Ferent","ferent_cosmin95@yahoo.com","44","7521099009","","","User","25 Apr 2026 (08:42:43 pm)"
"Tanvi singhania","you@example.com","44","1234567890","","","User","25 Apr 2026 (12:42:17 pm)"
"Andrzej Gajewski","andrzejgajewskiashford@gmail.com","44","7702073015","","","User","24 Apr 2026 (10:11:43 pm)"
"Mihaela Panainte","Panainte.mimi35@gmail.com","44","7585199917","","","User","24 Apr 2026 (10:06:49 pm)"
"Polina","user7466887572@gmail.com","44","7466887572","","","User","24 Apr 2026 (12:51:34 pm)"
"Mir Faizan Ali","mirfaizanali1996@gmail.com","44","7352697329","","","User","23 Apr 2026 (10:49:40 pm)"
"SWaXqGIDehufICGZbkDOGjhP","mi.l.an.a.tt.ri@gmail.com","44","8311183118","","","User","23 Apr 2026 (10:41:46 pm)"
"NmOiQrbAAHxXQMMGzymRb","monica.frey@outlook.com","44","5189283089","","","User","23 Apr 2026 (09:55:45 pm)"
"fKUcMOqlRDFyhKIpkfQ","cindylou454@aol.com","44","8385853346","","","User","23 Apr 2026 (06:04:56 pm)"
"WFUuMJpstNFlpImVKhdYwVmw","ohi.o.db@gmail.com","44","7269731419","","","User","23 Apr 2026 (02:04:40 pm)"
"Haseeb Shaukat","user3157499143@gmail.com","92","3157499143","","","User","23 Apr 2026 (11:50:56 am)"
"COJnkLdUynqqRpPJAzVUjLp","l.a.ha.ck.e.t.t@gmail.com","44","8701929253","","","User","23 Apr 2026 (09:02:43 am)"
"XhhaTlFMUtOFakJI","ne.w.m.a.nmdave@gmail.com","44","9024680038","","","User","23 Apr 2026 (05:34:13 am)"
"JOSEPHINE NABAWEESI","sbanturaki_72@yahoo.com","44","7462665677","","","User","22 Apr 2026 (08:21:04 pm)"
"Andreea Costea","costeaandreea243@yahoo.com","44","7443272710","","","User","22 Apr 2026 (08:20:22 pm)"
"Mohamed Mahoi","mmahoi300@gmail.com","44","7459610597","","","User","22 Apr 2026 (06:42:26 pm)"
"Valeriu-Nicusor Stoian","Stoian.valeriu91@icloud.com","44","7496744422","","","User","22 Apr 2026 (11:39:33 am)"
"fDwCVEzlmBcvBvGJfSarCD","cvilla355@yahoo.co.uk","44","4208676593","","","User","21 Apr 2026 (10:15:14 pm)"
"blHcybhoMGHhlFAl","contact@lauranguyen.ca","44","7855318104","","","User","21 Apr 2026 (09:59:20 pm)"
"Mihaela Gabriela","iacobmg1981@gmail.com","44","7404712918","","","User","21 Apr 2026 (06:17:11 pm)"
"pTLOazgTbKsSQptiSsxTT","md.u.tk.a@gmail.com","44","5410015411","","","User","21 Apr 2026 (03:25:29 pm)"
"zvJSLkmjwcFxLsyWSC","contact@armorlab.fr","44","4021383349","","","User","21 Apr 2026 (01:41:02 pm)"
"Nguemeta","Nguemetarivaldo10@gmail.com","44","689845926","","","User","21 Apr 2026 (04:15:35 am)"
"hlfHTxbguWRdklRwnaCw","n.enexx.l69@gmail.com","44","4383159344","","","User","21 Apr 2026 (01:06:57 am)"
"faENjCqGXHvxcwQJqHBP","qian_an@msn.com","44","3871812313","","","User","20 Apr 2026 (11:00:25 pm)"
"Zahra khan","mohammadadamrahman987@gmail.com","44","7405458282","","","User","20 Apr 2026 (09:05:59 pm)"
"Manthan Nareshbhai Tejani","manthan.tejani123@gmail.com","91","6353676822","","","User","20 Apr 2026 (09:04:58 pm)"
"gGQHvuNNAZkoolAGY","rob.oe.j.s.m.o@gmail.com","44","6312879452","","","User","20 Apr 2026 (04:04:18 pm)"
"Gheorghe ungureanu","Iancu.ungureanu@yahoo.co.uk","44","7453301318","","","User","20 Apr 2026 (04:01:09 pm)"
"Abagail Howe","hallie9@mdhmx.com","1","5312018708","","","User","20 Apr 2026 (02:19:28 pm)"
"Loyce Halvorson","miracle.bins@tf-info.com","44","460229418","","","User","20 Apr 2026 (02:12:38 pm)"
"wxrkHaCAhYqEKWsiJjCPX","mat.t.lu.nn.1.98.5@gmail.com","44","7910027047","","","User","20 Apr 2026 (01:31:55 pm)"
"lzffXiRnUGJhoErFB","tho.mp.s.on.i.yar.e@gmail.com","44","3838429582","","","User","20 Apr 2026 (07:59:27 am)"
"bFKHpKQrVObjvdzM","l.e.x.i.w.o.neq.u.131@gmail.com","44","2706999621","","","User","19 Apr 2026 (07:41:14 pm)"
"user7404113238","user7404113238@gmail.com","44","7404113238","","","User","19 Apr 2026 (11:46:55 am)"
"oCHnWpaLSgBhhBOtPqxMxM","aqac.i.vi.c9.1@gmail.com","44","6713687291","","","User","19 Apr 2026 (03:54:24 am)"
"Cristina Diana Leustean","diana8511@yahoo.com","44","7876096036","","","User","18 Apr 2026 (03:23:22 pm)"
"Navya Singh","navyal0hana7500@gmail.com","91","6206151840","","","User","18 Apr 2026 (09:54:51 am)"
"Aaditya Kumar Baitha","aadityarajak385@gmail.com","977","9767728599","","","User","18 Apr 2026 (09:05:45 am)"
"Asad Malik","asadmuet18@gmail.com","92","03053235035","","","User","18 Apr 2026 (05:29:20 am)"
"Sreeraj Rajesh","user7798776185@gmail.com","44","7798776185","","","User","17 Apr 2026 (08:32:23 pm)"
"user7943908558","user7943908558@gmail.com","44","7943908558","","","User","17 Apr 2026 (08:15:39 pm)"
"Aya","user7460590593@gmail.com","44","7460590593","","","User","17 Apr 2026 (03:09:53 pm)"
"Cristina Dinu","Crisstinaa.dinu@gmail.com","44","7440079871","","","User","17 Apr 2026 (12:04:42 pm)"
"Pragya pandey","ppragya935@gmail.com","91","8175924253","","","User","17 Apr 2026 (10:37:55 am)"
"KAVITA GOME","gomekavita703@gmail.com","","","","","User","16 Apr 2026 (10:16:31 pm)"
"Miroslav cvoren","Mirekcvoren90@gmail.com","44","7354314351","","","User","16 Apr 2026 (08:04:57 pm)"
"user9113491302","user9113491302@gmail.com","91","9113491302","","","User","16 Apr 2026 (06:12:58 pm)"
"Runa Begum","Sabiachoudhury75@hotmail.com","44","7402119869","","","User","16 Apr 2026 (05:45:26 pm)"
"Arun","user7477879410@gmail.com","44","7477879410","","","User","16 Apr 2026 (02:52:07 pm)"
"Catalina Solescu","kty_sol@icloud.com","","","","","User","16 Apr 2026 (11:12:35 am)"
"George Epurescu","george.marius@icloud.com","44","7424077664","","","User","15 Apr 2026 (10:46:52 pm)"
"Rabia Mustafa","g_mustafa_1979@yahoo.com","44","7402434888","","","User","15 Apr 2026 (10:44:41 pm)"
"Larisa Mpoy","Larisampoy@gmail.com","44","7703383769","","","User","15 Apr 2026 (03:00:41 pm)"
"Hein","coeus.11102021@gmail.com","66","997209961","","","User","15 Apr 2026 (02:57:16 pm)"
"IONUT MAZILU","ionut.mazilu92@yahoo.co.uk","44","7392053309","","","User","14 Apr 2026 (11:19:34 pm)"
"Natasha Osei-Bonsu","Tashaosei18@gmail.com","44","7492625446","","","User","14 Apr 2026 (11:05:28 pm)"
"Mohammed S Shanavas","Sinanrawther@gmail.com","44","7442148251","","","User","14 Apr 2026 (11:01:03 pm)"
"Ionut Dima","ionutdima2015@gmail.com","44","7990322252","","","User","14 Apr 2026 (10:46:48 pm)"
"Tudor-Cosmin Ilies","user7388113401@gmail.com","44","7388113401","","","User","14 Apr 2026 (10:44:12 pm)"
"Samar Khurana","sherrinkhurana98@gmail.com","44","7721096698","","","User","14 Apr 2026 (05:40:28 pm)"
"Valentin Mihalache","mihalalachevalentin@gmail.com","44","7749784418","","","User","14 Apr 2026 (05:39:41 pm)"
"Catalina Maria Coatu","Catalinamariacoatu@yahoo.com","44","7534853810","","","User","14 Apr 2026 (04:05:25 pm)"
"Elsa","user7771077476@gmail.com","44","7771077476","","","User","14 Apr 2026 (03:11:28 pm)"
"Kavita gome","gomekavita703@gmail.com","44","7467716099","","","User","14 Apr 2026 (02:16:53 pm)"
"Anam","anamulhoq375@gmail.com","49","1793981771","","","User","14 Apr 2026 (02:16:23 pm)"
"Albin sabu","andriaajai17@gmail.com","49","15566053156","","","User","14 Apr 2026 (02:13:40 pm)"
"Jones Adeniyi","adeniyijones77@gmail.com","44","7437697770","","","User","13 Apr 2026 (03:04:28 pm)"
"Sabreen","sabreensheikh21@gmail.com","91","9219421198","","","User","13 Apr 2026 (02:53:12 pm)"
"Su Hnin Wai","stephaniewai.shw@gmail.com","49","1784287754","","","User","13 Apr 2026 (12:19:09 pm)"
"Zurema Luis","zuremadcluis@gmail.com","+44","7393026147","","","User","13 Apr 2026 (11:53:13 am)"
"Catalina Solescu","Kty_sol@icloud.com","44","7454929909","","","User","13 Apr 2026 (11:38:51 am)"
"ARUN YADAV","ankitkumar8245@gmail.com","91","9608109582","","","User","13 Apr 2026 (07:56:03 am)"
"Hasan Morshed","sifatsd91@gmail.com","44","7478997444","","","User","12 Apr 2026 (08:28:23 pm)"
"user9165315510","user9165315510@gmail.com","234","9165315510","","","User","11 Apr 2026 (08:07:42 pm)"
"user7448852442","user7448852442@gmail.com","44","7448852442","","","User","11 Apr 2026 (05:08:21 pm)"
"user787229384","user787229384@gmail.com","263","787229384","","","User","10 Apr 2026 (07:13:23 pm)"
"Tapiwa","talentrusere@yahoo.com","1","4415369509","","","User","10 Apr 2026 (05:19:30 pm)"
"user7069368746","user7069368746@gmail.com","234","7069368746","","","User","10 Apr 2026 (02:58:09 pm)"
"user7712520970","user7712520970@gmail.com","44","7712520970","","","User","10 Apr 2026 (02:57:54 pm)"
"user7714128164","user7714128164@gmail.com","44","7714128164","","","User","10 Apr 2026 (02:57:42 pm)"
"Ishita Shrivastava","ishitashrivastava333@gmail.com","91","7489911467","","","User","10 Apr 2026 (11:34:20 am)"
"Dragos buia","roscameda5@gmail.com","44","7599516347","","","User","09 Apr 2026 (06:51:05 pm)"
"user8593857374","user8593857374@gmail.com","91","8593857374","","","User","09 Apr 2026 (02:56:53 pm)"
"Yadav sahab","sg.yadav2025@gmail.com","44","7440641144","","","User","09 Apr 2026 (02:38:23 pm)"
"user7776747866","user7776747866@gmail.com","44","7776747866","","","User","08 Apr 2026 (10:05:54 pm)"
"zaneeshaali4","zaneeshaali464@gmail.com","","","","","User","08 Apr 2026 (06:10:13 pm)"
"user787666077","user787666077@gmail.com","250","787666077","","","User","08 Apr 2026 (05:39:30 pm)"
"user9720352217","user9720352217@gmail.com","91","9720352217","","","User","08 Apr 2026 (05:07:41 pm)"
"user15755862703","user15755862703@gmail.com","49","15755862703","","","User","08 Apr 2026 (04:19:43 pm)"
"Nithy","nithyt27@gmail.com","44","7882764048","","","User","08 Apr 2026 (02:55:30 pm)"
"Fazal Abbas","fazal535ggg@gmail.com","92","3476620139","","","User","08 Apr 2026 (08:28:28 am)"
"Sophia","nwokoriesophia73@gmail.com","351","920744577","","","User","07 Apr 2026 (02:54:09 pm)"
"user7063750660","user7063750660@gmail.com","234","7063750660","","","User","07 Apr 2026 (02:50:04 pm)"
"Randeep kaur","ssidhurandeep@gmail.com","44","7727387259","","","User","07 Apr 2026 (02:38:16 pm)"
"Sam","alhawars@gmx.com","966","506888627","","","User","07 Apr 2026 (12:33:31 pm)"
"Sandra Agyeman","Sandraagyeman123@gmail.com","44","7714347222","","","User","06 Apr 2026 (10:29:11 pm)"
"Pali","Bhavepali@gmail.com","44","7724284748","","","User","06 Apr 2026 (06:33:52 pm)"
"user8847416597","user8847416597@gmail.com","91","8847416597","","","User","06 Apr 2026 (04:19:56 pm)"
"user7587276909","user7587276909@gmail.com","44","7587276909","","","User","05 Apr 2026 (04:08:04 pm)"
"user3177132114","user3177132114@gmail.com","92","3177132114","","","User","05 Apr 2026 (03:45:41 pm)"
"user7763824070","user7763824070@gmail.com","44","7763824070","","","User","04 Apr 2026 (06:07:26 pm)"
"user9930929916","user9930929916@gmail.com","91","9930929916","","","User","03 Apr 2026 (05:14:17 pm)"
"Mihai Simion","simionmihai2208@gmail.com","44","7469809369","","","User","03 Apr 2026 (02:24:38 pm)"
"DESHRAJ SINGH","dssingh8746@gmail.com","91","8601037663","","","User","03 Apr 2026 (09:05:08 am)"
"user7488775799","user7488775799@gmail.com","44","7488775799","","","User","02 Apr 2026 (07:35:28 pm)"
"Laulau Shine","Laurentine.m20@yahoo.com","44","7932553131","","","User","02 Apr 2026 (02:59:44 pm)"
"Jenard premachandran","Jenadtamil06@gmail.com","44","7931556876","","","User","02 Apr 2026 (02:59:29 pm)"
"Arundhathy Anil","arundhathyanil.95@gmail.com","44","7741981945","","","User","02 Apr 2026 (02:54:04 pm)"
"Emil-Costel Zabalotnicu","steelemil@yahoo.com","44","7385210801","","","User","02 Apr 2026 (02:44:48 pm)"
"Manish Patidar","manishpatidar5519@gmail.com","44","1234567895","","","User","02 Apr 2026 (10:08:33 am)"
"Veelusamy M","veelusamym@gmail.com","44","6381271716","","","User","01 Apr 2026 (02:24:38 pm)"
"Mehak Farooq","mehak.khokhar253@gmail.com","971","543177089","","","User","01 Apr 2026 (11:43:07 am)"
"Mmaserame","mmaseramebodirwa@gmail.com","27","677708886","","","User","01 Apr 2026 (10:31:17 am)"
"Naina Self","nainawarrgyizmorsch@gmail.com","","","","","Sub Writer","01 Apr 2026 (05:18:55 am)"
"user7413747641","user7413747641@gmail.com","44","7413747641","","","User","31 Mar 2026 (08:21:34 pm)"
"Sonam Singh","ssonam8756singh@gmail.com","44","07887137569","","","User","31 Mar 2026 (04:39:54 pm)"
"PARIYA SEHZAD","user99987995@gmail.com","356","99987995","","","User","31 Mar 2026 (02:49:51 pm)"
"mbeiza moreen","mbeizamomo@gmail.com","44","0756403035","","","User","30 Mar 2026 (09:43:00 pm)"
"user9400953337","user9400953337@gmail.com","91","9400953337","","","User","30 Mar 2026 (09:27:08 pm)"
"user7413190897","user7413190897@gmail.com","44","7413190897","","","User","30 Mar 2026 (04:24:38 pm)"
"Sem","khatoon25788@gmail.com","44","7863537854","","","User","29 Mar 2026 (01:01:03 pm)"
"Gagan","Gagandeep76925@gmail.com","1","6476573151","","","User","29 Mar 2026 (12:18:49 pm)"
"Tanganedzani marylyn madudumela","mtanganedzanimarylyn@gmail.com","27","0677621355","","","User","28 Mar 2026 (08:44:10 pm)"
"Jenny Goia-Vieira","Jenny84vieira@gmail.com","44","7958237953","","","User","28 Mar 2026 (04:44:36 pm)"
"Kristen Schindler","krissykristian@yshoo.com","44","3526723382","","","User","28 Mar 2026 (01:11:31 pm)"
"Deepak Kumar","deepak16ap@gmail.com","91","917206496116","","","User","27 Mar 2026 (02:06:54 pm)"
"user687770345","user687770345@gmail.com","+27","687770345","","","User","27 Mar 2026 (01:49:16 pm)"
"user7043633904","user7043633904@gmail.com","234","7043633904","","","User","27 Mar 2026 (01:48:51 pm)"
"St Matthews unit","stmatthewsunit@smhc.uk.com","44","7747347349","","","User","27 Mar 2026 (01:32:24 pm)"
"Subramanian","user1638147351@gmail.com","49","1638147351","","","User","27 Mar 2026 (01:26:44 pm)"
"blindu florin","Blinduflorin04@gmail.com","44","7479442874","","","User","27 Mar 2026 (10:54:56 am)"
"user7415400083","user7415400083@gmail.com","44","7415400083","","","User","26 Mar 2026 (10:09:21 pm)"
"Jean Armoogum","user7562279680@gmail.com","44","7562279680","","","User","26 Mar 2026 (01:55:00 pm)"
"Andrei-Laurentiu Bunea","Bunea.andrei2006@gmail.com","44","7444233641","","","User","25 Mar 2026 (09:24:27 pm)"
"Hadley Kayla","hadleykaylaseo@gmail.com","44","03019157092","","","User","25 Mar 2026 (08:10:47 pm)"
"user7350332175","user7350332175@gmail.com","44","7350332175","","","User","25 Mar 2026 (06:22:08 pm)"
"Yordanka Manolova","dannimanolova@gmail.com","44","7712814653","","","User","25 Mar 2026 (05:00:48 pm)"
"Jasanjot Singh","user6478026844@gmail.com","1","6478026844","","","User","25 Mar 2026 (04:55:16 pm)"
"Rebecca Thami","rebeccathami77@gmail.com","44","7345252113","","","User","25 Mar 2026 (01:56:57 pm)"
"Laura Golicza","user7749060840@gmail.com","44","7749060840","","","User","24 Mar 2026 (05:02:19 pm)"
"new","user7787680419@gmail.com","44","7787680419","","","User","24 Mar 2026 (02:04:33 pm)"
"Roshni Gurung","gurungroshni630@gmail.com","","","","","User","24 Mar 2026 (01:50:06 pm)"
"Sara Adam","saraadamismyname@gmail.com","44","7440452405","","","User","24 Mar 2026 (12:45:21 am)"
"Odunayo idowu","Odunbosede02@gmail.com","44","7345313565","","","User","23 Mar 2026 (09:48:18 pm)"
"Catalina branici","Catalinabranici@gmail.com","44","7365554222","","","User","23 Mar 2026 (09:36:51 pm)"
"JIBIN JIMMY","jibinjimmy3661@gmail.com","353","899805934","","","User","23 Mar 2026 (09:23:20 pm)"
"Aman","amanvashistha9680@gamil.com","44","9680089893","","","User","23 Mar 2026 (06:00:19 am)"
"amam","amanf@gmal.com","44","9680089893","","","User","23 Mar 2026 (05:51:41 am)"
"Roshni","user9767593522@gmail.com","977","9767593522","44","7344062831","User","22 Mar 2026 (07:21:15 pm)"
"Tahmid al wadud","tahmidrj18@gmail.com","44","7868943205","","","User","22 Mar 2026 (07:11:04 pm)"
"user1608364138","user1608364138@gmail.com","49","1608364138","","","User","22 Mar 2026 (06:56:08 pm)"
"Daniela Popovici","dana.dmp26@gmail.com","44","7405947527","","","User","22 Mar 2026 (02:12:46 pm)"
"Dhruval Varma","dhruvalvarma3699@gmail.com","49","17631397191","49","1777996520","User","20 Mar 2026 (06:28:31 pm)"
"user8953056035","user8953056035@gmail.com","91","8953056035","","","User","20 Mar 2026 (05:33:24 pm)"
"Lukas Balog","lukasbalog1622@gmail.com","44","7774132932","","","User","20 Mar 2026 (05:23:12 pm)"
"Nana Bonsu","Edenadjowa@gmail.com","44","7944880034","","","User","20 Mar 2026 (04:13:05 pm)"
"Poorvi shetty","poorvishetty637@gmail.com","44","08050138782","","","User","20 Mar 2026 (05:35:53 am)"
"user7849794990","user7849794990@gmail.com","44","7849794990","","","User","19 Mar 2026 (10:02:51 pm)"
"Jamshid hakimyar","Axejay.hotmail@hotmail.com","44","7533417357","","","User","19 Mar 2026 (04:03:22 pm)"
"user9214156857","user9214156857@gmail.com","91","9214156857","","","User","18 Mar 2026 (09:18:11 pm)"
"Vahora Ss","saifil3138@gmail.com","44","7405718235","","","User","18 Mar 2026 (05:41:34 pm)"
"Daniel Gheorghita Valcu","Valcu.daniel79@gmail.com","44","7501707846","","","User","18 Mar 2026 (01:28:07 pm)"
"user7352691175","user7352691175@gmail.com","44","7352691175","","","User","17 Mar 2026 (10:13:38 pm)"
"MR F VIJU","Felixviju@gmail.com","44","7568749443","","","User","17 Mar 2026 (06:09:17 pm)"
"Raphael aidoo","aidoo_raphael@yahoo.com","44","7494452449","","","User","17 Mar 2026 (04:06:58 pm)"
"user817353873","user817353873@gmail.com","264","817353873","","","User","17 Mar 2026 (04:01:05 pm)"
"Jesse Boateng","Jesscocent@yahoo.com","44","7960224822","","","User","17 Mar 2026 (11:55:18 am)"
"Andreea Damian","Deea.andreea8994@yahoo.com","44","7478864970","","","User","17 Mar 2026 (10:08:49 am)"
"Maria","mariadedy@yahoo.it","","","","","User","17 Mar 2026 (10:07:08 am)"
"Mohini","mohinikumari82036@gmail.com","91","7500281165","","","User","17 Mar 2026 (06:37:10 am)"
"Priyanka Bhattarai","priyankachori@gmail.com","44","07399622555","","","User","16 Mar 2026 (11:50:49 pm)"
"Simona Iftime","Smiftime13@gmail.com","44","7379735423","","","User","16 Mar 2026 (10:04:26 pm)"
"Riya lakhani","rihalakhani11@gmail.com","971","568088263","","","User","16 Mar 2026 (04:11:29 pm)"
"Akimana Arnaud","arnaudkmn@gmail.com","257","65852748","","","User","16 Mar 2026 (06:05:15 am)"
"swajeetgadade1@gmail.com","swajeetgagade1@mail.com","","","","","User","15 Mar 2026 (01:07:32 pm)"
"swajeet","swajeetgadade1@gmail.com","91","9689697998","","","User","15 Mar 2026 (12:59:17 pm)"
"Numan Elahi","numan.elahi55199@gmail.com","44","7377595711","","","User","15 Mar 2026 (12:21:19 pm)"
"user8640044923","user8640044923@gmail.com","91","8640044923","","","User","14 Mar 2026 (07:48:10 pm)"
"Iosif Gheorghe Popescu","user7760688999@gmail.com","44","7760688999","","","User","14 Mar 2026 (07:47:05 pm)"
"Hanaa jassim","Henaalhenzy001@yahoo.com","44","7883040153","","","User","14 Mar 2026 (06:07:19 pm)"
"sCRJtiiqjrerhmVsbV","o.y.o.bumi.f.o.24.3@gmail.com","44","9949625128","","","User","13 Mar 2026 (09:28:00 pm)"
"CInwmZaUvxGjiYKsBKuIvhkg","grimmn@roberts.edu","44","4901239689","","","User","13 Mar 2026 (06:23:13 pm)"
"Raj Chettri","rajchettrir123@gmail.com","91","6294345426","","","User","13 Mar 2026 (04:32:30 pm)"
"Harmanjot singh","Harmanharry8080@gmail.com","44","7767970677","","","User","13 Mar 2026 (01:38:43 pm)"
"Nittin Choudhary","choudharynittin5@gmail.com","44","7553179978","","","User","13 Mar 2026 (01:33:30 pm)"
"QwFKMAidKINsnawAzIxDQ","richyrich0223@aol.com","44","7907013775","","","User","13 Mar 2026 (11:30:22 am)"
"Laritngen","lar001469@gmail.com","44","9233320405","","","User","13 Mar 2026 (06:47:22 am)"
"sbnMptCDAmFjSgJgJzcLTw","deanharvey@me.com","44","2166297349","","","User","13 Mar 2026 (02:31:30 am)"
"user5877236074","user5877236074@gmail.com","1","5877236074","","","User","12 Mar 2026 (08:57:30 pm)"
"user17631706431","user17631706431@gmail.com","49","17631706431","","","User","12 Mar 2026 (07:06:04 pm)"
"user79216254","user79216254@gmail.com","232","79216254","","","User","12 Mar 2026 (06:57:21 pm)"
"user7810490975","user7810490975@gmail.com","44","7810490975","","","User","12 Mar 2026 (06:32:45 pm)"
"Kaajal Bg","kaajalgmurthy180620@gmail.com","971","556618604","","","User","12 Mar 2026 (10:27:01 am)"
"QZbgclruYdkWFwwHpXpGtxQ","nd.hdl.lc@gmail.com","44","5282836712","","","User","11 Mar 2026 (09:42:06 pm)"
"mnWiCarefldqsiNJvqU","ve.ig.agil.41@gmail.com","44","8064017590","","","User","11 Mar 2026 (07:59:32 pm)"
"wEshWLaKbEvALpYbokd","a.us.t.in.miles52@gmail.com","44","8426357182","","","User","11 Mar 2026 (06:19:17 pm)"
"user8075395290","user8075395290@gmail.com","91","8075395290","","","User","11 Mar 2026 (06:10:10 pm)"
"XMtBlEGNEeJHvrVqtsqJ","ha.ir.s.tyl.is.t56@gmail.com","44","8475349604","","","User","11 Mar 2026 (05:40:14 pm)"
"Lucie Mukeya Mwenda","luciegarnier@yahoo.com","44","7939487627","","","User","11 Mar 2026 (04:21:19 pm)"
"BVdJfnAVzBpXwrejIbEEZkC","bureau.etude@comelecservices.fr","44","3216352507","","","User","11 Mar 2026 (03:22:24 pm)"
"Cody Arrington","coddy.arrington@gmail.com","92","3496253686","","","User","11 Mar 2026 (03:17:30 pm)"
"fwGselhCHykOaGUzE","dave@rfsmarketinggroup.com","44","7322822819","","","User","11 Mar 2026 (02:37:47 pm)"
"yasmine Bezzecchi","bezzecchiyasmine@gmail.com","44","7311028982","","","User","11 Mar 2026 (02:22:49 pm)"
"Gowthami","gowthamikrishnag2020@gmail.com","91","9061063864","","","User","11 Mar 2026 (02:01:45 pm)"
"Daksh","dakshwarrgyizmorsch@gmail.com","","","","","Sub Writer","11 Mar 2026 (09:45:27 am)"
"Archana chelak","archanachelak1@gmail.com","91","7828863271","","","User","11 Mar 2026 (03:40:23 am)"
"FJUlVdjpvjBglQWJe","info@protectmagic.com","44","3482247867","","","User","10 Mar 2026 (11:35:26 pm)"
"Emestina Silva","pretinhatina.ts@gmail.com","44","7456649335","","","User","10 Mar 2026 (10:18:11 pm)"
"Tiana","uzomagloria26@gmail.com","44","7424448837","","","User","09 Mar 2026 (09:45:55 pm)"
"XBJWfHPUoXQoHSLYRfXuYG","cert@tesorion.nl","44","4544678900","","","User","09 Mar 2026 (09:01:30 pm)"
"Prince Darko","ddjfish@hotmail.co.uk","44","7868863250","","","User","09 Mar 2026 (02:04:36 pm)"
"sVEBVxCQIhWwEnHpHQCwzs","el.omix.et.es.3.2.1@gmail.com","44","8224825764","","","User","09 Mar 2026 (12:13:57 pm)"
"oLSaTvqBDViscGZRxEhuAyDc","drnova@dnovadental.com","44","8296364130","","","User","09 Mar 2026 (12:09:22 pm)"
"Edinburgh Media","edinburghmedia.uk@gmail.com","44","03178956789","","","User","09 Mar 2026 (06:20:06 am)"
"gnPmGmcbfwhJVTiCZU","jreidy9752@charter.net","44","4557478470","","","User","09 Mar 2026 (02:54:40 am)"
"bOeAEFjXbVMACOJmwTQ","as.te.r.is.m.enigm.ati.c@gmail.com","44","6740572358","","","User","08 Mar 2026 (07:52:35 pm)"
"user1711444766","user1711444766@gmail.com","880","1711444766","","","User","08 Mar 2026 (06:15:06 pm)"
"user7448767058","user7448767058@gmail.com","44","7448767058","","","User","08 Mar 2026 (03:55:59 pm)"
"ALEXANDRU-GEORGE FLORICA","anelisuca@yahoo.com","44","7448278773","","","User","08 Mar 2026 (01:15:47 pm)"
"Gunjan Chauhan","gunjan.chauhan996@gmail.com","44","7823712558","","","User","08 Mar 2026 (12:50:07 pm)"
"bpbRgQtkcpgokFKIqn","nglbm67ed@yahoo.com","44","9273990655","","","User","07 Mar 2026 (11:17:21 pm)"
"Marina Sambritchi","msambritchi@yahoo.com","44","7979787062","","","User","07 Mar 2026 (07:41:44 pm)"
"Ali test","ali@test.com","44","9784434031","","","User","07 Mar 2026 (09:12:18 am)"
"WufjsompoxQwDyMr","f.err.e.t.8.7.7@gmail.com","44","9197179795","","","User","07 Mar 2026 (07:49:36 am)"
"zNOMuQHLdonDqQWDCdz","popsahl@hotmail.com","44","9741936325","","","User","06 Mar 2026 (11:36:41 pm)"
"Alexandru Buduru","naenicusor561@gmail.com","44","7776258900","","","User","06 Mar 2026 (09:40:24 pm)"
"manuel","mbellocornel0710@gmail.com","","","","","User","06 Mar 2026 (08:49:59 pm)"
"Manuel Bello","mbellocoronel0710@gmail.com","58","4244092953","","","User","06 Mar 2026 (08:48:59 pm)"
"Silindile","za.8479.sli@gmail.com","27","837070559","","","User","06 Mar 2026 (07:50:16 pm)"
"user1797005565","user1797005565@gmail.com","49","1797005565","","","User","05 Mar 2026 (06:06:31 pm)"
"user8330807794","user8330807794@gmail.com","91","8330807794","","","User","05 Mar 2026 (05:28:54 pm)"
"Manju","user7352678129@gmail.com","44","7352678129","","","User","05 Mar 2026 (02:13:29 pm)"
"Sanjay Krishna Pulickaparambil Shibu","Sanjayshibu100@gmail.com","44","7887120703","","","User","05 Mar 2026 (12:58:24 pm)"
"BMCZOvunnGrmxXZIuNIO","m.et.ika.d.u04@gmail.com","44","3559563037","","","User","05 Mar 2026 (07:03:01 am)"
"Daniel Okonkwo","Bobbydaniel004@gmail.com","44","7350165288","","","User","04 Mar 2026 (06:14:22 pm)"
"Miss Mikah A E E Ingram","mikahingram1@gmail.com","44","7377651790","","","User","04 Mar 2026 (02:36:23 pm)"
"Vladimir Eloi","eloivlad22@gmail.com","44","7497135175","","","User","04 Mar 2026 (12:13:35 pm)"
"Renato stefan","Renatosmafios@outlook.com","44","7789404068","","","User","04 Mar 2026 (12:12:35 pm)"
"Arun jith","arunjithsreekumar@gmail.com","49","15510564864","","","User","03 Mar 2026 (03:31:13 pm)"
"Iulia ramona troaca","R_ramona28@yahoo.com","44","7827693692","","","User","03 Mar 2026 (01:15:22 pm)"
"Noel polachan","noelpolachan5@gmail.com","91","8304911869","","","User","03 Mar 2026 (01:10:44 pm)"
"user7721315211","user7721315211@gmail.com","44","7721315211","","","User","02 Mar 2026 (07:34:46 pm)"
"Alexandru-Olimpiu Porge-Tamas","olimp84@yahoo.com","44","7341520666","","","User","02 Mar 2026 (07:22:20 pm)"
"Gv","user7735493250@gmail.com","91","7735493250","","","User","02 Mar 2026 (10:10:17 am)"
"user9822748894","user9822748894@gmail.com","977","9822748894","","","User","01 Mar 2026 (03:24:37 pm)"
"Madlen","jessedawd@gmail.com","","","","","User","01 Mar 2026 (03:00:46 pm)"
"Madlen","madlinmshor3@gmail.com","964","7503022105","","","User","01 Mar 2026 (03:00:00 pm)"
"user790181266","user790181266@gmail.com","254","790181266","","","User","01 Mar 2026 (02:06:16 pm)"
"user7760581450","user7760581450@gmail.com","7","7760581450","","","User","01 Mar 2026 (11:24:17 am)"
"Anisoara Calancea","user7425808739@gmail.com","Ani","7425808739","","","User","27 Feb 2026 (04:58:53 pm)"
"Prabhkaran Singh","Prabhkarandhaliwal67@gmail.com","44","7887137626","","","User","27 Feb 2026 (02:11:24 pm)"
"Georgiana Ungureanu","georgianasimonax@icloud.com","44","7460028259","","","User","26 Feb 2026 (06:43:35 pm)"
"Steevan Thomas","steevanthomas10@gmail.com","91","9656848813","","","User","26 Feb 2026 (06:16:50 pm)"
"user7886104017","user7886104017@gmail.com","44","7886104017","","","User","26 Feb 2026 (06:06:54 pm)"
"Josef makuna","josefmakuna74@gmail.com","44","7523297212","","","User","26 Feb 2026 (01:47:20 pm)"
"jecyana oliveira","jecyanar@gmail.com","44","7713471947","","","User","26 Feb 2026 (11:53:29 am)"
"Olwethu Mthembu","olwethum543@gmail.com","27","730802867","","","User","26 Feb 2026 (10:19:02 am)"
"David Lucik","Davidlucik46@gmail.com","44","7745051893","","","User","26 Feb 2026 (09:28:44 am)"
"user779870504","user779870504@gmail.com","263","779870504","","","User","25 Feb 2026 (06:33:13 pm)"
"user541679076","user541679076@gmail.com","233","541679076","","","User","25 Feb 2026 (06:31:48 pm)"
"Amandeep amandeep","amandeep81uk@gmail.com","44","7438731145","","","User","25 Feb 2026 (02:22:19 pm)"
"user3285798259","user3285798259@gmail.com","92","3285798259","","","User","25 Feb 2026 (08:33:55 am)"
"Temilola Ojo","lolitaojo@gmail.com","44","07344395815","","","User","25 Feb 2026 (08:24:24 am)"
"user7436873574","user7436873574@gmail.com","44","7436873574","","","User","24 Feb 2026 (08:38:20 pm)"
"user1772402107","user1772402107@gmail.com","49","1772402107","","","User","24 Feb 2026 (06:44:28 pm)"
"Blessing Efionayi","Blossom4_life@yahoo.com","44","7944698826","","","User","24 Feb 2026 (04:30:16 pm)"
"Natalija Lokutijevska","natali.lokutijevska@gmail.com","44","7593678661","","","User","24 Feb 2026 (12:47:43 pm)"
"Adrian","mr.pacback@gmail.com","44","7480840544","","","User","24 Feb 2026 (12:40:09 pm)"
"Vishnuprasad Rajesh","vishnuprasadrajesh6@gmail.com","91","9074967818","","","User","24 Feb 2026 (12:27:37 pm)"
"Jithij","Jithijvazhoor@gmail.com","49","1590 6750527","91","8129797988","User","24 Feb 2026 (10:15:17 am)"
"Aleena Rubab","user7827365230@gmail.com","44","7827365230","","","User","24 Feb 2026 (09:15:40 am)"
"Adorn Manjaly","adornmanjaly123@gmail.com","49","15168615566","","","User","23 Feb 2026 (09:58:28 pm)"
"user972882655","user972882655@gmail.com","260","972882655","","","User","23 Feb 2026 (07:33:05 pm)"
"Zainab Nahaboo","Zainab.nahaboo@gmail.com","44","7856687698","","","User","23 Feb 2026 (07:21:00 pm)"
"user9446894601","user9446894601@gmail.com","91","9446894601","","","User","23 Feb 2026 (06:17:58 pm)"
"HARDIK PATEL","hp20042002@gmail.com","44","7789368977","","","User","23 Feb 2026 (05:50:27 pm)"
"Alexandra Constantin","Alexandra.constantin3@yahoo.com","44","7908083946","","","User","22 Feb 2026 (03:28:53 pm)"
"Mach Paul","machpaul1998@gmail.com","211","925513388","","","User","22 Feb 2026 (05:54:27 am)"
"Kavana","sindukanthraj@gmail.com","91","06363961572","","","User","21 Feb 2026 (04:31:30 pm)"
"user9072139569","user9072139569@gmail.com","91","9072139569","","","User","21 Feb 2026 (04:07:48 pm)"
"user7026548445","user7026548445@gmail.com","91","7026548445","","","User","21 Feb 2026 (12:40:06 pm)"
"Kamaldeep kaur","Brarkamaldeepkaur10@gmail.com","44","7437656390","","","User","21 Feb 2026 (12:20:19 pm)"
"user7475664135","user7475664135@gmail.com","44","7475664135","","","User","20 Feb 2026 (05:18:08 pm)"
"Konrad Sielski","Dottheglob@gmail.com","44","7482044316","","","User","19 Feb 2026 (05:51:51 pm)"
"Radu","user7469246530@gmail.com","44","7469246530","","","User","19 Feb 2026 (04:15:11 pm)"
"user8281518453","user8281518453@gmail.com","91","8281518453","","","User","19 Feb 2026 (01:38:31 pm)"
"user8921258862","user8921258862@gmail.com","91","8921258862","","","User","19 Feb 2026 (01:17:08 pm)"
"Gloria Ojaibor","gloriaojaibor528@gmail.com","232","32657920","","","User","19 Feb 2026 (12:17:42 pm)"
"Hiya","Hiya.warrgyizmorsch@gmail.com","","","","","Sub Writer","19 Feb 2026 (09:54:01 am)"
"JAMES LEFBOM","mayakajames72@gmail.com","49","1726221474","","","User","19 Feb 2026 (07:25:43 am)"
"user8838624198","user8838624198@gmail.com","91","8838624198","","","User","18 Feb 2026 (09:15:41 pm)"
"user531653848","user531653848@gmail.com","233","531653848","","","User","18 Feb 2026 (08:56:39 am)"
"Angela","user7900207356@gmail.com","44","7900207356","","","User","18 Feb 2026 (06:49:43 am)"
"user245380308","user245380308@gmail.com","233","245380308","","","User","17 Feb 2026 (02:09:23 pm)"
"Ebsaa Abrahim","ebsaaabrahim8@gmail.com","251","09944275","","","User","17 Feb 2026 (09:59:32 am)"
"user8139193344","user8139193344@gmail.com","234","8139193344","","","User","17 Feb 2026 (09:52:01 am)"
"user619079529","user619079529@gmail.com","33","619079529","","","User","16 Feb 2026 (05:15:20 pm)"
"Tainara Silva Nogueira Alborghetti","Tainaralondon@hotmail.com","44","7395634442","","","User","16 Feb 2026 (05:02:46 pm)"
"Namitha Mariam John","namithamariam2003@gmail.com","44","7553039830","","","User","16 Feb 2026 (02:21:03 pm)"
"Sezen Sedzhatin Arif","Sezenarif.1997@gmail.com","44","7769391907","","","User","16 Feb 2026 (02:00:09 pm)"
"Nedzhati mishev","Nedzhatimishev596@gmail.com","44","7599950294","","","User","15 Feb 2026 (03:19:16 pm)"
"Alban Meziu","Albanmeziu@yahoo.com","44","7915684063","","","User","15 Feb 2026 (03:02:20 pm)"
"Yashika Saini","yashikasaini5490@gmail.com","91","8168921747","","","User","15 Feb 2026 (02:06:57 pm)"
"user7490902601","user7490902601@gmail.com","44","7490902601","","","User","14 Feb 2026 (05:46:35 pm)"
"Tharun P Benny","tharunpbenny@gmail.com","44","7553029928","","","User","13 Feb 2026 (10:47:25 pm)"
"Surya","surya.duggal162@gmail.com","44","7846622868","","","User","13 Feb 2026 (08:07:56 pm)"
"Dragos","dragosiulianmiron@gmail.com","44","7802572783","","","User","13 Feb 2026 (06:49:43 pm)"
"Svetlana Spinu","svetikspinus98@gmail.com","44","7771064498","","","User","12 Feb 2026 (10:17:34 pm)"
"Mayra Akers","mayraakers36@gmail.com","44","7144188096","","","User","12 Feb 2026 (05:39:52 pm)"
"Tshumo tiny xau","tinyxau256@gmail.com","44","74851214","","","User","12 Feb 2026 (05:14:03 pm)"
"Miglena Mineva","maggiecleaningservices7@gmail.com","44","7490235561","","","User","12 Feb 2026 (02:13:50 pm)"
"Debora Cardoso","Deboracardoso1993@icloud.com","44","7564363589","","","User","12 Feb 2026 (11:20:51 am)"
"Abraham kiros Andom","yisaktesfay15@gmail.com","44","7415400399","","","User","11 Feb 2026 (01:41:26 pm)"
"user7823810252","user7823810252@gmail.com","44","7823810252","","","User","11 Feb 2026 (09:07:04 am)"
"Fady","fadi011@yahoo.com","","","","","User","11 Feb 2026 (08:30:58 am)"
"Sidona Florentina Gheorghe","sidonaflorentina@icloud.com","44","7438650401","","","User","10 Feb 2026 (01:25:29 pm)"
"user638925202","user638925202@gmail.com","252","638925202","","","User","10 Feb 2026 (12:31:43 pm)"
"user7510281688","user7510281688@gmail.com","91","7510281688","","","User","10 Feb 2026 (11:49:42 am)"
"user7442851934","user7442851934@gmail.com","44","7442851934","","","User","10 Feb 2026 (11:18:58 am)"
"user9494466306","user9494466306@gmail.com","91","9494466306","","","User","10 Feb 2026 (09:09:39 am)"
"Samson Kaonga","samkaonga1@gmail.com","260","0974987894","","","User","10 Feb 2026 (07:18:46 am)"
"user9746625068","user9746625068@gmail.com","91","9746625068","","","User","09 Feb 2026 (09:50:31 pm)"
"user7775397460","user7775397460@gmail.com","44","7775397460","","","User","09 Feb 2026 (08:51:53 pm)"
"user7407805271","user7407805271@gmail.com","91","7407805271","","","User","09 Feb 2026 (05:56:27 pm)"
"user784484263","user784484263@gmail.com","250","784484263","","","User","09 Feb 2026 (04:31:23 pm)"
"kheta ram","anshjangid02@gmail.com","61","09610092299","","","Marketing Team","09 Feb 2026 (11:44:05 am)"
"BASIRAT TOYIN YAYA","basirat.yaya@gmail.com","44","7901566279","","","User","08 Feb 2026 (06:13:12 pm)"
"Marian -Emil Baraitaru","emibaraitaruuu@gmail.com","44","7946072657","","","User","08 Feb 2026 (03:47:53 pm)"
"Luminita Popovici","luminita.popovici18@gmail.com","44","7570242030","","","User","08 Feb 2026 (11:33:06 am)"
"Suparna Das","suparnasskm2009@gmail.com","44","447044981244","","","User","08 Feb 2026 (02:37:12 am)"
"Najema kureshi","naazmuz29@gmail.com","","","","","User","07 Feb 2026 (05:19:41 pm)"
"Shubham","shubham-warr@warrgyizmorsch.com","","00000000","","","Unknown","07 Feb 2026 (10:48:55 am)"
"Mohammad Kureshi","user9574845206@gmail.com","+91","9574845206","","","User","06 Feb 2026 (01:05:49 pm)"
"Mihaela Negru","negrumihaela608@gmail.com","44","7466489963","","","User","06 Feb 2026 (12:40:07 pm)"
"user8121823811","user8121823811@gmail.com","91","8121823811","","","User","05 Feb 2026 (08:24:04 pm)"
"user717764903","user717764903@gmail.com","263","717764903","","","User","05 Feb 2026 (06:20:35 pm)"
"sehrish","channasehro123@gmail.com","","","","","User","05 Feb 2026 (06:09:25 pm)"
"Sehrish channa","sherbano779@gmail.com","44","443333681148","","","User","05 Feb 2026 (06:08:02 pm)"
"Emmanuel Ocran","ocramanuel72@yahoo.com","44","7818154549","","","User","05 Feb 2026 (03:43:52 pm)"
"Prabat","user79861753878@gmail.com","97","79861753878","","","User","05 Feb 2026 (02:55:02 pm)"
"Abu Rafiq","aburafiq541@gmail.com","91","6383249382","","","User","05 Feb 2026 (12:39:35 pm)"
"user7954994340","user7954994340@gmail.com","44","7954994340","","","User","04 Feb 2026 (07:03:15 pm)"
"Wesley Lopes Manhaes","wesleymanhaes98@gmail.com","44","7521233544","","","User","04 Feb 2026 (11:25:56 am)"
"Krasimir Shahanski","krasimir-45@abv.bg","44","7414565653","","","User","03 Feb 2026 (05:22:34 pm)"
"Sujatha Kathirkamanathan","Suja_6@hotmail.co.uk","44","7496044256","","","User","03 Feb 2026 (05:08:04 pm)"
"Andreea Balineanu","Andreeabalineanu1@gmail.com","44","7831862781","","","User","03 Feb 2026 (09:34:31 am)"
"user9316901797","user9316901797@gmail.com","91","9316901797","","","User","02 Feb 2026 (04:47:34 pm)"
"user8796235001","user8796235001@gmail.com","91","8796235001","","","User","02 Feb 2026 (04:23:21 pm)"
"Praveen Puthanvally","praveensmadhav5@gmail.com","91","8129322936","","","User","02 Feb 2026 (04:19:52 pm)"
"Gurpreet Singh","singh.gurpreet78@gmail.com","49","1632585593","","","User","02 Feb 2026 (10:08:49 am)"
"Catia Vanessa Ridell Correll","Catia_vridell@hotmail.com","44","7857821322","","","User","31 Jan 2026 (06:53:22 pm)"
"user15510833024","user15510833024@gmail.com","49","15510833024","","","User","31 Jan 2026 (06:40:54 pm)"
"konsuler.riyadh","konsuler.riyadh@kemlu.go.id","","","","","User","30 Jan 2026 (07:36:49 pm)"
"Rajdeep Rudani","Rajdeeprudani45@gmail.com","91","9099358023","","","User","30 Jan 2026 (01:51:31 pm)"
"Sagar Odedara","user15565661670@gmail.com","49","15565661670","","","User","30 Jan 2026 (12:35:50 pm)"
"user9495423405","user9495423405@gmail.com","91","9495423405","","","User","29 Jan 2026 (07:53:23 pm)"
"MOLVIN AUGUSTUS CONTEH","molvinaugustusconteh1986@gmail.com","232","+23277516022","","","User","29 Jan 2026 (09:36:12 am)"
"user3170552506","user3170552506@gmail.com","92","3170552506","","","User","28 Jan 2026 (09:05:06 pm)"
"Sahil","sahilmasih77571@gmail.com","44","+447626970191","","","User","28 Jan 2026 (06:24:46 pm)"
"user+447754908683","danyal1ssa@gmail.com","44","+447754908683","","","User","28 Jan 2026 (05:41:06 pm)"
"Muhammad ahad","muhammadahadbaih@gmail.com","44","+443424508147","","","User","28 Jan 2026 (10:09:18 am)"
"Blagovest Dimitrov Vasilev","blagovest928@gmail.com","44","7936603887","","","User","27 Jan 2026 (08:17:29 pm)"
"user9539722198","user9539722198@gmail.com","91","9539722198","","","User","27 Jan 2026 (07:30:32 pm)"
"Hadiza","user8026933751@gmail.com","234","8026933751","","","User","27 Jan 2026 (07:20:21 pm)"
"Bilgyan Andonova","bilgen2000br@gmail.com","44","7943298320","","","User","27 Jan 2026 (04:52:48 pm)"
"Sunitha","syedriz19@yahoo.co.uk","44","7456380485","","","User","26 Jan 2026 (07:50:23 pm)"
"Amin","Aminabudijondi@gmail.com","44","+44551261061","","","User","26 Jan 2026 (07:48:46 pm)"
"user7477177306","user7477177306@gmail.com","44","7477177306","","","User","26 Jan 2026 (04:24:54 pm)"
"Madalitso Majawa","madalitsomc@yahoo.co.uk","44","7311823592","","","User","25 Jan 2026 (07:08:33 pm)"
"user7429557318","user7429557318@gmail.com","44","7429557318","","","User","25 Jan 2026 (02:33:11 pm)"
"Prabhudas. B. Joshiyara","pbjoshiyara@gmail.com","44","+449427080093","","","User","25 Jan 2026 (12:14:54 pm)"
"user7432530291","user7432530291@gmail.com","44","7432530291","","","User","25 Jan 2026 (11:48:43 am)"
"user17628212819","user17628212819@gmail.com","49","17628212819","","","User","24 Jan 2026 (04:48:00 pm)"
"6361962725","mayachari@com","44","+446361962725","","","User","24 Jan 2026 (11:38:17 am)"
"mayank","mayankkuaur@gmail.com","44","+447917481696","","","User","24 Jan 2026 (06:55:06 am)"
"Doina Vascan","Doina.vascan@bk.ru","44","7480666615","","","User","22 Jan 2026 (06:17:10 pm)"
"MENSAH","mensah0angele@yahoo.fr","44","91572802","","","User","22 Jan 2026 (05:00:50 pm)"
"Sairahul Thodeti","tsrahul42@gmail.com","91","8179780706","","","User","22 Jan 2026 (12:47:23 pm)"
"Atifmeraj","atifmeraj007@gmail.com","91","9955869007","","","User","22 Jan 2026 (09:25:14 am)"
"Stella","Wilsonasteria@yahoo.com","44","7588628989","","","User","21 Jan 2026 (04:26:03 pm)"
"user7879964550","user7879964550@gmail.com","44","7879964550","","","User","21 Jan 2026 (04:00:53 pm)"
"Bhawandeep Maan","user7900640636@gmail.com","44","7900640636","","","User","21 Jan 2026 (01:47:05 pm)"
"user9784434055","warrgyizmorschdigital@gmail.com","44","9784434055","","","User","21 Jan 2026 (09:28:53 am)"
"user7818857095","user7818857095@gmail.com","44","7818857095","","","User","20 Jan 2026 (06:42:01 pm)"
"WILI SINNER","amirhosseinfazeli9@gmail.com","49","17648082781","","","User","20 Jan 2026 (02:11:08 pm)"
"Daulphin Bessong","daulphinbessong@yahoo.com","44","7490902601","","","User","20 Jan 2026 (02:07:27 pm)"
"Josebin","user7907070669@gmail.com","91","7907070669","","","User","20 Jan 2026 (01:48:07 pm)"
"Valerica Duman","tinaduman24@myyahoo.com","40","752651407","","","User","19 Jan 2026 (10:03:13 pm)"
"user7340712212","user7340712212@gmail.com","91","7340712212","","","User","19 Jan 2026 (08:54:21 pm)"
"user7570779147","user7570779147@gmail.com","44","7570779147","","","User","19 Jan 2026 (06:44:49 pm)"
"user8162532089","user8162532089@gmail.com","234","8162532089","","","User","19 Jan 2026 (02:21:20 pm)"
"Vanesa Dunkova","Zakrobert2023@gmail.com","44","7788146338","","","User","19 Jan 2026 (01:45:51 pm)"
"Fajar Ali Seik","fajaraliseik@gmail.com","44","fajaraliseik@gmail.com","","","User","19 Jan 2026 (02:02:10 am)"
"user7555155415","user7555155415@gmail.com","44","7555155415","","","User","18 Jan 2026 (04:40:42 pm)"
"user9345287949","user9345287949@gmail.com","91","9345287949","","","User","18 Jan 2026 (04:40:35 pm)"
"Razvan","Razvan.petrescu48@gmail.com","44","7878817464","","","User","18 Jan 2026 (03:09:51 pm)"
"Elisabeta Danila","elisabetadanila@yahoo.co.uk","44","7837661739","","","User","18 Jan 2026 (01:56:26 pm)"
"Jozef Dunka","Jakubdunka1342@gmail.com","44","7741019428","","","User","18 Jan 2026 (10:58:48 am)"
"user8030626220","user8030626220@gmail.com","234","8030626220","","","User","17 Jan 2026 (07:44:32 pm)"
"Marian Dunka","Branislav.xms@gmail.com","44","7442238815","","","User","17 Jan 2026 (07:43:17 pm)"
"SAMIR","user7820880205@gmail.com","91","7820880205","","","User","17 Jan 2026 (10:53:23 am)"
"Rosemary","rosemarykwamboka7@gmail.com","44","+44112066914","","","User","16 Jan 2026 (04:46:49 pm)"
"Rannel Abradu","user7427442273@gmail.com","44","7427442273","","","User","16 Jan 2026 (04:13:41 pm)"
"Erik Dunka","Edunka22@gmail.com","44","7715278618","","","User","16 Jan 2026 (02:18:10 pm)"
"Furqan Tariq","Malikfurqantariq10@gmail.com","44","7868942047","","","User","16 Jan 2026 (02:05:50 pm)"
"Amit Meena","am0837047@gmail.com","44","+448770505878","","","User","16 Jan 2026 (02:11:54 am)"
"Sirri","sirriamira@gmail.com","44","+44671804978","","","User","16 Jan 2026 (12:31:16 am)"
"Hakan Özer","hakozi079@gmail.com","","","","","User","15 Jan 2026 (06:43:26 pm)"
"user38354470","user38354470@gmail.com","973","38354470","","","User","15 Jan 2026 (06:09:17 pm)"
"user7405738554","user7405738554@gmail.com","44","7405738554","","","User","15 Jan 2026 (05:02:27 pm)"
"Bhavesh Shashikant Vaze","bhaveshs7374@gmail.com","49","15213649227","","","User","15 Jan 2026 (04:53:27 pm)"
"Olaniyi Oladele","user7350166197@gmail.com","44","7350166197","","","User","15 Jan 2026 (02:16:56 pm)"
"SANDESH YESHWANT BOBATE","Sandesh.bobate1099@gmail.com","49","15566144150","","","User","15 Jan 2026 (02:12:07 pm)"
"Rajdeep Parmar","user7833779338@gmail.com","44","7833779338","","","User","15 Jan 2026 (01:05:11 pm)"
"Satyajeet mishra","user7448509386@gmail.com","44","7448509386","","","User","15 Jan 2026 (10:54:07 am)"
"Liliana Goncalves","Jessicabebe2014@hotmail.com","44","7935297057","","","User","15 Jan 2026 (10:49:05 am)"
"Gumma Fakhri","Gumma.fakhri@uob.edu.ly","218","+218923256812","","","User","15 Jan 2026 (08:17:47 am)"
"Ibrahim Osman Ali","ceynaashe18@gmail.com","","","","","User","15 Jan 2026 (02:11:19 am)"
"Cazam Osman","Ceynaashe19@gmail.com","252","+252618264354","","","User","15 Jan 2026 (02:06:38 am)"
"Pardeep Dhanju","NA","44","7405112243","","","User","14 Jan 2026 (10:01:30 pm)"
"Afzal Shabhai","user7818972053@gmail.com","44","7818972053","","","User","14 Jan 2026 (06:44:29 pm)"
"Ogundeji Elizabeth","yemielizabeth04@gmail.com","234","+2348128409345","","","User","14 Jan 2026 (03:13:00 pm)"
"Bunmi","funkyl100@yahoo.com","44","7398843791","","","User","14 Jan 2026 (03:08:37 pm)"
"Akash Yadav","akashnchi798@gmail.com","44","+449717085127","","","User","14 Jan 2026 (05:31:53 am)"
"Dominika","user7507557851@gmail.com","44","7507557851","","","User","13 Jan 2026 (09:56:24 pm)"
"user15510848938","user15510848938@gmail.com","49","15510848938","","","User","13 Jan 2026 (06:55:32 pm)"
"Prosper","prospermathias88@gmail.com","44","+44698459263","","","User","13 Jan 2026 (05:31:14 pm)"
"user3464114225","user3464114225@gmail.com","92","3464114225","","","User","13 Jan 2026 (05:29:34 pm)"
"Daniel Reyenieju","yemidaniel21@yahoo.com","234","9056135950","","","User","13 Jan 2026 (04:49:05 pm)"
"NEVENA ZHELYAZKOVA","nezh1586@gmail.com","44","7846666183","","","User","13 Jan 2026 (02:25:36 pm)"
"Neha","neha16february@gmail.com","44","+447988511069","","","User","13 Jan 2026 (11:48:45 am)"
"Hritik Agarwal","hk.agrwl@gmail.com","44","+447823561431","","","User","13 Jan 2026 (02:45:46 am)"
"JERIN Thomas","jerinthomaschittadi@gmail.com","44","7587717574","","","User","12 Jan 2026 (07:09:28 pm)"
"Rana Nasir","Rana Nasir hannannasir133121@gmail.com","44","7310411753","","","User","12 Jan 2026 (02:02:58 pm)"
"Mahak","mahakwarrgyizmorch@gmail.com","","","","","Sub Writer","12 Jan 2026 (09:55:34 am)"
"Mumal","mumalwarrgyizmorsch@gmail.com","","","","","Sub Writer","12 Jan 2026 (06:29:54 am)"
"nusuk","support@hajj.nusuk.sa","","","","","User","11 Jan 2026 (05:14:39 pm)"
"Ebrin benny","ebrinben9@gmail.com","44","7352694790","","","User","11 Jan 2026 (03:28:22 pm)"
"user15219348755","user15219348755@gmail.com","49","15219348755","","","User","11 Jan 2026 (10:39:19 am)"
"user5219348755","user5219348755@gmail.com","91","5219348755","","","User","10 Jan 2026 (08:08:20 pm)"
"MUKILKRISHNA NJATTUVETTY SAJI","mukilkrishnans2001@gmail.com","44","7587773197","","","User","10 Jan 2026 (01:19:38 pm)"
"rizalmulyono","erizalabas@gmail.com","","","","","User","10 Jan 2026 (09:29:13 am)"
"Pankaj kumar","pankajk847233@gmail.com","44","+449128108185","","","User","10 Jan 2026 (05:49:32 am)"
"Harjeet","indi@indi.com","91","yourphoneringingwith","","","User","09 Jan 2026 (06:56:22 pm)"
"Tanishka","jayavelubabu@gmail.com","44","+447019855090","","","User","09 Jan 2026 (01:17:51 pm)"
"MILANDU Badette","Espoudabetty@gmail.com","44","7543632661","","","User","09 Jan 2026 (12:55:05 pm)"
"Jessica silva","Missjessicasilva@hotmail.com","44","7341555294","","","User","08 Jan 2026 (10:47:56 pm)"
"user616259062","user616259062@gmail.com","255","616259062","","","User","08 Jan 2026 (06:26:36 pm)"
"user880889297","user880889297@gmail.com","231","880889297","","","User","08 Jan 2026 (06:26:16 pm)"
"Fady Ibrahem Ahmed Abdelazeez","Fady.ibraahem@gmail.com","49","17620921424","","","User","08 Jan 2026 (06:09:30 pm)"
"Anjali","anjalikumari36813@gmail.com","44","+446287850195","","","User","08 Jan 2026 (03:58:16 am)"
"winkle monteiro","winklemonteiro@gmail.com","91","9164992244","","","User","07 Jan 2026 (06:59:56 pm)"
"Mirela Veronica Horopciuc","veronicahoropciuc@yahoo.com","44","7852443862","","","User","07 Jan 2026 (06:59:39 pm)"
"Mobina Shiraghael","Moshiraghaei@gmail.com","49","17666378121","","","User","07 Jan 2026 (04:13:21 pm)"
"FEZA","fezaonana@yahoo.fr","44","7951803748","","","User","07 Jan 2026 (01:58:39 pm)"
"user8009628418","user8009628418@gmail.com","91","8009628418","","","User","06 Jan 2026 (07:49:23 pm)"
"Abhinandan","m6877590@gmail.com","44","+449198717516","","","User","06 Jan 2026 (02:22:53 pm)"
"Virupaksha","Virupakshadoddamani21@gmail.com","91","8296932906","","","User","06 Jan 2026 (02:11:57 pm)"
"New lead","user7448277326@gmail.com","44","7448277326","","","User","06 Jan 2026 (02:11:20 pm)"
"Vajresh poojari","Vajreshpoojari@gmail.com","91","9820911038","","","User","05 Jan 2026 (09:06:54 pm)"
"user7553592820","user7553592820@gmail.com","44","7553592820","","","User","05 Jan 2026 (08:09:17 pm)"
"user76550597","user76550597@gmail.com","268","76550597","","","User","05 Jan 2026 (05:51:55 pm)"
"AISHA JOSEFINA SALOMAO","aishasalomao@hotmail.co.uk","44","7867361185","","","User","05 Jan 2026 (02:05:19 pm)"
"BVC","user7799534751@gmail.com","44","7799534751","","","User","05 Jan 2026 (11:52:45 am)"
"Ravi Kumar","ravi2009101@gmail.com","44","+449153914130","","","User","04 Jan 2026 (05:25:01 am)"
"Shivendra Singh","anoopsingh2267@gmail.com","44","+447880538490","","","User","04 Jan 2026 (03:16:26 am)"
"user9387404266","mijingboro2006@gmail.com","44","9387404266","","","User","04 Jan 2026 (01:02:51 am)"
"Yashwanth","user7899924860@gmail.com","44","7899924860","","","User","03 Jan 2026 (08:16:30 pm)"
"Sonia","riyamannsb@gmail.com","44","7878636796","","","User","03 Jan 2026 (05:26:32 pm)"
"Vikranth Amuda","vikranthamuda@gmail.com","44","7887186065","","","User","03 Jan 2026 (05:02:02 pm)"
"Iranzimurenziadelaide@gmail.com","Iranzimurenziadelaide@gmail.com","undefined","0780254499","","","User","03 Jan 2026 (01:49:11 pm)"
"Jwanita johny","drjwanitajohny26@gmail.com","91","9072842060","","","User","02 Jan 2026 (10:45:28 pm)"
"Ann Mariya Anil","annmariyaanil1999@gmail.com","91","7025763792","","","User","02 Jan 2026 (09:03:03 pm)"
"user784481386","user784481386@gmail.com","263","784481386","","","User","02 Jan 2026 (04:21:28 pm)"
"user9886732876","user9886732876@gmail.com","91","9886732876","","","User","02 Jan 2026 (04:15:22 pm)"
"Lopchan Ruth Joseph","ruthjosephlopchan@gmail.com","1","+12347078747527","","","User","02 Jan 2026 (01:30:42 pm)"
"Zia ul Haq","ziashamsi2019@hotmail.com","+44","7435171447","","","User","02 Jan 2026 (10:16:39 am)"
"Muhammad Burhan Samad","muhammad.burhan.a.e.31989@gmail.com","92","+923257627148","","","User","02 Jan 2026 (05:49:07 am)"
"Kishumui Laizer","kishumuilaizer25@gmail.com","44","+44629630492","","","User","01 Jan 2026 (11:09:10 am)"
"Pride","bonexbest259@gmail.com","44","+44985561722","","","User","01 Jan 2026 (04:59:58 am)"
"Jehu Ofoe Apronti","kingapronti@gmail.com","44","+44245380308","","","User","31 Dec 2025 (10:57:11 am)"
"Ali Asgar Bhalam","aliasgarbhalam@gmail.com","+44","9784434022","","","User","31 Dec 2025 (10:26:34 am)"
"abcd test","abcd","+44","9784434045","","","User","31 Dec 2025 (09:54:44 am)"
"Mohammad Rashid Kannachenthodi","r4shi1@gmail.com","49","15213805684","","","User","30 Dec 2025 (04:43:04 pm)"
"James Karim Koroma","koromajessejames@mail.com","232","+23299320261","","","User","30 Dec 2025 (03:57:52 pm)"
"Sai Manikkara Puthiyaveedu","saigayathri2101@gmail.com","91","8078793101","","","User","30 Dec 2025 (01:51:57 pm)"
"Hansen V. Sonile Jr","hsonilejr@gmail.com","231","+231886873610","","","User","30 Dec 2025 (12:12:44 pm)"
"RAVEENA ANUPAMA","user701820755@gmail.com","94","701820755","","","User","30 Dec 2025 (07:34:12 am)"
"","alitest@gmail.com","+91","9784434031","","","User","30 Dec 2025 (05:40:35 am)"
"abc","abc@abc.com","+91","9784434","","","User","30 Dec 2025 (05:05:33 am)"
"ebuka","r576@gmail.com","44","+44i987678765","","","User","29 Dec 2025 (08:43:14 pm)"
"leonora","user7724203856@gmail.com","44","7724203856","","","User","29 Dec 2025 (01:25:07 pm)"
"yashpal","yashpalrathore24@yahoo.com","+91","8693085077","","","User","29 Dec 2025 (12:17:17 pm)"
"Victoria","user7763647370@gmail.com","44","7763647370","","","User","28 Dec 2025 (07:47:04 pm)"
"Shehzad Haider","Chshehxadgoraya143@gmail.com","44","7776897609","","","User","28 Dec 2025 (07:13:21 pm)"
"Mohammad Dawood momand","dawoodmomandmohammad@gmail.com","44","+44700531129","","","User","28 Dec 2025 (03:31:26 am)"
"Arthur chidindi","arthurchidindi168@gmail.com","44","+44787523624","","","User","27 Dec 2025 (09:20:22 am)"
"user3487597799","user3487597799@gmail.com","92","3487597799","","","User","26 Dec 2025 (05:45:37 pm)"
"charmaine","chrmn_16@yahoo.com","44","+447418067421","","","User","26 Dec 2025 (05:33:03 pm)"
"Bikerboys","user6238613058@gmail.com","91","6238613058","","","User","26 Dec 2025 (01:52:28 pm)"
"Ionut Robert Rima","Pepsi.star31@yahoo.com","44","7533792369","","","User","26 Dec 2025 (01:24:34 pm)"
"Adeyemi Adesola","Adeyemiadesola135@gmail.com","44","+449132476387","","","User","26 Dec 2025 (10:09:27 am)"
"Thae Su Su Htwe","thaesusuhtwe2022.tgi@gmail.com","95","+959402417264","","","User","26 Dec 2025 (04:10:20 am)"
"Mohammed Omran","mohomra33@gmail.com","44","+441110729620","","","User","25 Dec 2025 (04:07:32 pm)"
"Dona G","donagdixon448@gmail.com","91","9745868667","","","User","24 Dec 2025 (11:53:32 am)"
"Bernadette Gemzsi","bernadettebenedek@gmail.com","44","7794675694","","","User","23 Dec 2025 (09:45:39 pm)"
"Devika Nair","user8848896027@gmail.com","91","8848896027","","","User","23 Dec 2025 (04:59:59 pm)"
"Alicia","alicia_zajac@live.co.uk","44","+44757832171","","","User","22 Dec 2025 (06:11:09 pm)"
"user33298475394","user33298475394@gmail.com","44","33298475394","","","User","22 Dec 2025 (07:27:00 am)"
"user7006637748","user7006637748@gmail.com","91","7006637748","","","User","21 Dec 2025 (03:40:25 pm)"
"Kiranraj Subramani","kirankuttidrkj@gmail.com","91","7558113797","","","User","21 Dec 2025 (10:14:49 am)"
"user899752328","user899752328@gmail.com","353","899752328","","","User","21 Dec 2025 (09:47:44 am)"
"Wanangwa Mnhlane","wanangwamushani15@gmail.com","44","+44982470167","","","User","21 Dec 2025 (09:21:26 am)"
"Arthur Toga Fumbah Jr","bernardfumbah@gmail.com","231","+231880889297","","","User","20 Dec 2025 (01:19:43 pm)"
"emily","emilygamer@gmail.com","44","+4433298475394","","","User","20 Dec 2025 (09:00:03 am)"
"JITHU RENJI","user9539085211@gmail.com","91","9539085211","","","User","20 Dec 2025 (08:38:13 am)"
"Sanyia Sarfraz","sanyiasarfraz@gmail.com","44","7309274780","","","User","19 Dec 2025 (04:27:55 pm)"
"Ayesha","tayyabharal239@gmail.com","44","+443468019021","","","User","19 Dec 2025 (09:10:19 am)"
"Shruti kamra","shrutikamra.warrgyizmorsch@gmail.com","","","","","Sub Writer","19 Dec 2025 (06:25:46 am)"
"Amaan Quazi","amaanquazi.warrgyizmorsch@gmail.com","","","","","Sub Writer","19 Dec 2025 (06:16:00 am)"
"ROWSAN HASAN RABBIH","rowshanhassan890@gmail.com","49","17624262475","","","User","18 Dec 2025 (10:26:19 pm)"
"Abhilasha Sharma","abhilashasharma730@gmail.com","44","6265001281","","","User","18 Dec 2025 (07:04:28 pm)"
"Manpreet Kaur","manpreetkaurk77@gmail.com","44","735267040","91","8699961900","User","18 Dec 2025 (02:09:18 pm)"
"Rahul Gawas","Rahul.gawas972@gmail Com","49","1713220419","","","User","18 Dec 2025 (02:04:06 pm)"
"Sadia","user7404511033@gmail.com","44","7404511033","","","User","18 Dec 2025 (09:59:54 am)"
"RITU","user9351927363@gmail.com","91","9351927363","","","User","17 Dec 2025 (06:30:59 am)"
"Khushi Rajawat","khushiwarrgyizmorsch@gmail.com","","","","","Sub Writer","17 Dec 2025 (05:04:45 am)"
"user7830644565","user7830644565@gmail.com","44","7830644565","","","User","16 Dec 2025 (06:28:04 pm)"
"Sarah Denormandies","sarah.denormandies@gmail.com","1","+19382090528","","","User","16 Dec 2025 (02:25:49 pm)"
"Athira Balachandran","balachandranathira300@gmail.com","91","9895658582","","","User","16 Dec 2025 (01:49:14 pm)"
"Kundai Marauka","KMarauka88@gmail.com","263","780774004","","","User","16 Dec 2025 (01:45:26 pm)"
"LINTA SHIBU","user8589930321@gmail.com","91","8589930321","","","User","16 Dec 2025 (10:58:06 am)"
"SRAJAN","user9632114544@gmail.com","91","9632114544","","","User","16 Dec 2025 (10:34:41 am)"
"Zainab Ali Abba","zeebaly2@gmail.com","44","7881849306","","","User","15 Dec 2025 (09:29:02 pm)"
"NICOLETA Pintilie","nicoletapintilie2000@yahoo.com","44","7340876392","","","User","15 Dec 2025 (02:27:07 pm)"
"Mambueni Luzu Diwantesa","user7572109149@gmail.com","44","7572109149","","","User","15 Dec 2025 (02:19:31 pm)"
"Vlad-Mihai Neacsu","vilinel@yahoo.com","44","7478725375","","","User","15 Dec 2025 (02:10:45 pm)"
"Babar hussain","bh1269819@gmail.com","","","","","User","14 Dec 2025 (06:54:32 pm)"
"Viviana Tataru","user7366605422@gmail.com","44","7366605422","","","User","14 Dec 2025 (03:07:23 pm)"
"user9516022085","user9516022085@gmail.com","91","9516022085","","","User","14 Dec 2025 (12:13:28 pm)"
"Carmen Baicu","baicu.carmen@yahoo.com","44","7448941394","","","User","14 Dec 2025 (11:59:28 am)"
"user7047000411","user7047000411@gmail.com","234","7047000411","","","User","13 Dec 2025 (08:05:58 pm)"
"Shamaila  Kashan","user7869417919@gmail.com","44","7869417919","","","User","13 Dec 2025 (08:01:34 pm)"
"Maxim Hutanu","hutanumaxim9@gmail.com","44","7570298910","","","User","13 Dec 2025 (12:29:01 pm)"
"Komal","pkomalsidhu361@gmail.com","44","7440604636","","","User","13 Dec 2025 (12:23:28 pm)"
"user17661169668","user17661169668@gmail.com","49","17661169668","","","User","12 Dec 2025 (06:56:50 pm)"
"Kapiliyaa","user9033965243@gmail.com","91","9033965243","","","User","12 Dec 2025 (01:29:28 pm)"
"user7907411708","user7907411708@gmail.com","91","7907411708","","","User","12 Dec 2025 (01:27:16 pm)"
"Tabea Bodamer","user7423325936@gmail.com","44","7423325936","","","User","12 Dec 2025 (01:19:21 pm)"
"Alexandra Bungean","bungean.alexandra@yahoo.com","44","7584077998","","","User","12 Dec 2025 (09:01:13 am)"
"Jennifer Riley","jenniferbaby576@gmail.com","44","+442342437400","","","User","11 Dec 2025 (04:20:16 pm)"
"mizdeace","scheglileng@gismail.online","","","","","User","11 Dec 2025 (01:57:33 pm)"
"Abdulrahman","rahmanramzan155@gmail.com","44","+443270731461","","","User","10 Dec 2025 (07:55:58 pm)"
"MONAA","Caminocsimona32@gmail.com","44","7340400163","","","User","10 Dec 2025 (05:22:19 pm)"
"tester","fanssonly701@gmail.com","","","","","User","10 Dec 2025 (08:02:41 am)"
"Megha Sukumaran","meghasukumaran1995@gmail.com","91","9526769773","","","User","09 Dec 2025 (08:25:43 pm)"
"Oladunni Ogunlana","olaogunlana17@gmail.com","44","7985248296","","","User","09 Dec 2025 (08:23:21 pm)"
"Anurag Ragesh","anuragesh50245024@gmail.com","44","7909041402","","","User","09 Dec 2025 (08:02:08 pm)"
"Zain","Zain29047@gmail.com","44","7469597089","","","User","09 Dec 2025 (07:59:10 pm)"
"Jasmine","julietrcis@gmail.com","971","567822739","","","User","09 Dec 2025 (02:24:42 pm)"
"Laura Golicza","lauragolicza86@yahoo.com","44","7902428640","","","User","09 Dec 2025 (11:59:16 am)"
"Stephen Asare","asarestephen2009@gmailcom","44","+44246715256","","","User","09 Dec 2025 (11:07:20 am)"
"hr.warrgyizmorsch","hr.warrgyizmorsch@gmail.com","","2","","","Unknown","09 Dec 2025 (09:17:49 am)"
"Rajkumar Prajapati","rp2517215@gmail.com","","","","","User","08 Dec 2025 (03:19:20 pm)"
"Manju saini","Manjusaini1860@gmail.com","44","7352 678129","","","User","08 Dec 2025 (09:01:59 am)"
"Himanshi Gupta","himanshigupta9039010@gmail.com","44","7887159596","","","User","07 Dec 2025 (04:03:33 pm)"
"Amey Kaskhedikar","kaskhedikar.amey96@gmail.com","49","17661529909","","","User","06 Dec 2025 (07:57:40 pm)"
"Thoufil Ali cherathuvalappil yoosaf","thoufilalicy@gmail.com","49","17623701140","","","User","06 Dec 2025 (07:18:50 pm)"
"Adrian","Adrian.farago@yahoo.com","44","7587504612","","","User","06 Dec 2025 (12:15:42 pm)"
"Jewel Jais","jasjewelz@gmail.com","44","7835841100","","","User","06 Dec 2025 (12:09:00 pm)"
"Adrian Adrian Farago","adrian.farago@yahoo.com","44","7587 504612","","","User","06 Dec 2025 (11:23:15 am)"
"user3454307340","user3454307340@gmail.com","92","3454307340","","","User","05 Dec 2025 (08:19:42 pm)"
"Pranvi Narang","pranavinarang2@gmail.com","91","9729768046","","","User","04 Dec 2025 (10:19:14 pm)"
"ADITYA DAS","aditya.das@gmail.com","44","+449845099299","","","User","04 Dec 2025 (08:24:04 pm)"
"Basil Thambi","basil99.thambi@gmail.com","44","7900285553","","","User","04 Dec 2025 (06:52:07 pm)"
"Vivek Dhanaraj","vivekdhanaraj90@gmail.com","49","15124427316","","","User","04 Dec 2025 (02:05:44 pm)"
"user93425031941","user93425031941@gmail.com","54","93425031941","","","User","04 Dec 2025 (01:50:38 pm)"
"Dumitru Melciu","mihaelamelciu@yahoo.com","44","7917935045","","","User","04 Dec 2025 (01:12:55 pm)"
"Maaz tahir","Maaztahir.1997@gmail.com","44","7472492562","","","User","04 Dec 2025 (01:11:15 pm)"
"Gaatha","gaathamanoj143@gmail.com","91","+918129595143","","","User","04 Dec 2025 (05:00:20 am)"
"Dalveer kaur","deerubatth@gmail.com","44","7352672333","","","User","03 Dec 2025 (09:50:27 pm)"
"Lima Oloyede","oloyede31@gmail.com","44","7428186106","","","User","03 Dec 2025 (09:49:28 pm)"
"user7447374016","user7447374016@gmail.com","44","7447374016","","","User","03 Dec 2025 (08:57:22 pm)"
"Abdirizak Yusuf","Whiteflowerflwr@yahoo.co.uk","44","7545322033","","","User","03 Dec 2025 (07:41:45 pm)"
"LEORA JOSE","leora.aerthail07@gmail.com","49","17686255704","","","User","03 Dec 2025 (06:38:08 pm)"
"jane ubod","sombilonofeliajane@gmail.com","44","+449913066045","","","User","03 Dec 2025 (02:10:21 pm)"
"Andrei-Vladut Vintu","vintuvladut@gmail.com","44","7547721384","","","User","02 Dec 2025 (09:55:22 pm)"
"Kalaichelvi Navaneethan","Navakala24@gmail.com","44","7830764287","","","User","02 Dec 2025 (02:16:27 pm)"
"DEV prakash","prakashdevved@gmail.com","91","9953021657","","","User","02 Dec 2025 (02:13:58 pm)"
"Palak","palak.warrgyizmorsch@gmail.com","","","","","Sub Writer","02 Dec 2025 (06:55:33 am)"
"Marius Nica","pastcyber@gmail.com","40","760294757","","","User","01 Dec 2025 (10:28:03 pm)"
"Shagan","Shagankheri@gmail.com","44","7900863177","","","User","01 Dec 2025 (07:41:24 pm)"
"~Sumaiya","user7521456545@gmail.com","44","7521456545","","","User","01 Dec 2025 (02:10:36 pm)"
"Alexandra Vrinceanu","Alexandra.vrinceanu90@yahoo.com","44","7448232495","44","7473497241","User","28 Nov 2025 (10:10:02 pm)"
"user9744980334","user9744980334@gmail.com","91","9744980334","","","User","28 Nov 2025 (06:14:39 pm)"
"user7823431101","user7823431101@gmail.com","44","7823431101","","","User","28 Nov 2025 (06:13:57 pm)"
"anandita gupta","Ananditagupta88@gmail.com","91","7827885490","","","User","28 Nov 2025 (04:42:12 pm)"
"Ruth Ejechi","Ruthejechi84@yahoo.com","44","7462022194","","","User","28 Nov 2025 (02:13:30 pm)"
"Mihaela rotaru","rotaru.mihaelacristina@yahoo.com","","","","","User","28 Nov 2025 (02:12:33 pm)"
"Mihaela rotaru","rotaru.mihaelacristina@ yahoo.com","44","7910001408","","","User","28 Nov 2025 (02:09:29 pm)"
"Qudus Gbolahan Adewuyi","qadewuyi5@gmail.com","","","","","User","28 Nov 2025 (01:23:32 pm)"
"Kenil patel","Kenilpatel1626@gmail.com","44","7557581192","","","User","27 Nov 2025 (09:30:21 pm)"
"Dana Toader","toaderdana.floare23@gmail.com","44","7432852107","","","User","27 Nov 2025 (08:29:25 pm)"
"CRISTINA IOANA NITU","criskiki88@yahoo.com","44","7429011626","","","User","27 Nov 2025 (08:29:23 pm)"
"Shaiju mathew","Shaijumathew2050@gmail.com","91","7736888030","","","User","27 Nov 2025 (01:37:35 pm)"
"Soraia Silva","Soraia91taty@hotmail.com","44","7754801558","","","User","26 Nov 2025 (06:36:37 pm)"
"user+353 (89) 969 4876","sharonjohn@768","44","+353 (89) 969 4876","","","User","26 Nov 2025 (04:49:03 pm)"
"Armanpreet kaur","armanpreet27122003@gmail.com","44","7404757297","","","User","25 Nov 2025 (07:24:00 pm)"
"user3179933313","user3179933313@gmail.com","92","3179933313","","","User","25 Nov 2025 (07:21:08 pm)"
"user1624182115","user1624182115@gmail.com","49","1624182115","","","User","25 Nov 2025 (04:07:03 pm)"
"C C Bruma","ccbruma@me.com","44","7912042542","","","User","25 Nov 2025 (03:45:31 pm)"
"user8235020056","sujitkumar95257334@gmail.com","44","8235020056","","","User","25 Nov 2025 (12:38:22 am)"
"user8884246291","user8884246291@gmail.com","91","8884246291","","","User","24 Nov 2025 (06:39:41 pm)"
"preet se","user7352688470@gmail.com","44","7352688470","","","User","24 Nov 2025 (01:37:38 pm)"
"Zaara Ishaq","user7450339091@gmail.com","44","7450339091","","","User","24 Nov 2025 (01:36:45 pm)"
"Satish Badiger","sbadiger3@gmail.com","44","+4415560731486","","","User","24 Nov 2025 (01:29:13 pm)"
"Ionut Liviu Covaciu","Lazarovichu2@gmail.com","44","7950576610","","","User","22 Nov 2025 (06:35:23 pm)"
"user7835097038","user7835097038@gmail.com","44","7835097038","","","User","22 Nov 2025 (03:51:09 pm)"
"Queen iziegbe oriabure","mamaelor@gmail.com","44","7827443804","","","User","22 Nov 2025 (01:52:51 pm)"
"Dheepthaa Gnanasundaram","dheepthaa95@gmail.com..","44","7767943042","","","User","22 Nov 2025 (01:40:38 pm)"
"Suvetha Subramanian","daisydavis2001@gmail.com","91","9902933034","","","User","22 Nov 2025 (01:37:33 pm)"
"Harpreet singh","mk4967899@gmail.com","44","7459731461","","","User","21 Nov 2025 (06:08:57 pm)"
"user7352678117","user7352678117@gmail.com","44","7352678117","","","User","21 Nov 2025 (05:04:42 pm)"
"Sadikshya Tamu","sadikshyatamu884@gmail.com","44","7352132509","","","User","21 Nov 2025 (12:08:27 pm)"
"user9398216321","user9398216321@gmail.com","91","9398216321","","","User","20 Nov 2025 (01:58:17 pm)"
"Sreelakshmi","sreelakshmibalakrishnan.ie@gmail.com","91","9074056085","","","User","20 Nov 2025 (01:10:07 pm)"
"user7894157717","user7894157717@gmail.com","44","7894157717","","","User","20 Nov 2025 (01:09:05 pm)"
"Abdul basith chemmalappara","abdulbasithcp2002@gmail.com","91","7994190662","","","User","20 Nov 2025 (01:00:31 pm)"
"annie brown","anniebrown1173@gmail.com","","","","","User","20 Nov 2025 (09:39:20 am)"
"BABILU GEORGE","babilugeorge25@gmail.com","91","9656703363","","","User","19 Nov 2025 (10:25:03 pm)"
"user7867233405","user7867233405@gmail.com","44","7867233405","","","User","19 Nov 2025 (06:36:20 pm)"
"Vidya John David","Vidyajd13@gmail.com","91","7000215525","","","User","19 Nov 2025 (02:04:36 pm)"
"Ann Maria Roy","annpullolil@gmail.com","91","8089036150","","","User","19 Nov 2025 (02:02:37 pm)"
"PAVAN KOLA","pavankola900@gmail.com","44","7352685565","","","User","19 Nov 2025 (01:31:37 pm)"
"Mark Sigesmond Bockarie","macbocksl@yahoo.com","232","+23276402915","","","User","19 Nov 2025 (12:31:18 pm)"
"Nimra Nazir","muhammadnazir7400@gmail.com","44","+443281302700","","","User","19 Nov 2025 (10:57:19 am)"
"Sergey Tihomirov Iliyanov","Aleksandrailiyanova2014@gmail.com","44","+447404604508","","","User","19 Nov 2025 (07:35:05 am)"
"Lavinia","michidaniel@yahoo.com","44","7787219043","","","User","18 Nov 2025 (10:36:17 pm)"
"user7820256618","user7820256618@gmail.com","964","7820256618","","","User","18 Nov 2025 (08:38:55 pm)"
"Cristina Ticau","cristinaticau68@gmail.com","44","7763652043","","","User","18 Nov 2025 (07:01:34 pm)"
"Kithsiri Madanwala Gedara","kbabeyrathna@gmail.com.","94","752163242","","","User","18 Nov 2025 (02:07:14 pm)"
"Altagracia,","Chalaperalta@hotmail.com","44","7807211075","","","User","18 Nov 2025 (02:06:57 pm)"
"Huma","qr126404@gmail.com","92","+923266494891","","","User","18 Nov 2025 (09:56:59 am)"
"Lubna","user7498197009@gmail.com","44","7498197009","","","User","18 Nov 2025 (08:32:28 am)"
"Rajshri Kirsing Valvi","rajshrivalvi4@gmail.com","44","+449404934473","","","User","18 Nov 2025 (04:46:02 am)"
"Kartik Kumar","kumarkartik3@gmail.com","44","+447400768749","","","User","18 Nov 2025 (12:04:40 am)"
"Iulia Alexandra Brandabur","Shakiulia@yahoo.com","44","7424893080","","","User","17 Nov 2025 (07:49:24 pm)"
"ROHITH MANIKANDAN","user6282988165@gmail.com","91","6282988165","","","User","17 Nov 2025 (07:33:10 pm)"
"KIRANDEEP KAUR","Kaurkiran208@yahoo.com","44","7456036541","","","User","17 Nov 2025 (01:48:04 pm)"
"Katalin Rozalia Balazs","bereikatalin7@gmail.com","44","7471672335","","","User","17 Nov 2025 (01:44:26 pm)"
"user980313887","user980313887@gmail.com","211","980313887","","","User","14 Nov 2025 (08:22:01 pm)"
"george clarky","jasontodl2@gmail.com","44","+447490327935","","","User","14 Nov 2025 (05:50:02 pm)"
"user7877372378","user7877372378@gmail.com","91","7877372378","","","User","14 Nov 2025 (05:43:53 pm)"
"user7733295071","user7733295071@gmail.com","44","7733295071","","","User","14 Nov 2025 (05:43:11 pm)"
"Simona Rogleva","simonarogleva@gmail.com","44","7743948626","","","User","13 Nov 2025 (09:38:30 pm)"
"user17624275535","user17624275535@gmail.com","49","17624275535","","","User","12 Nov 2025 (07:50:29 pm)"
"Denis karanja.","moses_krnj@yahoo.co.uk","44","7480850509","","","User","12 Nov 2025 (06:15:00 pm)"
"user7867034766","user7867034766@gmail.com","44","7867034766","","","User","12 Nov 2025 (05:06:19 pm)"
"user9561984636","user9561984636@gmail.com","91","9561984636","","","User","11 Nov 2025 (04:15:19 pm)"
"~Eloghosa Lawani","user7459386992@gmail.com","44","7459386992","","","User","11 Nov 2025 (01:41:59 pm)"
"Eufrozina Szabo","szabofruzsi25@gmail.com","44","7931539141","","","User","11 Nov 2025 (01:41:27 pm)"
"user8113458014","user8113458014@gmail.com","234","8113458014","","","User","10 Nov 2025 (07:56:10 pm)"
"Aminata Kanoute","Mail: kanouteaminata@yahoo.com","44","7591359985","","","User","09 Nov 2025 (09:10:46 pm)"
"Aminata Kanoute","kanouteaminata@yahoo.com","","","","","User","09 Nov 2025 (04:02:17 pm)"
"Mehak","mehaksaini847@gmail.com","44","7899095966","","","User","09 Nov 2025 (01:08:14 pm)"
"Pavel Rosenov Pavlov","pavelrosenov7@gmail.com","44","7417502024","","","User","09 Nov 2025 (11:30:30 am)"
"Aanchal","ankurjatav418@gmail.com","44","+446396385941","","","User","09 Nov 2025 (08:07:14 am)"
"Mudasir Ali","alimudasir859@yahoo.com","","","","","User","08 Nov 2025 (04:48:46 pm)"
"Sarita Carneiro","Saritacarneiro443@gmail.com","44","7405972009","","","User","08 Nov 2025 (02:04:25 pm)"
"~Odira","user7352206479@gmail.com","44","7352206479","","","User","08 Nov 2025 (02:03:59 pm)"
"Shivam Patel","patelshivam6103@gmail.com","44","7900684835","","","User","08 Nov 2025 (01:34:15 pm)"
"P.bhavani","jijiyabhavani@gmail.com","44","+449502870474","","","User","08 Nov 2025 (07:42:27 am)"
"Shalani manikpuri","yadavniraj22177@gmail.com","44","+447999487721","","","User","07 Nov 2025 (04:25:23 pm)"
"Laldin khan","khanlaldin@gmale.com","44","+449103340154","","","User","07 Nov 2025 (04:09:19 pm)"
"Denis Karanja","user7823659953@gmail.com","44","7823659953","","","User","07 Nov 2025 (01:52:37 pm)"
"~Kolanja","user17693199228@gmail.com","49","17693199228","","","User","07 Nov 2025 (01:52:08 pm)"
"Bhagya","user17687731064@gmail.com","49","17687731064","","","User","06 Nov 2025 (07:21:20 pm)"
"Deep Solanki","lampster997@gmail.com","44","7799753160","","","User","05 Nov 2025 (10:17:32 pm)"
"MOHAN SAI GOPI NADH GUNDAMI","Mohansaigundami@gmail.com","44","7479333314","","","User","04 Nov 2025 (04:38:53 pm)"
"Ako Dorcas Bedi","Bedi.dorcas@yahoo.com","44","7964035562","","","User","04 Nov 2025 (04:36:22 pm)"
"Zawadi Nibigira","hidaya01@hotmail.com","44","7915039627","","","User","04 Nov 2025 (04:36:05 pm)"
"Mihai Rusu","mihai1195rusu@gmail.com","44","7511668405","","","User","04 Nov 2025 (02:21:01 pm)"
"Lanish","lanishthomas28@gmail.com","","","","","User","04 Nov 2025 (01:33:22 pm)"
"HANSINI","hansini.boppudi@gmail.com","44","+448248299561","","","User","04 Nov 2025 (12:35:32 pm)"
"ayeesha abbigeri","user7625067730@gmail.com","91","7625067730","","","User","03 Nov 2025 (07:31:56 pm)"
"Mahitra","user8122296454@gmail.com","91","8122296454","","","User","03 Nov 2025 (07:26:54 pm)"
"user474583620","user474583620@gmail.com","61","474583620","","","User","03 Nov 2025 (02:14:01 pm)"
"Adnan Qureshi","adnanqure10@gmail.com","49","15560150116","","","User","03 Nov 2025 (01:38:30 pm)"
"Gousiyafathiya","gusiyafatima236@gmail.com","44","+448179090883","","","User","03 Nov 2025 (05:40:19 am)"
"Abhishek rawat","abhishekrawatar195@gmail.com","44","7887160443","","","User","02 Nov 2025 (06:34:10 pm)"
"Kavita","Kavitadhariwal2018@gmail.com","44","7352672025","","","User","02 Nov 2025 (12:49:51 pm)"
"Hollis Reynolds","araceli.koelpin@rezult.org","44","+447587641980","","","User","02 Nov 2025 (12:36:35 pm)"
"Kevin Pappachan Saji","kevinpsaji03@gmail.com","91","9188015688","","","User","02 Nov 2025 (12:07:43 pm)"
"Samantha kaneza","Kanezakelly@icloud.com","44","7926348906","","","User","02 Nov 2025 (11:20:08 am)"
"Muhammad Sarfaraz","Aqibsarfraz290@gmail.com","44","7464009976","","","User","02 Nov 2025 (10:50:32 am)"
"Anchal Thokar","anchalrajput130@gmail.com","44","7830073650","","","User","01 Nov 2025 (05:40:54 pm)"
"Charmiiiii","Charmiiii@warrgyizmorsch.com","","","","","WriterTL","01 Nov 2025 (07:10:33 am)"
"rao suhaima","raosuhaimakhan@gmail.com","44","+443132697482","","","User","31 Oct 2025 (01:39:47 pm)"
"Ana maria sava rotila,","sava_ana_maria@yahoo.com","40","774597102","","","User","31 Oct 2025 (01:38:02 pm)"
"Hrushik Parekh","Hrushikparekh@gmail.com","44","7405492917","","","User","30 Oct 2025 (09:11:26 pm)"
"Thrimil","solankithrimil@gmail.com","44","7799514393","","","User","30 Oct 2025 (06:53:24 pm)"
"PARVEZ SHAIKH","Xecparvez007@gmail.com","44","7459921735","","","User","30 Oct 2025 (01:44:03 pm)"
"Geevanveer Sran","11geevanveerkaur31@gmail.com","44","7352665151","","","User","30 Oct 2025 (01:39:39 pm)"
"Banga Nigel Tinashe","nigelbanga24@gmail.com","44","+44780081615","","","User","30 Oct 2025 (01:28:30 pm)"
"Maddie","tolmiem@gmail.com","","04786389","","","User","30 Oct 2025 (10:31:36 am)"
"Angelina Mafuta","angeljose87@hotmail.com","44","7496901783","","","User","29 Oct 2025 (05:57:09 pm)"
"Nazar Abdelaziz","user7949374479@gmail.com","44","7949374479","","","User","29 Oct 2025 (05:51:09 pm)"
"Gabriela Moldovan","Gabrielamoldovan87@gmail.com","44","7506287968","","","User","29 Oct 2025 (11:50:42 am)"
"Paul Laye","paullaye000@live.co.uk","","","","","User","29 Oct 2025 (09:29:49 am)"
"Bonam Tanusha","nimmisuma59@gmail.com","91","+918978937157","","","User","29 Oct 2025 (07:32:39 am)"
"user9950643371","ranawatpushpendra17@gmail.com","91","9950643371","","","User","29 Oct 2025 (07:08:06 am)"
"Varsha Varsha","Varshamor89305@gmail.com","44","7440708916","","","User","28 Oct 2025 (07:23:26 pm)"
"Angela Florea","floreaangela740@gmail.com","44","7395826122","","","User","28 Oct 2025 (06:21:18 pm)"
"Joel Nelson","joel.nelsonmv@gmail.com","44","7554468186","","","User","28 Oct 2025 (02:07:20 pm)"
"MUHAMMAD JAWAD GORAYA","jawadgoraya5790@gmail.com","44","7717947349","","","User","28 Oct 2025 (02:05:14 pm)"
"EDWIGE TATY BITEMO","raissa-taty@hotmail.fr","44","7803001090","","","User","28 Oct 2025 (01:48:47 pm)"
"Cristina Burgui","cristina.burgui@yahoo.co.uk","44","7894762978","","","User","28 Oct 2025 (01:35:11 pm)"
"Lavi Kundra","lavikundra1@gmail.com","","","","","User","28 Oct 2025 (09:00:12 am)"
"edonatus2703h","user8147712842@gmail.com","234","8147712842","","","User","28 Oct 2025 (08:32:57 am)"
"Mohit kalra","mohitkalra2437@gmail.com","44","7887159088","","","User","27 Oct 2025 (10:38:58 pm)"
"user8160397968","user8160397968@gmail.com","91","8160397968","","","User","27 Oct 2025 (06:06:26 pm)"
"ATHULRAJ ATHULRAJ","rajathul288@gmail.com","91","8129642715","","","User","27 Oct 2025 (06:04:26 pm)"
"Saranjeet Kaur","kaursaranjeet45@gmail.com","44","7481498522","","","User","27 Oct 2025 (05:33:21 pm)"
"Vinayak sathyan","Vinayaksathyan001@gmail.com","44","7352682087","","","User","27 Oct 2025 (01:54:43 pm)"
"Gibin Aby","gibinaby555@gmail.com","91","7306092332","","","User","27 Oct 2025 (01:52:58 pm)"
"Steve john","stevejohn7034@gmail.com","353","894645007","","","User","27 Oct 2025 (01:46:02 pm)"
"Victoria Galan","galvic310@gmail.com","44","7883733080","","","User","27 Oct 2025 (01:40:20 pm)"
"Ajay Nilesh Bhagwat","ajaybhahwat@gmail.com","91","+917709097837","","","User","27 Oct 2025 (07:25:16 am)"
"Annu","Annuantil2016@gmail.com","44","7778298673","","","User","26 Oct 2025 (07:17:38 pm)"
"Harman Chumber","chumberharman86@gmail.com","44","7448016141","","","User","26 Oct 2025 (12:57:57 pm)"
"user7778687072","user7778687072@gmail.com","44","7778687072","","","User","26 Oct 2025 (12:52:14 pm)"
"JOEL POTTACKA JOSE","Joelpottacka@gmail.com","49","17665971925","","","User","26 Oct 2025 (11:58:00 am)"
"Lizzie","lizzieoj15@gmail.com","44","+447444025422","","","User","26 Oct 2025 (11:26:44 am)"
"Abhiramy M Udhayan","abhiramymu888@gmail.com","91","7736947594","","","User","26 Oct 2025 (10:13:50 am)"
"MOLLY NDOYA","user7388346691@gmail.com","44","7388346691","","","User","25 Oct 2025 (08:59:32 pm)"
"Saka Bodunrinde","user7404801754@gmail.com","44","7404801754","","","User","25 Oct 2025 (08:42:48 pm)"
"Prisha Surana","prishasurana29@gmail.com","91","7096100000","","","User","25 Oct 2025 (07:32:36 pm)"
"Devansh mittal","devanshmittal164@gmail.com","91","7990229545","","","User","25 Oct 2025 (07:32:10 pm)"
"Miss Sandrine Mafolo","Sandrineyollande@gmail.com","44","7763332589","","","User","24 Oct 2025 (10:55:16 pm)"
"Vipin Kalesh","Vipinraj0479@gmail.com","44","7798632257","","","User","24 Oct 2025 (10:22:56 pm)"
"Anandhakrishnan","anandhakrishnankr200@gmail.com","91","8921065482","","","User","24 Oct 2025 (09:14:57 pm)"
"user8360499978","user8360499978@gmail.com","91","8360499978","","","User","24 Oct 2025 (08:32:15 pm)"
"user7900676140","user7900676140@gmail.com","44","7900676140","","","User","24 Oct 2025 (03:24:51 pm)"
"Augustine Daniel Ajayi","austomus@yahoo.com","44","7459764218","","","User","24 Oct 2025 (02:01:53 pm)"
"Audrey Riley","audreyriley73@gmail.com","44","7958619305","","","User","23 Oct 2025 (11:58:50 pm)"
"Dragitsa Petrovich","dannynimany@yahoo.com","44","7479483356","","","User","23 Oct 2025 (10:05:01 pm)"
"lnga Gardauskaite","ingagardauskaite@outlook.com","44","7728468238","","","User","23 Oct 2025 (09:10:30 pm)"
"user7887916959","user7887916959@gmail.com","44","7887916959","","","User","23 Oct 2025 (08:56:35 pm)"
"unknown","user7899787750@gmail.com","44","7899787750","","","User","23 Oct 2025 (03:08:26 pm)"
"Tickouai","Tikouai31@gmail.com","44","7960061178","","","User","23 Oct 2025 (03:07:08 pm)"
"~Ibrahima Tall","user7466381573@gmail.com","44","7466381573","","","User","23 Oct 2025 (03:06:46 pm)"
"Mr Aime N Kiomba","aimekiong@hotmail.com","44","7432866118","","","User","23 Oct 2025 (03:00:39 pm)"
"~Nikita Nana","nanishwilson2@gmail.com","44","7736320329","","","User","23 Oct 2025 (02:58:24 pm)"
"Sine Bibin","Mathewmara92@gmail.com","353","892761399","","","User","23 Oct 2025 (02:48:08 pm)"
"Lanish thomas","lanesh.thomas@gmail.com","353","894405310","","","User","23 Oct 2025 (02:46:05 pm)"
"Kiranpreet Kaur","Samplaykiranpreet377@gmail.com","44","7887159055","","","User","22 Oct 2025 (10:56:26 pm)"
"user15129638349","user15129638349@gmail.com","49","15129638349","","","User","22 Oct 2025 (08:44:04 pm)"
"Rene Bogyah","renebogyah@hotmail.com","44","7735590609","","","User","22 Oct 2025 (07:53:42 pm)"
"Andreea Cristina Coldea","andreeacrystinacoldea@yahoo.com","44","7703620052","","","User","22 Oct 2025 (02:53:50 pm)"
"Daniel buckworth","danielbuckworth2025@gmail.com","","0481012482","","","User","22 Oct 2025 (02:07:11 am)"
"user7879389964","user7879389964@gmail.com","44","7879389964","","","User","21 Oct 2025 (11:43:57 pm)"
"Ludmila Gleazna","liudmilaungureanu@mail.ru","44","7521725067","","","User","21 Oct 2025 (10:07:09 pm)"
"user7342223020","user7342223020@gmail.com","44","7342223020","","","User","21 Oct 2025 (07:33:47 pm)"
"Kseniya Gayle","Kseniya@iere.co.uk","44","7846232354","","","User","21 Oct 2025 (07:33:06 pm)"
"Alisha","Alishagupta825@gmail.com","44","7307007664","","","User","21 Oct 2025 (07:25:25 pm)"
"Gary Green","grngary445@aol.co.uk","44","7368289375","","","User","21 Oct 2025 (03:14:39 pm)"
"christy georgereji","christygeorgereji@gmail.com","91","8157024467","","","User","21 Oct 2025 (03:01:16 pm)"
"Luna Everly","lunaeverly.marketingmanager@gmail.com","44","+447446284765","","","User","20 Oct 2025 (06:15:24 pm)"
"Nicoleta Lovin","Nicoleta Lovin  Nlovin97@yahoo.com","44","7305498581","","","User","20 Oct 2025 (02:35:34 pm)"
"Nicoleta","nlovin97@yahoo.com","","","","","User","20 Oct 2025 (12:21:51 pm)"
"Valdemiro Paquete","vspaquete@gmail.com","44","7709003579","","","User","19 Oct 2025 (06:45:21 pm)"
"user7931754407","user7931754407@gmail.com","44","7931754407","","","User","19 Oct 2025 (12:25:14 pm)"
"josit mathew","Josit4@gmail.com","91","9742498554","","","User","18 Oct 2025 (07:05:35 pm)"
"Christy john Phillip","christyjohnphilip@gmail.com","44","7887189667","","","User","18 Oct 2025 (06:53:21 pm)"
"Lavi kundra","user7352665724@gmail.com","44","7352665724","","","User","17 Oct 2025 (02:54:47 pm)"
"Amalnath Chirayil Sethunath","amalnath2224@gmail.com","91","8606150381","","","User","17 Oct 2025 (02:04:12 pm)"
"Amal Alonaizi","alonaiziamal@gmail.com","44","7459341815","","","User","16 Oct 2025 (11:45:30 pm)"
"LAVI KUNDRA","user9306337244@gmail.com","91","9306337244","","","User","16 Oct 2025 (03:22:09 pm)"
"SOLOMON AWIIU","user923788900@gmail.com","211","923788900","","","User","16 Oct 2025 (03:21:47 pm)"
"chio","user7479999938@gmail.com","44","7479999938","","","User","16 Oct 2025 (03:21:23 pm)"
"CHAUDHARY AMISH","user3107911726@gmail.com","92","3107911726","","","User","16 Oct 2025 (03:21:00 pm)"
"EDUARDO","user4896769755@gmail.com","55","4896769755","","","User","16 Oct 2025 (03:19:27 pm)"
"Rishu","user8223929277@gmail.com","91","8223929277","","","User","16 Oct 2025 (03:18:54 pm)"
"KVETA","Kvetaenevova@yahoo.co.uk","44","7960688814","","","User","16 Oct 2025 (12:53:58 pm)"
"Sanna","Sanaagarg0707@gmail.com","44","7833748555","","","User","15 Oct 2025 (10:25:14 pm)"
"Ayush","user7352685699@gmail.com","44","7352685699","","","User","15 Oct 2025 (02:49:44 pm)"
"Karan Kumar","KaranKumar72959@gmail.com","44","7466861121","","","User","15 Oct 2025 (02:31:40 pm)"
"jack luciano","jackluciano44@gmail.com","","","","","User","15 Oct 2025 (10:09:28 am)"
"Moe","dhaimimohammad45@gmail.com","","0414337011","","","User","15 Oct 2025 (09:10:40 am)"
"rlFoxhISG","uvaxonek266@gmail.com","44","+449040063524","","","User","15 Oct 2025 (05:14:08 am)"
"Agampreet Singh","agampreet2002@gmail.com","91","8872001709","","","User","14 Oct 2025 (08:09:11 pm)"
"user7353890920","user7353890920@gmail.com","91","7353890920","","","User","14 Oct 2025 (05:31:11 pm)"
"user7553189823","user7553189823@gmail.com","44","7553189823","","","User","14 Oct 2025 (05:29:57 pm)"
"~Borka Angelkovski","boki_te@hotmail.co.uk","44","7912521709","","","User","14 Oct 2025 (03:42:29 pm)"
"Egure Sophia blessing","Sophiainsider@yahoo.com","234","8131886066","","","User","14 Oct 2025 (02:35:40 pm)"
"Trupti Sawant","truptisawant192@gmail.com","353","899498948","","","User","13 Oct 2025 (11:02:33 pm)"
"Alex kallo","alexkallo31@gmail.com","44","7542515717","","","User","13 Oct 2025 (09:03:16 pm)"
"Doris1961!","cassandre82@dpvmx.com","1","+13202894808","","","User","13 Oct 2025 (04:43:03 pm)"
"Safwan","user15214234994@gmail.com","49","15214234994","","","User","13 Oct 2025 (01:25:14 pm)"
"jesna","jesnaans165@gmail.com","91","8590414913","","","User","13 Oct 2025 (01:20:20 pm)"
"Kwado","kwadwoabrempong@yahoo.com","44","7543549513","","","User","11 Oct 2025 (07:53:49 pm)"
"Sheetal nair","sheetalnair.919@gmail.com","353","892456348","","","User","11 Oct 2025 (07:36:45 pm)"
"ScottHussy","fqetaa7zd@mozmail.com","","","","","User","11 Oct 2025 (01:03:48 pm)"
"Amanda","user7586030105@gmail.com","44","7586030105","","","User","10 Oct 2025 (03:24:08 pm)"
"Abigail","user7393309056@gmail.com","44","7393309056","","","User","10 Oct 2025 (03:23:41 pm)"
"Charles Oseo-Amachie","user7340858397@gmail.com","44","7340858397","","","User","10 Oct 2025 (03:23:24 pm)"
"DHRUV PANCHAL","user7587991540@gmail.com","44","7587991540","","","User","10 Oct 2025 (03:23:03 pm)"
"Sonu kuriakose","Sonukuriakose1910@gmail.com","91","9972738859","","","User","09 Oct 2025 (11:04:54 pm)"
"Esther Donatus","edonatus2703@gmail.com","234","+2348147712842","","","User","09 Oct 2025 (10:58:50 pm)"
"AKSHAYA UDAYAKUMAR","akshayauday1507@gmail.com","91","8907959698","","","User","09 Oct 2025 (10:53:46 pm)"
"user7447668936","user7447668936@gmail.com","44","7447668936","","","User","09 Oct 2025 (09:04:32 pm)"
"Flobiz Seo","flobizseoagencey@gmail.com","44","+443034565456","","","User","09 Oct 2025 (11:33:36 am)"
"user1792204154","user1792204154@gmail.com","49","1792204154","","","User","08 Oct 2025 (07:05:31 pm)"
"Deep Maru","deepmaru420@gmail.com","91","6355932920","","","User","08 Oct 2025 (03:16:41 pm)"
"ATHIRAJOY","user894725863@gmail.com","353","894725863","","","User","08 Oct 2025 (10:15:11 am)"
"user7466212986","user7466212986@gmail.com","44","7466212986","","","User","07 Oct 2025 (06:28:08 pm)"
"Ap","user7423117714@gmail.com","44","7423117714","","","User","07 Oct 2025 (03:20:47 pm)"
"STERLIN","sterlinsanthosh00@gmail.com","353","892173424","","","User","07 Oct 2025 (03:20:27 pm)"
"nlxvCAXPVUMSIPB","ahunuvapal999@gmail.com","44","+446012530117","","","User","07 Oct 2025 (05:12:44 am)"
"Irin Elizabeth Joseph","irineliza417@gmail.com","91","8589899629","","","User","06 Oct 2025 (02:55:44 pm)"
"Parvathy","user7902448209@gmail.com","91","7902448209","","","User","06 Oct 2025 (02:54:09 pm)"
"user458472974","user458472974@gmail.com","61","458472974","","","User","05 Oct 2025 (03:28:38 pm)"
"user7022395627","user7022395627@gmail.com","91","7022395627","","","User","05 Oct 2025 (03:26:57 pm)"
"JAMESKUTTY PARAPPALLIKUNNEL JARADHU","jamespj7510@gmail.com","91","7510294610","","","User","05 Oct 2025 (03:13:53 pm)"
"Elina Yunal","user7851365100@gmail.com","44","7851365100","","","User","05 Oct 2025 (02:25:45 pm)"
"user6206654471","user6206654471@gmail.com","91","6206654471","","","User","04 Oct 2025 (07:11:30 pm)"
"ISAAC OPEYEMI","Babatundeisaacopeyemi@gmail.com","44","7823701036","","","User","04 Oct 2025 (03:12:48 pm)"
"TIM","user7495608635@gmail.com","44","7495608635","","","User","04 Oct 2025 (03:12:20 pm)"
"Lilyana Petkova Vartikashtova","Lilyannaa7@gmail.com","44","7727347664","","","User","04 Oct 2025 (03:11:43 pm)"
"GARV","user9109124646@gmail.com","91","9109124646","","","User","03 Oct 2025 (02:03:31 pm)"
"MEENU","meenukochumon10@gmail.com","353","899770553","","","User","02 Oct 2025 (01:09:35 pm)"
"Sania cheriyan","Saniacheriyan2206@gmail.com","91","9037869053","","","User","01 Oct 2025 (02:29:29 pm)"
"vinu","user735268208@gmail.com","44","735268208","","","User","01 Oct 2025 (02:26:16 pm)"
"hZQxdtZUNo","ubilebetawi56@gmail.com","44","+445001159587","","","User","01 Oct 2025 (12:45:51 pm)"
"Nimisha Akkara","nimishajoseakkara@gmail.com","44","7717252441","","","User","01 Oct 2025 (08:06:15 am)"
"rqcWkRGDdCUFjlyH","abexuwini781@gmail.com","44","+447530300541","","","User","30 Sep 2025 (08:10:30 pm)"
"lFMKiajDFbWsZzQ","xafuticaxo14@gmail.com","44","+447795867998","","","User","30 Sep 2025 (07:19:30 pm)"
"BabkKAnFgGcTmX","ebifawopeze61@gmail.com","44","+446780330028","","","User","30 Sep 2025 (06:18:16 pm)"
"user17620256348","user17620256348@gmail.com","49","17620256348","","","User","30 Sep 2025 (06:16:42 pm)"
"aOrhFMeBmD","otudevimi12@gmail.com","44","+449152371724","","","User","30 Sep 2025 (05:56:31 pm)"
"LuCmSxlYARJD","ikudufape358@gmail.com","44","+444917879568","","","User","30 Sep 2025 (04:58:58 pm)"
"wFXLAYLpKGQhqyx","voxalip154@gmail.com","44","+446473439733","","","User","30 Sep 2025 (04:56:06 pm)"
"Abo Elyas","Moneimab8@gmail.com","44","7936092052","","","User","30 Sep 2025 (03:24:54 pm)"
"Chaudhary Farooq","fchghulam@gmail.com","44","7417567604","","","User","29 Sep 2025 (10:02:56 pm)"
"Vishnu Menon","Vishnurmenon7558@gmail.com","44","7407659197","","","User","29 Sep 2025 (08:18:55 pm)"
"RADHIKA GOWDA","user7899412787@gmail.com","91","7899412787","","","User","29 Sep 2025 (03:27:58 pm)"
"Ioana Camja","ioanacamja@yahoo.com","44","7400992323","","","User","29 Sep 2025 (03:23:21 pm)"
"Abdul Wahab","wahaboutrech@gmail.com","","","","","User","29 Sep 2025 (12:58:14 pm)"
"Tamarah Hovland","abeeruseo@gmail.com","92","+923189971316","","","User","29 Sep 2025 (12:56:46 pm)"
"Dhruvee Madhvani","mdhruvee@gmail.com","49","15563516576","","","User","28 Sep 2025 (07:00:03 pm)"
"James Rutikanga","jamesrutikanga@yahoo.com","44","7718335067","","","User","28 Sep 2025 (12:57:52 pm)"
"Manisha Fernandez","manishaferns20@gmail.com","91","7083671085","","","User","27 Sep 2025 (05:53:24 pm)"
"user8306777087","user8306777087@gmail.com","91","8306777087","","","User","26 Sep 2025 (10:35:51 pm)"
"David","novahseo.uk@gmail.com","44","+443034592272","","","User","26 Sep 2025 (06:05:26 pm)"
"ABM","Akashrajesh7477@gamil.com","44","7440772108","","","User","26 Sep 2025 (02:42:44 pm)"
"Shohan verma","shyamraj2004verma@gmail.com","91","+917004753352","","","User","26 Sep 2025 (04:25:48 am)"
"Jasna muriyadan Jose","Jasnamjes@gmail.com","91","8281888213","","","User","25 Sep 2025 (06:13:21 pm)"
"SHIVA REDDY","user7584215878@gmail.com","44","7584215878","","","User","25 Sep 2025 (03:32:57 pm)"
"Sayed afreed","syedafreed61@gmail.com","49","15750077600","","","User","25 Sep 2025 (03:32:30 pm)"
"Ernest Francis","examloaded247@gmail.com","1","+16476181718","","","User","24 Sep 2025 (12:19:58 pm)"
"Ashkhen Aviet","aaviet4@gmail.com","44","7456499049","","","User","23 Sep 2025 (08:32:19 pm)"
"Roshani","roseraji2502@gmail.com","91","9342416617","","","User","23 Sep 2025 (07:15:48 pm)"
"Sneha Khunti","snehakhunti4728@gmail.com","44","7900625568","","","User","23 Sep 2025 (11:10:02 am)"
"Confidence  phiri","Phiriconfidence.02@gmail.com","260","+260772956665","","","User","22 Sep 2025 (05:40:32 pm)"
"Kuhhh","user8791994473@gmail.com","91","8791994473","","","User","22 Sep 2025 (11:48:27 am)"
"Claire Bernard","cbernard138@gmail.com","44","+445946881392","","","User","22 Sep 2025 (10:01:29 am)"
"Aakash Sinha","aakash280399@yahoo.com","91","9870577697","","","User","21 Sep 2025 (11:53:55 am)"
"dollantrump","trumpdollan@gmail.com","92","+923287565673","","","User","20 Sep 2025 (12:13:19 pm)"
"Adarsh","user9745225026@gmail.com","91","9745225026","","","User","19 Sep 2025 (03:19:52 pm)"
"Kuldip Singh","kuldipdandyan@gmail.com","44","7517749056","","","User","19 Sep 2025 (02:51:31 pm)"
"evelynisla38","evelynisla38@gmail.com","92","+923247429422","","","User","19 Sep 2025 (11:13:37 am)"
"Tenieka Richards","teniieka@live.co.uk","44","7474259555","","","User","18 Sep 2025 (11:36:00 pm)"
"Saurabh shakya","saurabhshakya@gmail.com","91","+919720352217","","","User","18 Sep 2025 (07:04:48 am)"
"Nina Luiza Cartas","user7309117405@gmail.com","44","7309117405","","","User","17 Sep 2025 (02:17:18 pm)"
"Nina Luiza Cartas","cninaluiza@yahoo.it","","","","","User","17 Sep 2025 (11:11:43 am)"
"Dipin Dileep","dipin.dileep000@gmail.com","49","15754054863","","","User","16 Sep 2025 (09:45:00 pm)"
"J. Reed","junereed06@gmail.com","1","+13125600810","","","User","16 Sep 2025 (03:18:58 am)"
"Rahat ali,","Rahat.ansari.1819@gmail.com","91","8006655293","","","User","15 Sep 2025 (02:44:14 pm)"
"user1792229952","ajeem8576@gmail.com","49","1792229952","","","User","15 Sep 2025 (11:06:17 am)"
"Destiny","DESTOLAA10@GMAIL.COM","44","+447841570061","","","User","14 Sep 2025 (12:45:53 am)"
"user6203470545","user6203470545@gmail.com","91","6203470545","","","User","13 Sep 2025 (06:48:50 pm)"
"Maria Narbert Camilus Maria Paulraj","mariacamilus07@gmail.com","44","7818599624","","","User","13 Sep 2025 (06:02:56 pm)"
"Thiha Soe","thihasoe.43668@gmail.com","49","15129461205","","","User","13 Sep 2025 (05:15:46 pm)"
"user9391532144","user9391532144@gmail.com","91","9391532144","","","User","13 Sep 2025 (03:44:02 pm)"
"Toluwani Faleye","toluwanifaleye@gmail.com","44","7881194142","","","User","13 Sep 2025 (03:30:53 pm)"
"asima ashraf","asimashraf84@yahoo.com","44","7477052628","","","User","13 Sep 2025 (03:27:13 pm)"
"Rejoice Byju","therejoicebyju@gmail.com","49","1791169997","","","User","12 Sep 2025 (03:14:02 pm)"
"ADHITHYAN","user7594023271@gmail.com","91","7594023271","","","User","10 Sep 2025 (03:15:13 pm)"
"Akshay Ajay Raj","akshayaraj369@gmail.com","91","8111822590","","","User","10 Sep 2025 (03:13:48 pm)"
"user7579461379","cholulu.25@gmail.com","44","7579461379","","","User","09 Sep 2025 (07:43:52 pm)"
"HAYL","fashion.sassy03@gmail.com","44","7424824161","","","User","09 Sep 2025 (06:05:20 pm)"
"Shailaja Dhotre","shailaja.dhotre@gmail.com","49","17641081090","","","User","07 Sep 2025 (07:50:26 pm)"
"Gurvinder Singh","gurvindersinghthinker@gmail.com","44","7990269808","","","User","07 Sep 2025 (07:33:04 pm)"
"Nicolae Tomi","Nicolaetomi0986@gmail.com","44","7725848362","","","User","06 Sep 2025 (02:05:47 pm)"
"Joshy Varghese","joshysuma69@gmail.com","44","7404616843","","","User","04 Sep 2025 (03:20:29 pm)"
"Temitayo Yusuff Lasisi","lasisi.temitayo@gmail.com","49","15751190054","","","User","04 Sep 2025 (03:10:09 pm)"
"user15215411836","user15215411836@gmail.com","49","15215411836","","","User","03 Sep 2025 (06:36:22 pm)"
"Daniel Paduraru","M.danielpaduraru@yahoo.com","44","7404298254","","","User","03 Sep 2025 (05:03:22 pm)"
"Wandry Batista","wandrybatista.seo@gmail.com","44","+443401161748","","","User","02 Sep 2025 (08:39:13 pm)"
"Jyothika Kaippully Jayakumar","user7733789378@gmail.com","44","7733789378","","","User","02 Sep 2025 (06:12:34 pm)"
"Bibek kumar sah","Sahb22109@gmail.com","44","7350190680","","","User","02 Sep 2025 (03:21:34 pm)"
"Inamullah","ik123321manshra@gmail.com","","03104634482","","","User","02 Sep 2025 (11:23:00 am)"
"user9330692414","cosmicphoenixpriestess@gmail.com","91","9330692414","","","User","31 Aug 2025 (09:32:16 am)"
"ARJUN SINGH","arjundeepsingh32@gmail.com","44","7440406288","","","User","31 Aug 2025 (08:51:02 am)"
"Sheraz","mmmmishaq786@gmail.com","44","+447400089560","","","User","31 Aug 2025 (06:48:31 am)"
"Naveen","user8570025905@gmail.com","91","8570025905","","","User","29 Aug 2025 (10:16:24 pm)"
"Manesh Kumar","mk7890234qw@gmail.com","44","7899095168","","","User","28 Aug 2025 (07:27:05 pm)"
"HYDÊR","hydersahb0@gmail.com","44","+443231171580","","","User","28 Aug 2025 (12:19:48 pm)"
"user3317272417","user3317272417@gmail.com","92","3317272417","","","User","27 Aug 2025 (06:01:06 pm)"
"DIGVIJAY PAWAR","pawardigvijay24@gmail.com","91","9975134337","","","User","27 Aug 2025 (02:26:40 pm)"
"ADHISH PILLAI","user894340139@gmail.com","353","894340139","","","User","27 Aug 2025 (01:23:19 pm)"
"Tiya rajput","karunarajput678@gmail.com","","9596270391","","","User","27 Aug 2025 (09:54:03 am)"
"SIRAJUDHEEN THEKKE KALLAM VEETTIL","Siraj.udhin1@gmail.com","49","17659956533","","","User","26 Aug 2025 (10:31:28 pm)"
"SUKHMAN","user7733270135@gmail.com","44","7733270135","","","User","26 Aug 2025 (02:35:34 pm)"
"AMAR  LAKH","user7960604638@gmail.com","44","7960604638","","","User","26 Aug 2025 (02:35:09 pm)"
"Balwant Singh","balwantsingh10200@gmail.com","44","7587940426","","","User","24 Aug 2025 (07:11:31 pm)"
"khushbakht","khushbakht133@gmail.com","","","","","User","24 Aug 2025 (02:21:21 pm)"
"Lijo","lijokunjachan24@gmail.com","49","15566280171","","","User","24 Aug 2025 (02:06:35 pm)"
"Lovepreet singh","ls0117215@gmail.com","44","7733471225","","","User","24 Aug 2025 (01:26:19 pm)"
"user7789587325","user7789587325@gmail.com","44","7789587325","","","User","24 Aug 2025 (12:32:11 pm)"
"user7035461931","user7035461931@gmail.com","234","7035461931","","","User","24 Aug 2025 (12:01:49 pm)"
"Sonu Kumar","sonusdg4@gmail.com","44","7733214979","","","User","22 Aug 2025 (09:20:41 pm)"
"Arshdeep Kaur Mahal","user7917777084@gmail.com","44","7917777084","","","User","22 Aug 2025 (12:31:38 pm)"
"Sandeep Kaur","sandeep787ksgmail.com","44","7733900729","","","User","22 Aug 2025 (12:27:28 pm)"
"Himanshu Himanshu","himanshuking969@gmail.com","44","7733904058","","","User","21 Aug 2025 (08:04:13 pm)"
"Manish Kumar","rikcy611@gmail.com","44","7721943980","","","User","21 Aug 2025 (07:53:21 pm)"
"user7733879394","user7733879394@gmail.com","44","7733879394","","","User","21 Aug 2025 (06:24:57 pm)"
"Gagandeep kaur","kaurg4414@gmail.com","44","7587273891","","","User","21 Aug 2025 (03:13:13 pm)"
"Winnie Mikayal","mikayalwinnie@gmail.com","44","+443287221210","","","User","21 Aug 2025 (12:42:01 pm)"
"sandeep kaur","kaursandeepuk0@gmail.com","44","7733904073","","","User","20 Aug 2025 (06:59:32 pm)"
"Mahsa Shiraghaei","Mahsashiraghaei@gmail.com","49","15112393128","","","User","20 Aug 2025 (04:35:56 pm)"
"Yeshua","utsjoshalmazan@gmail.com","","0432 231 449","","","User","20 Aug 2025 (08:40:44 am)"
"user15203018317","user15203018317@gmail.com","49","15203018317","","","User","18 Aug 2025 (09:33:22 pm)"
"Soyal Khan","akhatarshoaib446@gmail.com","44","7733364981","","","User","18 Aug 2025 (03:53:32 pm)"
"Jasleen kaur","Kaur.jazz833@gmail.com","44","7393069793","","","User","18 Aug 2025 (01:35:51 pm)"
"Abbas Chowdhury","user7503411874@gmail.com","44","7503411874","","","User","18 Aug 2025 (10:50:02 am)"
"Rishav Goyal","garrygoyal985@gmail.com","91","9988775642","","","User","17 Aug 2025 (05:55:25 pm)"
"Muhammad ansar Shahzad","Ansarqazi132@gmail.com","92","+923017037395","","","User","17 Aug 2025 (12:52:39 pm)"
"Abhiram Rejeendran","abhireji042@gmail.com","49","17676566304","","","User","16 Aug 2025 (09:09:44 pm)"
"Abhay Thapar","abhaythapar777@gmail.com","44","7405706785","","","User","16 Aug 2025 (07:36:54 pm)"
"Yashpal Singh","singhyashpal@warrgiyzmorsch.com","","0","","","Super Admin","16 Aug 2025 (11:28:49 am)"
"Jackie","imjpun@gmail.com","","981128399","","","User","15 Aug 2025 (01:38:04 am)"
"Shaba","shaba.warrgyizmorsch@gmail.com","","","","","Sub Writer","14 Aug 2025 (06:09:16 am)"
"Prabhjot","parbhjot1996@gmail.com","44","7424273746","","","User","13 Aug 2025 (11:04:49 pm)"
"final_final_final_testing","aksdlfj@gmail.com","91","9999999999","","","User","13 Aug 2025 (12:50:46 pm)"
"final_final_test","jonny@gmail.com","91","0000000000","","","User","13 Aug 2025 (12:27:08 pm)"
"final_test","asdfjkl@gmial.com","91","8787878787","","","User","13 Aug 2025 (12:23:00 pm)"
"testing","sdfs@gmail.ocm","91","33333333333","","","User","13 Aug 2025 (12:12:27 pm)"
"anshul_testing","askdfj@gmail.com","91","8888888888","","","User","13 Aug 2025 (12:08:00 pm)"
"SOURAV SUDHEER KUMAR","user9567568320@gmail.com","91","9567568320","","","User","11 Aug 2025 (07:07:37 pm)"
"RYAN SHARMA","ryansharma810@gmail.com","97","1525591081","","","User","11 Aug 2025 (07:06:34 pm)"
"user8806893236","user8806893236@gmail.com","91","8806893236","","","User","11 Aug 2025 (07:04:40 pm)"
"Miroslava Drosneva","Mstoyanowa@yahoo.com","44","7393223994","","","User","11 Aug 2025 (11:37:06 am)"
"Rahul","rahul_gadar2003@yahoo.com.au","","0416462643","","","User","11 Aug 2025 (04:19:41 am)"
"Alishba fayyaz","alishbajuttjutt47@gmail.com","92","3007616090","","","User","10 Aug 2025 (08:47:14 pm)"
"user7887147892","user7887147892@gmail.com","44","7887147892","","","User","10 Aug 2025 (01:50:40 pm)"
"user525591081","user525591081@gmail.com","971","525591081","","","User","10 Aug 2025 (01:00:21 pm)"
"user7352412895","user7352412895@gmail.com","44","7352412895","","","User","08 Aug 2025 (05:56:26 pm)"
"user17631532310","user17631532310@gmail.com","49","17631532310","","","User","07 Aug 2025 (09:59:05 pm)"
"Imran Akbar","m.imranakbar439@gmail.com","44","+443131675136","","","User","07 Aug 2025 (12:33:33 pm)"
"Qurban Ali","metechnologist@gmail.com","92","+923019437095","","","User","07 Aug 2025 (12:30:34 pm)"
"user9983409808","dev4.apolloinfotech@gmail.com","44","9983409808","","","User","07 Aug 2025 (10:42:28 am)"
"Vishwas Gopi Venkateshprasad","vishwasgopi96@gmail.com","49","1782599141","","","User","06 Aug 2025 (10:16:44 pm)"
"Hemil Sorathiya","sorathiyahemil2023@gmail.com","91","9016543666","","","User","06 Aug 2025 (08:18:03 pm)"
"ag","amrta4alpesh@gmail.com","","","","","User","06 Aug 2025 (06:37:47 am)"
"vaibhav amrutiya","vaibhavamrutiya01@gmail.com","","","","","User","06 Aug 2025 (05:47:34 am)"
"ADITHYA MANIKANDAN","user6381197279@gmail.com","91","6381197279","","","User","05 Aug 2025 (02:04:15 pm)"
"user7900355894","user7900355894@gmail.com","44","7900355894","91","8437224316","User","04 Aug 2025 (10:10:59 pm)"
"user3343343303","user3343343303@gmail.com","92","3343343303","","","User","04 Aug 2025 (04:11:06 pm)"
"jo Karika","heightz78@hotmail.com","","+61423265638","","","User","04 Aug 2025 (02:29:53 pm)"
"Muhammad Rehan Sarwar","emilrosheaoshea@gmail.com","92","+923095991167","","","User","04 Aug 2025 (12:44:31 pm)"
"Miss Jigishaben D Thakor","jigishathakor1612v@gmail.com","44","7823858812","","","User","03 Aug 2025 (07:20:18 pm)"
"Alexandra stanescu","alexandrastanescu16.as@gmail.com","44","7852387949","","","User","03 Aug 2025 (03:08:45 pm)"
"user9679564732","user9679564732@gmail.com","91","9679564732","","","User","02 Aug 2025 (06:31:57 pm)"
"Mathew Sajan","mathewsajan142@gmail.com","44","+447407036104","","","User","02 Aug 2025 (01:07:31 pm)"
"JHILAM","user9318391472@gmail.com","91","9318391472","","","User","01 Aug 2025 (05:34:23 pm)"
"Htet Htet Khine","htethtetkhine319@gmail.com","49","17680824960","","","User","01 Aug 2025 (03:36:18 pm)"
"anthony lianjer","anthonylianjer@gmail.com","92","+923022792099","","","User","01 Aug 2025 (08:25:09 am)"
"Andrei","mihaimzq95@icloud.com","","","","","User","01 Aug 2025 (07:30:14 am)"
"Abin Binoy","abinbinoy07@gmail.com","44","7553139830","","","User","31 Jul 2025 (11:32:04 pm)"
"user3278433772","user3278433772@gmail.com","92","3278433772","","","User","31 Jul 2025 (11:31:09 pm)"
"user9894521822","user9894521822@gmail.com","91","9894521822","","","User","31 Jul 2025 (11:30:00 pm)"
"user5526073155","user5526073155@gmail.com","90","5526073155","","","User","31 Jul 2025 (07:05:38 pm)"
"user9612257023","user9612257023@gmail.com","91","9612257023","","","User","31 Jul 2025 (07:05:19 pm)"
"Emmanuel Gyamfi Opoku","user7349759432@gmail.com","44","7349759432","","","User","31 Jul 2025 (03:20:21 pm)"
"user7748640312","user7748640312@gmail.com","44","7748640312","","","User","31 Jul 2025 (02:23:28 pm)"
"NEVYANA ANGELOVA","user7593731289@gmail.com","44","7593731289","","","User","31 Jul 2025 (02:22:20 pm)"
"Andrei Mihai Ciuperca","mihaimzq95@icloud.com","44","7405832032","","","User","31 Jul 2025 (11:16:40 am)"
"Maiuru Gheorghe Adrian","maiuruadita@gmail.com","40","787770940","","","User","30 Jul 2025 (06:15:46 pm)"
"AJOSH JAMES","ajosh.james0911@gmail.com","91","7902380406","","","User","30 Jul 2025 (03:25:48 pm)"
"user7887191138","user7887191138@gmail.com","44","7887191138","","","User","29 Jul 2025 (11:42:33 pm)"
"unnati","unnati@warrgyizmorsch.com","","","","","Marketing Team","29 Jul 2025 (12:02:56 pm)"
"Mohammad Hammad","hey.hammad@outlook.com","44","7440794938","","","User","28 Jul 2025 (05:43:34 pm)"
"~Pratheeksha Pradeep","user9113980580@gmail.com","91","9113980580","","","User","28 Jul 2025 (03:37:42 pm)"
"Fredy Arias","alexarve81@gmail.com","44","7523815594","","","User","28 Jul 2025 (03:36:53 pm)"
"Miroslav Vasilev","mvasilev51@yahoo.com","44","7853247555","","","User","28 Jul 2025 (03:22:51 pm)"
"Sahil choudhary","sahilnarwal063@gmail.com","44","7495454874","","","User","28 Jul 2025 (03:15:12 pm)"
"user7898150341","user7898150341@gmail.com","44","7898150341","","","User","26 Jul 2025 (08:13:49 pm)"
"Shyam","daspshyam@gmail.com","49","15163209302","","","User","25 Jul 2025 (05:39:25 pm)"
"SIMARAN","simranbajwa4574@gmail.com","44","7832956064","","","User","25 Jul 2025 (03:37:14 pm)"
"JAMBO","user7889758827@gmail.com","44","7889758827","","","User","25 Jul 2025 (03:36:22 pm)"
"Rebeilla Gasva","user7384120667@gmail.com","44","7384120667","","","User","25 Jul 2025 (03:26:09 pm)"
"Mathew Sajan","mathewsajan309@gmail.com","44","7407036104","","","User","25 Jul 2025 (02:36:21 pm)"
"test","test4@gmail.com","91","9876543243","","","User","25 Jul 2025 (12:40:09 pm)"
"user7990812933","user7990812933@gmail.com","44","7990812933","","","User","24 Jul 2025 (10:42:46 pm)"
"sreemol Mangalath Unni","sreemolmu1993@gmail.com","49","1783554461","","","User","24 Jul 2025 (08:38:11 pm)"
"Arooma Aslam","aroomaarooma142@gmail.com","undefined","0316 8588099","","","User","24 Jul 2025 (01:23:23 am)"
"user9526131634","user9526131634@gmail.com","91","9526131634","","","User","23 Jul 2025 (09:11:27 pm)"
"Roniya Rockey","roniya493@gmail.com","9191","9188182031","","","User","23 Jul 2025 (09:11:06 pm)"
"Alex staby","alexstaby2003@gmail.com","91","9446450937","","","User","23 Jul 2025 (09:10:46 pm)"
"Alo Jomon","Alojomon7@gmail.com","44","7747245700","","","User","22 Jul 2025 (05:39:50 pm)"
"naya hain","user8848352224@gmail.com","91","8848352224","","","User","22 Jul 2025 (01:46:32 pm)"
"user7912 345678","test.wm@gmail.com","44","7912 345678","","","User","22 Jul 2025 (07:27:44 am)"
"Delia Annabela Rus","delia84_rus@yahoo.com","44","7836592872","","","User","21 Jul 2025 (11:06:39 pm)"
"Thrisha Rose Thomas","rosechakkalakal22@gmail.com","91","9037250722","","","User","21 Jul 2025 (11:01:41 pm)"
"user7775514356","user7775514356@gmail.com","44","7775514356","","","User","21 Jul 2025 (08:58:19 pm)"
"Taslima Habib","taslima.habib19@gmail.com","44","7444342825","","","User","21 Jul 2025 (03:39:01 pm)"
"Halima mita","Halima.akhter1512@outlook.com","44","7497959539","","","User","21 Jul 2025 (03:29:47 pm)"
"Aswanth Kumar","aswanth4fo@gmail.com","+49","17631074952","91","9961122610","User","21 Jul 2025 (03:20:09 pm)"
"Ancuta Dragota","Dragotaelena50@gmail.com","44","7442152792","44","7466834731","User","20 Jul 2025 (07:55:20 pm)"
"Hajira","hajira.riaz1@hotmail.com","","","","","User","20 Jul 2025 (02:54:16 pm)"
"Hajira riaz ( Hajira.riaz1@hotmail.com )","user7789427683@gmail.com","44","7789427683","","","User","20 Jul 2025 (11:26:49 am)"
"Laszlo Boros","boroslaci7@gmail.com","44","7467572889","","","User","20 Jul 2025 (10:44:02 am)"
"Olasomi Labo-Popoola","user9058351122@gmail.com","234","9058351122","","","User","19 Jul 2025 (08:43:34 pm)"
"Harikrishna","hkrishna5074@gmail.com","","8124527106","","","User","19 Jul 2025 (04:00:55 pm)"
"RADU","radu.dragomir1988@gmail.com","44","7883505015","","","User","19 Jul 2025 (03:05:03 pm)"
"MARY","user7349372215@gmail.com","44","7349372215","","","User","18 Jul 2025 (03:29:32 pm)"
"user9465018694","user9465018694@gmail.com","91","9465018694","","","User","17 Jul 2025 (10:07:33 pm)"
"Umaira fatima","umairafatima962@gmail.com","92","+923359607854","","","User","17 Jul 2025 (02:06:03 pm)"
"SREELAKSHMI","sreelakshmibabu775@gmail.com","91","9074565103","","","User","16 Jul 2025 (03:35:00 pm)"
"Amal Kammattikattil Viswambharan","kvamal93@gmail.com","49","15124358405","","","User","15 Jul 2025 (11:25:03 pm)"
"Alexandru Macare","alexandrumacare1995@gmail.com","44","7376001696","","","User","15 Jul 2025 (10:51:18 pm)"
"Arinjay","arin7777@gmail.com","91","+918219350578","","","User","15 Jul 2025 (08:16:17 pm)"
"ELIZABETH","user7588866323@gmail.com","44","7588866323","","","User","15 Jul 2025 (03:39:58 pm)"
"Harshit","harshitsingh949@gmail.com","","","","","User","15 Jul 2025 (11:04:09 am)"
"Ananciya Sunney","ananciya8848@gmail.com","44","7553169980","","","User","14 Jul 2025 (09:48:28 pm)"
"Hanna Mary Anil","hannaanil14@gmail.com","44","7741511246","","","User","14 Jul 2025 (03:47:05 pm)"
"Usman salah","Usmansalah3@gmail.com","44","7887191138","","","User","14 Jul 2025 (03:44:37 pm)"
"Stebin Md","stebinmd2277@gmail.com","49","17624266367","","","User","13 Jul 2025 (08:39:14 pm)"
"Violeta Evtimova","Viliemilova90@gmail.com","44","7467468335","","","User","13 Jul 2025 (08:29:48 pm)"
"Gloria Teigaga","gloriaded3@gmail.com","44","7415731626","","","User","13 Jul 2025 (04:50:10 pm)"
"Muhammad Shoaib","Engrshoaib124@gmail.com","44","7474238064","","","User","11 Jul 2025 (10:45:28 pm)"
"user7404443892","user7404443892@gmail.com","44","7404443892","","","User","11 Jul 2025 (08:51:20 pm)"
"user17688092238","user17688092238@gmail.com","49","17688092238","","","User","11 Jul 2025 (08:28:07 pm)"
"Janis arnis skalde","Janisarnis12@gmail.com","44","7956159843","","","User","11 Jul 2025 (03:09:31 pm)"
"sadw","garkisupsi@gufum.com","","","","","User","10 Jul 2025 (07:56:02 pm)"
"KANCHAN  ARORA","kanchan882000k@gmail.com","91","8968434313","","","User","09 Jul 2025 (02:42:56 pm)"
"Money Singh","Moneyrani4574@gmail.com","49","17680681728","","","User","09 Jul 2025 (02:08:01 pm)"
"Gian Luigi","gianluigidanese@gmail.com","44","7452746332","","","User","08 Jul 2025 (11:37:05 pm)"
"Orkhan Guluzade","Orkhan280@gmail.com","994","519708844","","","User","07 Jul 2025 (10:03:54 pm)"
"Prima","clara26prima@gmail.com","91","8867082445","","","User","07 Jul 2025 (10:02:24 pm)"
"BETSY BENNY","user15146916637@gmail.com","44","15146916637","","","User","07 Jul 2025 (03:42:17 pm)"
"DAMIAN","user7405168089@gmail.com","44","7405168089","","","User","07 Jul 2025 (03:41:10 pm)"
"HARSH CHOPRA","harshchopra2586@gmail.com","91","7838530318","","","User","07 Jul 2025 (03:40:47 pm)"
"gabrielle bos","gabriellebos.vic@gmail.com","","0438964956","","","User","07 Jul 2025 (08:40:18 am)"
"Martintew","j.9.7842.5.90@gmail.com","","","","","User","06 Jul 2025 (06:39:15 pm)"
"Kirthisiri Madanwala Gedara","kbabeyrathna@gmail.com","44","7930315232","","","User","06 Jul 2025 (02:02:28 pm)"
"Fahad Khan","fahadfakhar132@gmail.com","44","7466605497","","","User","05 Jul 2025 (08:49:32 pm)"
"user7567253272","user7567253272@gmail.com","91","7567253272","","","User","05 Jul 2025 (05:27:42 pm)"
"Ehioze Eghaghe","ehiozeehioghae@gmail.com","44","7307670296","","","User","05 Jul 2025 (05:25:42 pm)"
"Detona Janet","ditonajanet1996@gmail.com..","49","17688165382","","","User","03 Jul 2025 (11:21:51 pm)"
"Sahil","sahiljal12112003@gmail.com","44","7553189816","","","User","03 Jul 2025 (05:54:42 pm)"
"Detona Janet","ditonajanet1996@gmail.com","","","","","User","03 Jul 2025 (04:45:12 pm)"
"CHINCHU JOHN","user7025115534@gmail.com","000","7025115534","","","User","03 Jul 2025 (02:15:27 pm)"
"SAI W B","user8919528037@gmail.com","000","8919528037","","","User","03 Jul 2025 (02:11:59 pm)"
"JAGDISH SURESH","jagadeeshsuresh23@gmail.com","91","8754418107","","","User","03 Jul 2025 (02:04:31 pm)"
"Aashia","2390missaashia@gmail.com","91","9592834246","","","User","02 Jul 2025 (09:00:10 pm)"
"Liju Lalichan","kuttupatty2001@gmail.com","49","17631435392","","","User","02 Jul 2025 (02:33:47 pm)"
"SeungHoon Kim","kishsean996@gmail.com","49","15906311358","","","User","02 Jul 2025 (01:52:29 pm)"
"Marius Constantin Vieriu","marius16i@yahoo.com","40","753643775","","","User","01 Jul 2025 (08:52:18 pm)"
"Manish Rai Kalanja","kraimanish99@gmail.com","91","8296574909","","","User","01 Jul 2025 (03:27:40 pm)"
"Katia regina costa messias","Katiarcms123@gmail.com","44","7504038956","","","User","01 Jul 2025 (03:24:16 pm)"
"Aniketh Kurmagadda","anikethkurmagadda99@gmail.com","91","9032909438","","","User","01 Jul 2025 (12:38:17 pm)"
"Joannemed","pa.wub.ale.8.9.2@gmail.com","","","","","User","01 Jul 2025 (03:25:56 am)"
"Cristina filip","cristina_filip@outlook.com","44","7951206025","","","User","30 Jun 2025 (10:26:52 pm)"
"Rovin Don Vaz","rovinvaz9119@gmail.com","91","8970795085","","","User","30 Jun 2025 (03:22:26 pm)"
"BHUPINDER","user9779926079@gmail.com","91","9779926079","","","User","30 Jun 2025 (03:20:48 pm)"
"Joannemed","paw.ub.a.le8.9.2@gmail.com","","","","","User","30 Jun 2025 (09:45:38 am)"
"Gurleen Kaur","bhatiagurleen6@gmail.com","91","9501925929","","","User","29 Jun 2025 (12:58:39 pm)"
"Joannemed","pa.wu.ba.l.e.8.92@gmail.com","","","","","User","29 Jun 2025 (11:43:50 am)"
"Anne fernando","angelshenu@yahoo.com","44","7429500811","","","User","28 Jun 2025 (07:39:36 pm)"
"Joannemed","p.aw.u.b.a.le.89.2@gmail.com","","","","","User","28 Jun 2025 (05:12:01 pm)"
"Foster Edem Tofoatsi","thinkpad01121990@gmail.com","49","15560392642","","","User","28 Jun 2025 (02:22:21 pm)"
"Joannemed","p.aw.u.ba.le89.2@gmail.com","","","","","User","28 Jun 2025 (11:38:23 am)"
"Joannemed","pa.w.uba.l.e8.9.2@gmail.com","","","","","User","28 Jun 2025 (02:04:07 am)"
"Eldho joy","joyeldho1997@gmail.com","49","17687375491","","","User","27 Jun 2025 (03:27:37 pm)"
"~Leya","user9526990098@gmail.com","91","9526990098","","","User","26 Jun 2025 (03:22:32 pm)"
"~Lily","user7392858901@gmail.com","44","7392858901","","","User","26 Jun 2025 (03:19:20 pm)"
"Thushara Sasindran","thusharasasindran@gmail.com","49","17672606582","","","User","26 Jun 2025 (03:18:48 pm)"
"~Krishnendu Krishnakumar","user9544362456@gmail.com","91","9544362456","","","User","26 Jun 2025 (12:01:57 pm)"
"Simona marculescu","marculescusimona07@yahoo.com","44","7398990323","","","User","25 Jun 2025 (11:24:36 pm)"
"user7438542111","user7438542111@gmail.com","44","7438542111","","","User","25 Jun 2025 (10:41:23 pm)"
"Manpreet Kaur","manpreetd836@gmail.com","44","7477858877","","","User","25 Jun 2025 (10:37:50 pm)"
"Demis Taipov","demistaipov@gmail.com","44","7459916371","","","User","25 Jun 2025 (10:35:19 pm)"
"Bencin Thomas","bencinthomas.9495@gmail.com","91","9562838896","","","User","24 Jun 2025 (11:06:32 pm)"
"Mehak bajaj","mehakbajaj382@gmail.com","91","8360478795","","","User","24 Jun 2025 (03:30:08 pm)"
"Vishal Mega mt","user7587326470@gmail.com","44","7587326470","","","User","24 Jun 2025 (03:24:37 pm)"
"Monica Lopes Cabral","smonicaliam@gmail.com","44","7376310945","","","User","24 Jun 2025 (02:43:44 pm)"
"Gabriella Kereszturi","renatagabici@gmail.com","44","7804916310","","","User","23 Jun 2025 (11:40:35 pm)"
"Krisi Star","krisi98uk@gmail.com","44","7858305716","","","User","23 Jun 2025 (03:38:56 pm)"
"Dinesh Kumar","aodineshkumar95@gmail.com","91","9991662615","","","User","22 Jun 2025 (07:41:42 pm)"
"FAREEHA NADEEM","fareeha9798@gmail.com","44","7935724264","","","User","22 Jun 2025 (07:17:45 pm)"
"Trust Modeyin","Modeyin12@gmail.com","234","9033730528","","","User","21 Jun 2025 (10:33:17 pm)"
"rgb","user7736427389@gmail.com","91","7736427389","","","User","21 Jun 2025 (02:33:59 pm)"
"GORKHALI","user9599471961@gmail.com","91","9599471961","","","User","20 Jun 2025 (03:20:15 pm)"
"MADHU","madhu29bala29@gmail.com","44","7553686547","","","User","20 Jun 2025 (12:00:19 am)"
"parvi","parvidatta@gmail.com","","","","","User","19 Jun 2025 (02:38:48 pm)"
"Prasanth kizhakkedath","vgvilla321@gmail.com","49","17627730418","","","User","19 Jun 2025 (02:17:39 pm)"
"~Ana Caroline","user7444911418@gmail.com","44","7444911418","","","User","18 Jun 2025 (03:28:08 pm)"
"KING","user7824037458@gmail.com","44","7824037458","","","User","18 Jun 2025 (03:26:15 pm)"
"DANIEL DOBRIN","user7340705129@gmail.com","44","7340705129","","","User","18 Jun 2025 (03:24:20 pm)"
"M ASIF NASEER","user744056228@gmail.com","44","744056228","","","User","18 Jun 2025 (03:21:24 pm)"
"Robert Dimulete","robertdimulete@icloud.com","44","7443316581","","","User","18 Jun 2025 (01:22:50 pm)"
"Manpreet Singh","manpreet1412001@gmail.com","+44","7436520333","44","7733920743","User","17 Jun 2025 (09:18:42 pm)"
"Harsh Kumar","0002harshkumar@gmail.com","44","7741066918","","","User","17 Jun 2025 (09:17:32 pm)"
"gbd","user719106391@gmail.com","263","719106391","","","User","17 Jun 2025 (03:20:35 pm)"
"Sreehari","Sreehari171219@gmail.com","91","9605075170","","","User","17 Jun 2025 (03:19:44 pm)"
"nishant datta","assignmentpathway7@gmail.com","","","","","User","17 Jun 2025 (12:01:54 pm)"
"Rupal","Rupalwarrgyizmorsche@gmail.com","","","","","WriterTL","17 Jun 2025 (04:57:09 am)"
"Petronela Bahnean","petronelabahnean43@gmail.com","44","7379523499","","","User","16 Jun 2025 (11:37:52 pm)"
"Adelina C Danila","cas.simion@yahoo.com","44","7751756993","","","User","16 Jun 2025 (11:22:32 pm)"
"syde","user15510863680@gmail.com","49","15510863680","","","User","16 Jun 2025 (03:28:34 pm)"
"Nandana Muraleedas","nandanamuraleedas@gmail.com","353","892263363","","","User","16 Jun 2025 (02:41:07 pm)"
"Irayda Rosalia Cabrera Peralta","Rosaliaperalta15@hotmail.com","44","7960122462","","","User","16 Jun 2025 (02:25:50 pm)"
"user816532846","user816532846@gmail.com","00","816532846","","","User","16 Jun 2025 (01:38:46 pm)"
"Self Areeba","selfareeba@warrgyizmorch","","","","","Sub Writer","16 Jun 2025 (09:16:51 am)"
"user558006841","user558006841@gmail.com","971","558006841","","","User","15 Jun 2025 (07:06:14 pm)"
"DawnJose50","dawnjose1997@gmail.com","49","15773811566","","","User","15 Jun 2025 (06:18:04 pm)"
"Paul Sarsih","paul.sarsih68@gmail.com","49","1785135689","","","User","15 Jun 2025 (02:57:22 pm)"
"VIGNESH BHAGAVATHI KANDY","vigneshbk00@gmail.com","91","8848856710","","","User","15 Jun 2025 (12:10:05 pm)"
"AbdulHameez","Abdulhameez786@gmail.com","","03057839530","","","User","15 Jun 2025 (11:52:11 am)"
"Tulika Goel","tulika.goel05@gmail.com","91","9899947555","","","User","15 Jun 2025 (11:21:51 am)"
"Nosa akhilomen","Akhilomennosa018@gmail.com","44","7936495076","","","User","14 Jun 2025 (06:53:51 pm)"
"REALBETY33","user7830131250@gmail.com","44","7830131250","","","User","14 Jun 2025 (03:33:17 pm)"
"Sharad Vekariya","Sharadvekariya269@gmail.com","91","9712961935","","","User","14 Jun 2025 (03:30:27 pm)"
"Gabriela Pirvu","gabriela.petrescu94@yahoo.com","40","772231562","","","User","13 Jun 2025 (02:48:49 pm)"
"Sabbir Choudhury","Sarif_assam@hotmail.com","44","7988550783","","","User","13 Jun 2025 (02:34:43 pm)"
"SHARAD VEKARIYA","user971296193@gmail.com","91","971296193","","","User","13 Jun 2025 (02:20:52 pm)"
"Areeba","iamareebaahmad2000@gmail.com","","","","","WriterTL","13 Jun 2025 (07:52:48 am)"
"test","testjay@gmsil.com","91","6377955573","","","User","13 Jun 2025 (07:55:53 am)"
"user9400817866","user9400817866@gmail.com","91","9400817866","","","User","12 Jun 2025 (05:59:32 pm)"
"MERVE","user17683207094@gmail.com","49","17683207094","","","User","12 Jun 2025 (03:25:11 pm)"
"Jj","Asfg@ggh.hh","91","9664100138","","","User","12 Jun 2025 (02:28:12 pm)"
"ARJUN B R","user9746900942@gmail.com","91","9746900942","","","User","12 Jun 2025 (02:20:50 pm)"
"124","testuser@123gmail.com","91","8696032508","","","User","12 Jun 2025 (11:45:24 am)"
"Jarrah Jom","jarrahjom@gamil.com","","","","","User","12 Jun 2025 (10:22:25 am)"
"MEENU KURIAN","Meenumariyakurian@gmail.com","49","15751333530","","","User","11 Jun 2025 (08:21:10 pm)"
"NEENU JOSEPH","neenu.p.joseph@gmail.com","353","874369387","","","User","11 Jun 2025 (07:01:10 pm)"
"Joan Mathew","joanmathew2001@gmail.com","91","7034964816","","","User","11 Jun 2025 (06:59:08 pm)"
"user2679775176","user2679775176@gmail.com","1","2679775176","","","User","11 Jun 2025 (03:35:55 pm)"
"test","testk@gmail.com","91","8306316119","","","User","11 Jun 2025 (10:30:56 am)"
"Nivedi","Nivedi@warrgyizmorsch.com","91","850000000","","","Sub Writer","11 Jun 2025 (08:41:39 am)"
"Divyanshi","Divyanshi@warrgyizmorsch.com","91","8524000000","","","Sub Writer","11 Jun 2025 (08:40:39 am)"
"Nishant","Nishant@warrgyizmorsch.com","91","8200000000","","","Sub Writer","11 Jun 2025 (08:39:48 am)"
"Pranjal","Pranjal@warrgyizmorsch.com","91","010001000","","","Sub Writer","11 Jun 2025 (08:38:15 am)"
"Anam","Anam@warrgyizmorsch.com","91","0110000000","","","Sub Writer","11 Jun 2025 (08:36:57 am)"
"Mehnaz","Mehnaz@warrgyizmorsch.com","91","101000000","","","Sub Writer","11 Jun 2025 (08:35:31 am)"
"Akash Pathania","Akashpathania127@gmail.com","44","7899672228","","","User","10 Jun 2025 (10:36:05 pm)"
"Riddhi Aggarwal","riddhiaggarwal699@gmail.com","49","17684644640","","","User","10 Jun 2025 (10:16:33 pm)"
"user7309925827","user7309925827@gmail.com","44","7309925827","","","User","10 Jun 2025 (08:54:18 pm)"
"Minu Thomas","minuthomas2922@gmail.com","49","17623322239","","","User","10 Jun 2025 (03:11:48 pm)"
"user7731864728","user77314728@gmail.com","44","7731864728","","","User","09 Jun 2025 (08:33:29 pm)"
"MARINELA","todeila_marinela@yahoo.com","44","7448068961","","","User","09 Jun 2025 (04:21:57 pm)"
"Nandana","user813703273@gmail.com","91","813703273","","","User","09 Jun 2025 (03:00:29 pm)"
"Santhakumar Dilipkumar","dilipmech1999@gmail.com","91","7092566515","","","User","09 Jun 2025 (02:27:36 pm)"
"paylinkli","paylinkli561@gmail.com","","","","","User","08 Jun 2025 (05:37:22 pm)"
"Reeth Pradeep","reethpradeep517@gmail.com","91","9380718114","","","User","08 Jun 2025 (05:33:41 pm)"
"Mandeep Singh","Atwaldeep144@gmail.com","44","7901250420","","","User","08 Jun 2025 (05:01:11 pm)"
"user9814851443","user9814851443@gmail.com","44","9814851443","","","User","08 Jun 2025 (01:07:53 pm)"
"Lavilltox","revers711@1ti.ru","","","","","User","08 Jun 2025 (02:28:59 am)"
"FAIZAN AWAN","mfaw1663@gmail.com","44","7480685957","","","User","07 Jun 2025 (03:21:16 pm)"
"Amala Shaju","user9775176@gmail.com","1267","9775176","","","User","06 Jun 2025 (03:29:00 pm)"
"Tatiana Correia","tatycorreia10@gmail.com","44","7759200660","","","User","06 Jun 2025 (02:28:51 pm)"
"Hewa Perot","user7463033326@gmail.com","44","7463033326","","","User","05 Jun 2025 (11:07:10 pm)"
"Ramamohan Govindammal Elumalai","ersramamohan@gmail.com","91","8610003487","","","User","05 Jun 2025 (10:55:21 pm)"
"VISHAL RAJ","vraj69035@gmail.com","91","8075198040","","","User","05 Jun 2025 (05:51:56 pm)"
"user7411964716","user7411964716@gmail.com","44","7411964716","","","User","05 Jun 2025 (05:47:39 pm)"
"user15128074080","user15128074080@gmail.com","49","15128074080","","","User","04 Jun 2025 (09:48:51 pm)"
"user7446262002","user7446262002@gmail.com","44","7446262002","","","User","04 Jun 2025 (08:14:20 pm)"
"Nana akua Kwakye","nanakwakye@hotmail.co.uk","44","7504108984","","","User","03 Jun 2025 (06:24:51 pm)"
"GENOTYPPS","user1767710270@gmail.com","49","1767710270","","","User","03 Jun 2025 (03:28:30 pm)"
"DANIELA Puiu","danielapuiu464@gmail.com","44","7871316641","","","User","03 Jun 2025 (03:20:07 pm)"
"Artemisa claudia balauca","Artemisclaudia@gmail.com","44","7378839615","","","User","03 Jun 2025 (02:50:41 pm)"
"~Sneha S Anand","snehanandanam1@gmail.com","91","6282540369","","","User","02 Jun 2025 (02:28:37 pm)"
"Thomas John","Tomjohn2328@gmail.com","91","9611279339","","","User","02 Jun 2025 (12:53:45 am)"
"Aman Mehta","amanmehta519@gmail.com","","","","","User","31 May 2025 (04:20:43 pm)"
"Pirakatheesan","thanushanthini06@gmail.com","44","7427733007","","","User","31 May 2025 (01:43:20 am)"
"user15560816511","user15560816511@gmail.com","49","15560816511","","","User","29 May 2025 (11:20:07 pm)"
"Kavya Pradeep","askkavyaanoop@gmail.com","49","17663852953","","","User","29 May 2025 (09:16:13 pm)"
"Adeeb","whitestripes2011@gmail.com","91","9567871049","","","User","29 May 2025 (08:01:41 pm)"
"Anca Burdea","burdeaanca@yahoo.com","44","7472881789","","","User","29 May 2025 (05:17:11 pm)"
"Eva Vasilescu","vasilescuevamaria@gmail.com","44","7764873178","","","User","28 May 2025 (02:21:43 pm)"
"Alfredo Lourenco","Zabamutu@gmail.com","44","7508002055","","","User","28 May 2025 (02:10:18 pm)"
"MONIKA aneja","anejamonika14@gmail.com","44","7887940039","","","User","27 May 2025 (09:04:41 pm)"
"Sibel Ismail","s.ibel@abv.bg","44","7473432243","","","User","27 May 2025 (06:48:14 pm)"
"Dikson","diksondavis0007@gmail.com","49","15124427320","","","User","26 May 2025 (10:40:16 pm)"
"Delia Tarcuta","deliaioanar@gmail.com","44","7415271764","","","User","26 May 2025 (05:11:48 pm)"
"Okine Abubakari Aryee","user17630333545@gmail.com","44","17630333545","","","User","26 May 2025 (03:33:19 pm)"
"MAITRI MEHTA","user15216232370@gmail.com","49","15216232370","","","User","26 May 2025 (03:32:38 pm)"
"JABIR","Jabirmuhd354@gmail.com","91","9633389793","","","User","26 May 2025 (03:31:58 pm)"
"HILARY MAPURANGA","Hilarymap@gmail.com","","0830258860","","","User","25 May 2025 (09:39:57 pm)"
"Alexandra Andries","Alexandra.andries0@gmail.com","44","7860151685","","","User","24 May 2025 (03:03:54 pm)"
"Keerthana","achukeerthana0@gmail.com","91","9061232112","","","User","23 May 2025 (11:59:20 pm)"
"user17655733154","user17655733154@gmail.com","49","17655733154","","","User","23 May 2025 (09:25:38 pm)"
"Jeslo Porinchu","jeslojohn@gmail.com","44","7887155449","","","User","23 May 2025 (09:25:03 pm)"
"user17674564325","user17674564325@gmail.com","49","17674564325","","","User","23 May 2025 (09:21:30 pm)"
"user17685003002","user17685003002@gmail.com","49","17685003002","","","User","23 May 2025 (06:39:40 pm)"
"Thirumala Chennuru","thirumalachennuru@gmail.com","44","7777349810","","","User","23 May 2025 (02:16:47 pm)"
"ZAIN ANWER BOLTON","user7555859732@gmail.com","44","7555859732","","","User","23 May 2025 (12:35:10 pm)"
"Amal Deth","amaldeth07@gmail.com","44","7990267380","","","User","22 May 2025 (10:23:04 pm)"
"Fredy Jose","fredyhjose603@gmail.com","44","7823805973","","","User","22 May 2025 (07:13:58 pm)"
"Riya rani","Riya13rani@gmail.com","44","7733920724","","","User","22 May 2025 (02:02:44 pm)"
"Grigore Chirilov","Grisa011@gmail.com","44","7999785106","","","User","21 May 2025 (09:40:07 pm)"
"user17689025632","user17689025632@gmail.com","49","17689025632","","","User","21 May 2025 (07:20:38 pm)"
"user1629612870","user1629612870@gmail.com","49","1629612870","","","User","21 May 2025 (07:10:32 pm)"
"user8239789758","user8239789758@gmail.com","91","8239789758","","","User","21 May 2025 (05:57:02 pm)"
"Olesea Stanila","stanilaolesea3@gmail.com","44","7543194804","","","User","21 May 2025 (02:41:05 pm)"
"Andreea CARPINIU","Andreea.carpinis23@gmail.com","44","7955033025","","","User","20 May 2025 (10:14:28 pm)"
"Ionela Ciobotaru","oanis_91@yahoo.com","44","7387871963","","","User","20 May 2025 (11:50:52 am)"
"Valentina Nidelcu","vnidelcu25@gmail.com","44","7463924889","","","User","20 May 2025 (11:49:20 am)"
"CORINA MARIN","user@q","44","7444238620","","","User","20 May 2025 (07:44:17 am)"
"Petronela-Andreea Tintila","Petronelaandreealadic@gmail.com","44","7479281842","","","User","19 May 2025 (11:45:17 pm)"
"Corina Marin","corinaionela03@gmail.com","","","","","User","19 May 2025 (10:02:23 pm)"
"RAHMAN","user6302252334@gmail.com","91","6302252334","","","User","19 May 2025 (09:58:26 pm)"
"Helen","asogbonolajumokehelen@gmail.com","","","","","User","19 May 2025 (01:23:52 pm)"
"Helen Asogbon","helenasogbon@gmail.com","44","7852455104","","","User","19 May 2025 (01:19:03 pm)"
"Likhit Suresh Babu","slikhit1998@gmail.com","91","9945944301","","","User","18 May 2025 (06:18:01 pm)"
"Mandeep Kaur 361","mandeepmandeep36199@gmail.com","44","7407843752","","","User","17 May 2025 (09:13:03 pm)"
"Mariana Varga","Email varga0017@gmail.com","44","7460012011","","","User","17 May 2025 (03:30:51 pm)"
"user7887162615","user7887162615@gmail.com","44","7887162615","","","User","16 May 2025 (10:22:32 pm)"
"Olajumoke Asogbon","user7053860737@gmail.com","234","7053860737","","","User","16 May 2025 (10:21:50 pm)"
"Radhika","radhikadiyora2023@gmail.com","91","7096288540","","","User","16 May 2025 (08:25:54 pm)"
"Michael","user1636247221@gmail.com","49","1636247221","","","User","16 May 2025 (03:01:10 pm)"
"~MUHAMMED SWALIH","user8594087796@gmail.com","91","8594087796","","","User","16 May 2025 (03:00:42 pm)"
"Florin Luca","florinluca013@yahoo.com","44","7988577630","","","User","16 May 2025 (02:55:42 pm)"
"Princess Chakyayil Joseph","princesscj212@gmail.com","44","7741843171","","","User","16 May 2025 (02:48:08 pm)"
"Mahi Chundawat","Mahi.chundawat@warrgyizmorsch.com","91","0159632445","","","Sub Admin","16 May 2025 (10:40:40 am)"
"Raman","raman@example.com","","99887766655","","","User","16 May 2025 (10:21:43 am)"
"Omar Alimov","Iphone.ios975@gmail.com","994","507207200","","","User","15 May 2025 (10:30:45 pm)"
"Riya Patel","Riyapatel121366@gmail.com","49","17655221063","","","User","15 May 2025 (06:42:50 pm)"
"Mashal Durrani","user7748146192@gmail.com","44","7748146192","","","User","15 May 2025 (03:32:33 pm)"
"Elena Eloi","eloielena119@gmail.com","44","7398902685","","","User","15 May 2025 (03:11:41 pm)"
"~Mubashar Hussain","user7413402742@gmail.com","44","7413402742","","","User","15 May 2025 (03:11:23 pm)"
"Ankita Saini","sainiankitaa0906@gmail.com","49","+4917624938849","","","User","15 May 2025 (12:18:25 am)"
"Mahejabeen","jabeen0815@gmail.com","44","7588730707","","","User","14 May 2025 (09:35:05 pm)"
"Ankita saini","EMAIL ( sainiankitaa0906@gmail.com )","91","7009082002","","","User","14 May 2025 (09:31:48 pm)"
"Ranjeesh Perumbidi","user15110079785@gmail.com","49","15110079785","","","User","13 May 2025 (11:34:24 pm)"
"Karthik Kannali","Kkr258069@gmail.com","44","7399855535","","","User","13 May 2025 (08:59:19 pm)"
"user17624938849","user17624938849@gmail.com","49","17624938849","","","User","13 May 2025 (08:36:37 pm)"
"user3132330853","user3132330853@gmail.com","92","3132330853","","","User","13 May 2025 (08:30:54 pm)"
"Ranjeesh Perumbidi","ranjeeshperumbidi@gmail.com","","","","","User","13 May 2025 (07:16:00 pm)"
"Aimen Fazil Toor","aimenshahzadi01@outlook.com","44","7561438493","","","User","13 May 2025 (04:56:01 pm)"
"zain","zainbloggerseo@gmail.com","92","+923286984434","","","User","13 May 2025 (12:26:50 pm)"
"user5110079785","user5110079785@gmail.com","91","5110079785","","","User","12 May 2025 (07:42:14 pm)"
"ANURADHA PAUL","Anuradhapaul300@gmail.com","44","7887184721","","","User","12 May 2025 (03:12:29 pm)"
"Rajesh chokkath madam","rajeshcp6111@gmail.com","49","15213670291","","","User","12 May 2025 (03:11:57 pm)"
"Andreea Ionela","andreeaionelapintilie@gmail.com","44","7776698182","","","User","12 May 2025 (03:09:33 pm)"
"Mr Ionel Grecu","ionelgrecu83@yahoo.co.uk","44","7730448474","","","User","12 May 2025 (02:23:26 pm)"
"L B","teabooks76@gmail.com","356","+35679399230","","","User","12 May 2025 (11:39:14 am)"
"user6280787746","user6280787746@gmail.com","91","6280787746","","","User","11 May 2025 (03:32:38 pm)"
"SUKHPREET SINGH","sukhpreetsingh90k@gmail.com","44","7900043013","","","User","10 May 2025 (10:20:30 pm)"
"Ersin asan","ersin_asan1984@yahoo.com","44","7526501251","","","User","10 May 2025 (03:29:50 pm)"
"Atiqah Hussain","atiqah.hussain9@gmail.com","44","7737233981","","","User","10 May 2025 (03:29:33 pm)"
"Belescu Cristina E","bcristinaelena78@gmail.com","44","7424485959","","","User","10 May 2025 (02:57:58 pm)"
"B","user7405933299@gmail.com","44","7405933299","","","User","10 May 2025 (10:14:04 am)"
"Navpreet Kour","user7737053558@gmail.com","91","7737053558","","","User","10 May 2025 (10:13:25 am)"
"jagmeetbrar26apd","user9610658882@gmail.com","91","9610658882","","","User","10 May 2025 (10:12:38 am)"
"A","user9664317239@gmail.com","91","9664317239","","","User","10 May 2025 (10:11:43 am)"
"JEEVAN JOSEPH","user9539899391@gmail.com","91","9539899391","","","User","09 May 2025 (07:51:28 pm)"
"user7405483581","user7405483581@gmail.com","44","7405483581","","","User","09 May 2025 (05:44:53 pm)"
"NIMISHA DESAI","user15560142469@gmail.com","49","15560142469","","","User","09 May 2025 (03:29:11 pm)"
"Rohit Warr","rohit.warr@gmail.com","0","0","0","0","Marketing Team","09 May 2025 (08:37:33 am)"
"Khadija Najab","khadijanajab37@gmail.com","49","15566052640","","","User","08 May 2025 (11:36:20 pm)"
"Florian-Cristian Grivei","cristiangrivei@gmail.com","44","7729332708","","","User","08 May 2025 (03:31:01 pm)"
"Nicolae","nolaru009@gmail.com","44","7494119597","","","User","08 May 2025 (01:06:40 pm)"
"Diyan Georgiev","kikovtrans@yahoo.com","","","","","User","07 May 2025 (09:24:57 am)"
"GEORGIEV","user7733381961@gmail.com","44","7733381961","","","User","07 May 2025 (09:01:47 am)"
"Sukhvir singh","gurusaab403@gmail.com","44","+447887908372","","","User","06 May 2025 (03:59:50 pm)"
"Olivia","olivia_2204@icloud.com","","0407950586","","","User","06 May 2025 (09:56:00 am)"
"Victor","cvtaxdaboy2020@gmail.com","","0922750501","","","User","05 May 2025 (09:12:19 pm)"
"user1795279191","user1795279191@gmail.com","49","1795279191","","","User","05 May 2025 (07:47:01 pm)"
"Aslam Shahana","shahi413@gmail.com","61","403413026","","","User","05 May 2025 (02:30:53 pm)"
"Abdelkarim Abdalla","abduelkarim1975@gmail.com","61","481819497","","","User","05 May 2025 (02:30:19 pm)"
"Irin Akther","irene_akther@hotmail.com","61","425315495","","","User","05 May 2025 (02:28:13 pm)"
"Zung Lian Hlawnching","zunglianthangbeulah@gmail.com","61","476141096","","","User","05 May 2025 (02:27:32 pm)"
"~Divanshu Sisodiya","user7300882465@gmail.com","44","7300882465","","","User","05 May 2025 (02:25:40 pm)"
"Iqra Zaib","Zaibiqra@gmail.com","44","7391463529","","","User","05 May 2025 (02:22:27 pm)"
"Rashid Said Khamis","rashidalmaktoumi2002@icloud.com","","94528460","","","User","05 May 2025 (08:23:19 am)"
"Aleena Varghese","aleenav143@gmail.com","91","6238975711","","","User","03 May 2025 (10:50:06 pm)"
"Alexandru Dobrica","alexbik68@yahoo.com","40","772167837","","","User","03 May 2025 (06:21:36 pm)"
"IOANA","user7723702900@gmail.com","44","7723702900","","","User","03 May 2025 (03:09:15 pm)"
"Glixy","user7442231454@gmail.com","44","7442231454","","","User","03 May 2025 (11:04:22 am)"
"Jon","jon@gmail.com","44","+441111111111","","","User","03 May 2025 (08:19:08 am)"
"Garry","user9149694537@gmail.com","+91","9149694537","","","User","03 May 2025 (06:18:06 am)"
"Stelina Doko","user7375671837@gmail.com","44","7375671837","","","User","02 May 2025 (11:05:53 pm)"
"Sandhra Pratheesh","sandhrapratheesh44@gmail.com","91","8848423357","49","15510302463","User","02 May 2025 (10:35:36 pm)"
"user7587778264","user7587778264@gmail.com","44","7587778264","","","User","02 May 2025 (09:59:04 pm)"
"IONUT BANICA","ionutbanica1996@gmail.com","44","7572629952","","","User","02 May 2025 (09:56:00 pm)"
"user470449073","user470449073@gmail.com","61","470449073","","","User","02 May 2025 (09:48:07 pm)"
"Ionut Adrian Epuran","adrianepuran777@gmail.com","44","7467387132","","","User","02 May 2025 (09:22:09 pm)"
"Ajoke","ajoke80yk@gmail.com","44","7576660065","","","User","02 May 2025 (02:59:35 pm)"
"Omaryno","Abdelatyomar98@outlook.com","44","7522350874","","","User","01 May 2025 (09:10:02 pm)"
"prince saini","Princesaini23899@gmail.com","91","8398878712","","","User","01 May 2025 (09:08:37 pm)"
"user7385821119","user7385821119@gmail.com","44","7385821119","","","User","01 May 2025 (06:55:58 pm)"
"~Soumya Dayal","soumyadayal4@gmail.com","91","8109014808","","","User","01 May 2025 (02:53:04 pm)"
"Manav Manu sony","manavmanu23@gmail.com","49","17680466548","","","User","01 May 2025 (02:51:07 pm)"
"jj","user7916167584@gmail.com","44","7916167584","","","User","01 May 2025 (01:32:01 pm)"
"user7448209669","user7448209669@gmail.com","44","7448209669","","","User","30 Apr 2025 (09:19:47 pm)"
"Amaya Biju Mathew","ameyabiju2002@gmail.com","","","","","User","30 Apr 2025 (09:00:01 pm)"
"Folashade","folashade_cole@yahoo.co.uk","","0785999068","","","User","30 Apr 2025 (07:38:01 pm)"
"Mohamed Bentir","Bentir69@yahoo.es","44","7587808030","","","User","30 Apr 2025 (07:27:23 pm)"
"~Amaya Biju Mathew","user412505177@gmail.com","61","412505177","","","User","30 Apr 2025 (03:29:46 pm)"
"~Savio","user9182897073@gmail.com","91","9182897073","","","User","30 Apr 2025 (03:29:29 pm)"
"~Ionela Morton","ionela.morton@gmail.com","44","7411575504","","","User","30 Apr 2025 (03:29:11 pm)"
"MS peedikaparamban","shafeensanu5@gmail.com","91","9633321447","","","User","30 Apr 2025 (03:28:40 pm)"
"Mounia salhi","user7444008391@gmail.com","44","7444008391","","","User","30 Apr 2025 (12:58:57 pm)"
"AISWARYA SUDHEER MENON","aiswaryamenon514@gmail.com","91","7012878943","","","User","29 Apr 2025 (10:08:34 pm)"
"Raichel Xavier","xavierraichel@gmail.com","91","9567572961","","","User","29 Apr 2025 (09:47:48 pm)"
"amrutha","amruthalekshmi18864@gmail.com","49","17668181750","","","User","29 Apr 2025 (07:33:06 pm)"
"Nicole","nicoletastarsacof@yahoo.com","44","7449929659","","","User","28 Apr 2025 (10:12:39 pm)"
"user7909455767","user7909455767@gmail.com","44","7909455767","","","User","28 Apr 2025 (09:09:17 pm)"
"star","user7895706123@gmail.com","91","7895706123","","","User","28 Apr 2025 (03:15:15 pm)"
"Frantisek Sabol","fsabol70@gmail.com","44","7592640952","","","User","28 Apr 2025 (03:14:12 pm)"
"Jithin Mohan","jithinmohan888@gmail.com","91","9061832805","","","User","27 Apr 2025 (02:50:26 pm)"
"Kamile Heydarova","kami.heydarova@icloud.com","44","7833428049","","","User","26 Apr 2025 (09:38:12 pm)"
"Khin Sandar Htun","reenarananth22@gmail.com","44","7774411893","","","User","26 Apr 2025 (11:40:50 am)"
"user7350240031","user7350240031@gmail.com","44","7350240031","","","User","25 Apr 2025 (09:18:07 pm)"
"Atharva Vetal","atharvavetal5@gmail.com","44","7586176291","","","User","25 Apr 2025 (07:20:43 pm)"
"tiffany Artwell","tiffanyartwell32@yahoo.co.uk","","","","","User","25 Apr 2025 (01:13:48 pm)"
"~Rupinderk","rockysingh2230@gmail.com","44","7886254978","","","User","24 Apr 2025 (03:29:35 pm)"
"MYA","user7496329744@gmail.com","44","7496329744","","","User","24 Apr 2025 (03:18:48 pm)"
"Tarun","user7766429726@gmail.com","44","7766429726","","","User","24 Apr 2025 (03:17:06 pm)"
"~Rocky Singh","user7741818377@gmail.com","44","7741818377","","","User","24 Apr 2025 (03:16:33 pm)"
"Waleed bin tariq","waleedrana8585@gmail.com","","03272919185","","","User","24 Apr 2025 (01:38:56 pm)"
"user9915268152","user9915268152@gmail.com","91","9915268152","","","User","23 Apr 2025 (10:54:00 pm)"
"Umesh Kumar","kopje@hotmail.co.uk","44","7947948683","","","User","23 Apr 2025 (03:07:33 pm)"
"Muhammad Akhtar","muhammadusmanakhtar06@gmail.com","44","7459010477","","","User","23 Apr 2025 (02:37:35 pm)"
"ines parisini","inesmayfair94@gmail.com","","","","","User","23 Apr 2025 (01:03:29 pm)"
"Luciana Raya","lucianarayaadvisorsseo@gmail.com","","03156265526","","","User","23 Apr 2025 (09:24:41 am)"
"user3110096354","user3110096354@gmail.com","92","3110096354","","","User","22 Apr 2025 (07:14:36 pm)"
"mahnaz","mehnaz.warrgyizmorsch@gmail.com","","","","","Sub Writer","22 Apr 2025 (09:40:31 am)"
"test","testuser5@gmail.com","","","","","User","22 Apr 2025 (08:18:31 am)"
"Jasmina Elmi","Jazminaelmi1@gmail.com","44","7511818617","","","User","21 Apr 2025 (07:15:20 pm)"
"PARAMJEET","user7899033178@gmail.com","44","7899033178","","","User","21 Apr 2025 (03:26:22 pm)"
"Nithya Krishnan","nithyakrishnansarayu@gmail.com","64","220276923","","","User","21 Apr 2025 (12:13:36 pm)"
"Anshul Jangid","Anshul_testing@gmail.com","91","8365479524","","","Super Admin","20 Apr 2025 (02:34:15 pm)"
"Tannu Tannu","tannuknlhr23@gmail.com","91","8950436551","","","User","18 Apr 2025 (11:16:23 pm)"
"user7356277240","user7356277240@gmail.com","91","7356277240","","","User","18 Apr 2025 (10:17:25 pm)"
"~Sukhvir Singh    Laddi","user7887908372@gmail.com","44","7887908372","","","User","18 Apr 2025 (06:23:05 pm)"
"Raphael Sem","Semraphael668@gmail.com","49","15215411836","","","User","18 Apr 2025 (01:18:24 pm)"
"Leo Adjin-Tettey","adjintetteyleo@gmail.com","233","503582827","","","User","18 Apr 2025 (01:15:38 pm)"
"Akshit Nair","Akshit95f@gmail.com","91","8075261824","","","User","17 Apr 2025 (10:21:08 pm)"
"user9656704073","user9656704073@gmail.com","91","9656704073","","","User","17 Apr 2025 (09:02:06 pm)"
"Karen","karenthomas78@msn.com","44","7863171836","","","User","17 Apr 2025 (07:39:02 pm)"
"Mariana Capelli Macedo","mazzi.macedo@gmail.com","44","7585417081","","","User","17 Apr 2025 (07:38:20 pm)"
"Ramina Caraganev","caraganevramina@gmail.com","44","7706082839","","","User","17 Apr 2025 (07:12:32 pm)"
"user7898234738","user7898234738@gmail.com","91","7898234738","","","User","17 Apr 2025 (06:10:46 pm)"
"~Jobi Mathew","jobimathew97@gmail.com","49","1631526097","","","User","17 Apr 2025 (03:08:48 pm)"
"Harry","user7741055947@gmail.com","44","7741055947","","","User","17 Apr 2025 (02:10:45 pm)"
"Bhavya Gcu","bhavyasharma0401@gmail.com","44","7741056076","","","User","17 Apr 2025 (02:02:15 pm)"
"Arunam Singh","Arunamsingh1501@gmail.com","44","7493812681","","","User","17 Apr 2025 (01:53:28 pm)"
"Umang Rabadiya","umangrabadiya@yahoo.com","49","17676508351","","","User","17 Apr 2025 (01:44:50 pm)"
"Tanzeem","tanzeemaara3@gmail.com","","","","","Sub Writer","17 Apr 2025 (08:54:11 am)"
"Pranjal","pranjal.warrgizmorsch@gmail.com","","","","","Sub Writer","17 Apr 2025 (05:45:22 am)"
"Rajesh Vakapalli","rajmer5@hotmail.com","44","7426833718","","","User","16 Apr 2025 (10:59:16 pm)"
"Anu Devasia","anudevasia48@gmail.com","91","8547972650","","","User","16 Apr 2025 (02:25:00 pm)"
"user3001009287","user3001009287@gmail.com","92","3001009287","","","User","15 Apr 2025 (06:27:49 pm)"
"Abdul Basith Kallayi","basithk43@gmail.com","49","17626986663","","","User","15 Apr 2025 (03:19:06 pm)"
"PARAG","paraguk21@gmail.com","44","7823542247","","","User","15 Apr 2025 (03:18:18 pm)"
"Ines Parisini","user7411150048@gmail.com","44","7411150048","","","User","15 Apr 2025 (03:17:46 pm)"
"Zack Smithon","zacksmithon@gmail.com","","+61 484061063","","","User","15 Apr 2025 (11:30:21 am)"
"Popai","user8129753329@gmail.com","91","8129753329","","","User","14 Apr 2025 (12:28:44 pm)"
"Amaldev Thachilath Sathian Dev","amalsathyadev@gmail.com","91","9995886872","","","User","13 Apr 2025 (08:16:14 pm)"
"Damilola Faleke","Falekedamilolatemi@gmail.com","234","8063178914","","","User","13 Apr 2025 (06:53:12 pm)"
"user7555860250","user7555860250@gmail.com","44","7555860250","","","User","13 Apr 2025 (05:18:28 pm)"
"Perumalla Pranay puvvala","pppranay181203@gmail.com","","","","","User","12 Apr 2025 (07:04:56 pm)"
"~Infinity Solutions","user7908423083@gmail.com","44","7908423083","","","User","12 Apr 2025 (03:14:34 pm)"
"Pranay Perumalla","user7554959848@gmail.com","44","7554959848","","","User","12 Apr 2025 (03:13:57 pm)"
"Ferdi Das","ferdidas@hotmail.co.uk","44","7714511413","","","User","11 Apr 2025 (07:20:45 pm)"
"user7907707062","user7907707062@gmail.com","91","7907707062","","","User","11 Apr 2025 (07:00:29 pm)"
"Mariyam jeewa","jeewamariyam31@gmail.com","44","7429017612","44","7838907761","User","11 Apr 2025 (06:59:41 pm)"
"Mohamed mekhemar Hassan boghdady","Mo.mekhemar@icloud.com","44","7400882525","","","User","11 Apr 2025 (06:27:04 pm)"
"user7742392758","user7742392758@gmail.com","44","7742392758","","","User","11 Apr 2025 (05:57:44 pm)"
"user742466586","user742466586@gmail.com","44","742466586","","","User","11 Apr 2025 (05:01:01 pm)"
"Ines Andreea Stanica","andreastanica2006@gmail.com","44","7305014684","","","User","11 Apr 2025 (12:50:46 pm)"
"Shaba","Shaba@warrgyizmorsch.com","","98589632","","","Project Team","11 Apr 2025 (07:19:53 am)"
"RONAL","emmanuelgyamfiopoku177@gmail.com","233","240816966","","","User","10 Apr 2025 (11:27:16 pm)"
"~Aalim","pnaalim@gmail.com","353","870645568","","","User","10 Apr 2025 (03:10:02 pm)"
"~febenasafreen","user7887154002@gmail.com","44","7887154002","","","User","10 Apr 2025 (03:08:38 pm)"
"Jibin Anto","user1777598528@gmail.com","49","1777598528","","","User","10 Apr 2025 (03:06:34 pm)"
"Li","user7760707001@gmail.com","44","7760707001","","","User","10 Apr 2025 (03:05:25 pm)"
"NIKHIL RAJ RAJASEKHARAN NAIR SUSHAMA","Nikhilraj.kmr@gmail.com","91","7736556426","","","User","10 Apr 2025 (01:52:15 pm)"
"Mama Saliu Balde","mastak@hotmail.co.uk","44","7577205583","","","User","08 Apr 2025 (09:45:14 pm)"
"user7591635937","user7591635937@gmail.com","44","7591635937","","","User","08 Apr 2025 (09:23:00 pm)"
"Shanistha Jagannath Shetty","shanisthashetty2024@gmail.com","91","8050153282","","","User","08 Apr 2025 (05:08:58 pm)"
"~Georgia","ginka1@live.co.uk","44","7727805898","","","User","08 Apr 2025 (03:24:13 pm)"
"~Jerin Poulose","user17620347037@gmail.com","49","17620347037","","","User","08 Apr 2025 (03:22:48 pm)"
"Banoosh Kaushik Jan","banooshjan786@gmail.com","91","9961780294","","","User","08 Apr 2025 (03:22:24 pm)"
"~Deegold","user15221751295@gmail.com","49","15221751295","","","User","08 Apr 2025 (03:22:05 pm)"
"Sapna","user7393070419@gmail.com","44","7393070419","","","User","08 Apr 2025 (11:01:18 am)"
"Jismy Varghese","jismyvarghesev@gmail.com","91","8089780188","","","User","08 Apr 2025 (11:00:29 am)"
"Hristo Hristov","hristomartinov96@gmail.com","44","7394436871","","","User","07 Apr 2025 (08:19:41 pm)"
"Sayam","sayamrajpoot878@gmail.com","","03094678953","","","User","07 Apr 2025 (04:07:33 pm)"
"Marinela Borisova","marinelaborisova@gmail.com","44","7460819299","","","User","07 Apr 2025 (03:38:29 pm)"
"Albert Rajeev","albert.rajeevie@gmail.com","353","892456479","","","User","07 Apr 2025 (03:07:00 pm)"
"Laura Daniela Milea","laura.milea@yahoo.com","44","7404417791","","","User","07 Apr 2025 (11:07:23 am)"
"Dedelyanov LTD","user15213884979@gmail.com","49","15213884979","","","User","07 Apr 2025 (08:33:35 am)"
"user7887121370","user7887121370@gmail.com","44","7887121370","","","User","06 Apr 2025 (02:34:02 pm)"
"Charles Delbert Amoah","user1622555403@gmail.com","49","1622555403","","","User","06 Apr 2025 (12:47:05 pm)"
"Mohammed Shinad","mshinad20@gmail.com","91","9061073430","","","User","06 Apr 2025 (10:26:24 am)"
"Shamsher Singh","Shammysingh712@gmail.com","44","7586217607","","","User","05 Apr 2025 (07:54:01 pm)"
"user7741067110","user7741067110@gmail.com","44","7741067110","","","User","05 Apr 2025 (07:24:41 pm)"
"~muskan","user7887852206@gmail.com","44","7887852206","","","User","05 Apr 2025 (12:44:16 pm)"
"Bijil Babu","bijil.babump@gmail.com","91","8129924434","","","User","04 Apr 2025 (01:56:34 pm)"
"Denisa Ionescu","denisaionescu2017@gmail.com","44","7570669457","","","User","04 Apr 2025 (12:58:03 pm)"
"Muhammad Arham Farooq","muhmmadarhamm073@gmail.com","44","7398696874","","","User","03 Apr 2025 (08:08:48 pm)"
"user7944971054","user7944971054@gmail.com","44","7944971054","","","User","03 Apr 2025 (08:04:56 pm)"
"Silpa Sivanandan","shilpasivanandan08@gmail.com","91","8086641932","","","User","03 Apr 2025 (03:12:44 pm)"
"Shubham","shubhamcricket6@gmail.com","","9872096732","","","User","02 Apr 2025 (05:03:19 pm)"
"Eraycan dogu karakas","1907erayerol@gmail.com","44","7423087675","","","User","02 Apr 2025 (02:29:43 pm)"
"NNUUU","user17621727972@gmail.com","49","17621727972","","","User","02 Apr 2025 (02:28:54 pm)"
"Paula Silva","paulacorreiasilva1964@gmail.com","44","7511507312","","","User","01 Apr 2025 (04:58:52 pm)"
"Claudia Trandafir","ctrandafir270@gmail.com","44","7460969716","","","User","01 Apr 2025 (12:52:04 pm)"
"Pirashanth sivagurunathan","Pirashanth1982@gmail.com","44","7908209470","","","User","31 Mar 2025 (04:29:53 pm)"
"user9495368025","user9495368025@gmail.com","91","9495368025","","","User","31 Mar 2025 (10:28:18 am)"
"user8160161170","user8160161170@gmail.com","91","8160161170","","","User","31 Mar 2025 (08:36:38 am)"
"Arvind Mahendran","arvindmahendran23@gmail.com","91","8667682186","","","User","30 Mar 2025 (07:30:40 pm)"
"user7510961124","user7510961124@gmail.com","91","7510961124","","","User","30 Mar 2025 (04:26:40 pm)"
"~Bharath Sha","Bharathsha2017@gmail.com","44","7553992053","","","User","29 Mar 2025 (10:48:59 am)"
"Aksel arifov","Aksarf128@gmail.com","44","7733557526","","","User","28 Mar 2025 (04:04:16 pm)"
"Raman preet","ramanpreetkaurmann3630@gmail.com","1","4312788420","","","User","28 Mar 2025 (03:55:36 pm)"
"Avreet","Kavreet24@gmail.com","44","7900053298","","","User","27 Mar 2025 (10:39:42 pm)"
"Harvinder sandhu","sandhusimrat99@gmail.com","91","9779145615","","","User","27 Mar 2025 (06:39:11 pm)"
"Ramya arulseelan","ramya.arulseelan06@gmail.com","91","8940169528","","","User","27 Mar 2025 (12:20:35 pm)"
"Vidya Sagar Durga","vidyasagardurga@gmail.com","44","7424781145","","","User","27 Mar 2025 (12:10:45 pm)"
"Dhakshitha Kumarasamy","user7887152953@gmail.com","+44","7887152953","","","User","27 Mar 2025 (12:08:51 pm)"
"Malaika Shehzadi","shahzadimalaika24@gmail.com","","07349295341","","","User","27 Mar 2025 (05:43:27 am)"
"Anandhu Suresh","sureshanandhu50@gmail.com","49","15757761485","","","User","26 Mar 2025 (10:44:58 pm)"
"Rony Roy","ronyroyklm@gmail.com","91","8075092292","","","User","26 Mar 2025 (10:43:34 pm)"
"Jessue Saji","user15774651789@gmail.com","49","15774651789","","","User","26 Mar 2025 (10:41:32 pm)"
"Sachin Krishna","sachinkrishnakt@gmail.com","49","1637963486","","","User","26 Mar 2025 (10:38:42 pm)"
"Bency paul","bencypaul999@gmail.com","91","8943052747","","","User","26 Mar 2025 (05:52:24 pm)"
"user541906832","user541906832@gmail.com","233","541906832","","","User","26 Mar 2025 (03:08:14 pm)"
"Borislav Novakov","bobinovakov@gmail.com","44","7784960170","","","User","26 Mar 2025 (12:37:36 pm)"
"NEW","user8686722896@gmail.com","91","8686722896","","","User","26 Mar 2025 (12:36:15 pm)"
"Assignment Pay","user101@warrgyizmorsch.com","","91","123456789","","Unknown","26 Mar 2025 (11:14:18 am)"
"George Ionut Vilcu","vilcu.i@yahoo.com","44","7538242957","","","User","26 Mar 2025 (10:58:26 am)"
"Adam Said","user435087350@gmail.com","61","435087350","","","User","26 Mar 2025 (10:57:09 am)"
"DIYAGO SEMEON V","diyagosemeon333@gmail.com","49","17647322918","","","User","26 Mar 2025 (10:50:13 am)"
"ZORAIN MUSSADIQ SINDEELAH","zorain.m01@gmail.com","92","3115231642","","","User","26 Mar 2025 (08:16:55 am)"
"Nimmy","user8086302038@gmail.com","91","8086302038","","","User","26 Mar 2025 (08:11:22 am)"
"Stella Spence","spenceseo@gmail.com","","3156265526","","","User","26 Mar 2025 (06:27:29 am)"
"Eliseo Ofosu","Eliseo.oppong@gmail.com","44","7546559813","","","User","25 Mar 2025 (08:35:06 pm)"
"Baber naeem","Baber.naeem112@gmail.com","44","7464010232","","","User","25 Mar 2025 (08:13:06 pm)"
"ivey rowan","iveyrowan6@gmail.com","","+447933472593","","","User","25 Mar 2025 (04:14:17 pm)"
"Dibin Paul","alauddinriyad55@gmail.com","44","7482035719","","","User","24 Mar 2025 (09:42:18 pm)"
"Rahil","rahil123@gmail.com","","7435455433","","","User","24 Mar 2025 (09:18:00 pm)"
"user7741068011","user7741068011@gmail.com","44","7741068011","","","User","24 Mar 2025 (05:17:13 pm)"
"user7918901209","user7918901209@gmail.com","44","7918901209","","","User","24 Mar 2025 (12:59:19 pm)"
"user9687325969","user9687325969@gmail.com","91","9687325969","","","User","24 Mar 2025 (12:58:02 pm)"
"Ligia da Vera C S F Silva","Ligia68silva@hotmail.com","44","7870491602","","","User","24 Mar 2025 (12:55:41 pm)"
"user7553699937","user7553699937@gmail.com","44","7553699937","","","User","24 Mar 2025 (12:53:28 pm)"
"Osifo Elvis Ogiesoba","elvisosifo915@gmail.com","234","8112775234","","","User","23 Mar 2025 (10:43:21 am)"
"Iulian Dobrica","user7538308713@gmail.com","44","7538308713","","","User","22 Mar 2025 (07:54:19 pm)"
"Mithra Regi","mithramuth4@gmail.com","91","6282710150","","","User","22 Mar 2025 (07:46:33 pm)"
"Bujender","Pb.reddy03@gmail.com","353","879689927","","","User","22 Mar 2025 (06:57:15 pm)"
"Anees Madathiparambu Ansar","anees.ansar907@gmail.com","49","17663720711","","","User","22 Mar 2025 (10:53:32 am)"
"Kashish chaudhari","Kjchaudhari212@gmail.com","44","7553559851","","","User","21 Mar 2025 (07:25:00 pm)"
"user7770041915","user7770041915@gmail.com","91","7770041915","","","User","21 Mar 2025 (06:52:26 pm)"
"user20280699","user20280699@gmail.com","371","20280699","","","User","21 Mar 2025 (06:35:30 pm)"
"Veselin Kostov","user7775122331@gmail.com","44","7775122331","","","User","21 Mar 2025 (06:26:02 pm)"
"Elitsa Velkova","elito_i@yahoo.com","","","","","User","21 Mar 2025 (07:08:17 am)"
"A LUKOVA","user7831220703@gmail.com","44","7831220703","","","User","20 Mar 2025 (03:53:49 pm)"
"jahsiah watt","user7883752259@gmail.com","44","7883752259","","","User","20 Mar 2025 (02:35:37 pm)"
"ishant","assignmentinneed@gmail.com","","9680637608","","","User","20 Mar 2025 (11:30:00 am)"
"Annamol Sleeba","annamolsleeba@gmail.com","91","7510987818","","","User","19 Mar 2025 (06:27:04 pm)"
"Ruppi","Indiansavage6@gmail.Com","44","7407388937","","","User","19 Mar 2025 (06:26:26 pm)"
"user7735026547","user7735026547@gmail.com","44","7735026547","","","User","19 Mar 2025 (06:20:33 pm)"
"Rabina Parajuli","user7886000923@gmail.com","44","7886000923","","","User","19 Mar 2025 (03:21:59 pm)"
"Madhavan Murugesan","Madhavanmurugesan158@gmail.com","91","7010257322","","","User","19 Mar 2025 (11:06:25 am)"
"JesusSit","yourmail@gmail.com","","","","","User","19 Mar 2025 (10:23:03 am)"
"user7918908525","samjeedsheik23@gmail.com","44","7918908525","","","User","18 Mar 2025 (02:52:00 pm)"
"Adarsh Dharmajan","adarshd909@gmail.com","91","8606622791","","","User","18 Mar 2025 (02:02:58 pm)"
"~Hilna Sunil Kumar","user17670480319@gmail.com","49","17670480319","","","User","18 Mar 2025 (02:02:06 pm)"
"~Manjita Phougat","user9718747943@gmail.com","91","9718747943","","","User","18 Mar 2025 (02:01:17 pm)"
"Elena Olivia Ripanu","oliviaripanue@gmail.com","44","7497380466","","","User","18 Mar 2025 (01:10:21 pm)"
"Bogdan Sandu","carpediemvideography@yahoo.co.uk","","","","","User","18 Mar 2025 (08:31:53 am)"
"Klaudia musenge","klaudiamashako@gmail.com","","0814151698","","","User","18 Mar 2025 (07:38:29 am)"
"user7577757157","user7577757157@gmail.com","44","7577757157","","","User","17 Mar 2025 (10:03:27 pm)"
"user7526505399","user7526505399@gmail.com","44","7526505399","","","User","17 Mar 2025 (09:24:01 pm)"
"Aiswarya Mani","Aiswaryasalu.96@gmail.com","44","7423133658","","","User","17 Mar 2025 (06:31:33 pm)"
"Varayam Singh","Varayamsingh35@gmail.com","44","7760723318","","","User","17 Mar 2025 (02:23:26 pm)"
"Swathiraj brahmadaven pillai","swathiraj216@gmail.com","91","7561898495","","","User","17 Mar 2025 (02:17:20 pm)"
"Anna Orel","orelann2017@gmail.com","44","7918608268","","","User","17 Mar 2025 (02:12:06 pm)"
"Ahlam Noushad","ahlamnoushad03@gmail.com","91","7356828877","","","User","17 Mar 2025 (01:52:36 pm)"
"Alexis Tonenchi","alexis_laur@yahoo.com","44","7494909805","","","User","17 Mar 2025 (12:37:58 pm)"
"mufaddal","user9545058275@gmail.com","91","9545058275","","","User","17 Mar 2025 (08:32:29 am)"
"Nadinne Dabo","dnadinne4@gmail.com","44","7437544386","","","User","16 Mar 2025 (11:36:05 am)"
"~Milea Remus","user7934027244@gmail.com","44","7934027244","","","User","15 Mar 2025 (02:15:02 pm)"
"~Florin","user7831060115@gmail.com","44","7831060115","","","User","15 Mar 2025 (02:14:11 pm)"
"March","user7748574379@gmail.com","44","7748574379","","","User","15 Mar 2025 (02:13:44 pm)"
"user7429724059","user7429724059@gmail.com","44","7429724059","","","User","15 Mar 2025 (02:13:11 pm)"
"Dumitru tufeanu","Iuliantufeanu26@gmail.com","44","7471615098","","","User","15 Mar 2025 (02:07:56 pm)"
"Amrit","Amrit670212@gmail.com","45","91759213","","","User","14 Mar 2025 (09:32:57 pm)"
"Mandy mensah","mandymensah79@gmail.com","44","7946251476","","","User","14 Mar 2025 (09:00:59 pm)"
"Anju saji","anjusaji349@gmail.com","44","7733011528","","","User","14 Mar 2025 (01:38:15 pm)"
"Mihai Stoian","Mihaihut@yahoo.com","44","7795515039","","","User","14 Mar 2025 (01:28:24 pm)"
"~Alvin Saji","alvinsm1999@gmail.com","49","1773332057","","","User","14 Mar 2025 (01:16:26 pm)"
"nonu","user8360600479@gmail.com","91","8360600479","","","User","14 Mar 2025 (01:14:34 pm)"
"~Keerthana","user7553650344@gmail.com","44","7553650344","","","User","14 Mar 2025 (01:04:11 pm)"
"zumi","zumihoshiseo@gmail.com","","3281850326","","","User","14 Mar 2025 (03:22:40 am)"
"Geanina marculescu","Geanina.marculescu@yahoo.com","44","7495031676","","","User","13 Mar 2025 (09:11:41 pm)"
"Joel Jojo","jkkalambukadan@gmail.com","","","","","User","13 Mar 2025 (08:43:00 pm)"
"ALI AKHTAR","ali.siddhu95@gmail.com","44","7585843441","","","User","13 Mar 2025 (08:22:24 pm)"
"Joel jojo","Joeljojo6520@gmail.com","44","7887121603","","","User","13 Mar 2025 (08:12:29 pm)"
"user8547779721","user8547779721@gmail.com","91","8547779721","","","User","13 Mar 2025 (07:58:52 pm)"
"Mr Muhammad-Sarim Butt","sarimbutt22@gmail.com","44","7405126620","","","User","13 Mar 2025 (07:43:22 pm)"
"Bogdan Sandu","user7900838115@gmail.com","44","7900838115","","","User","13 Mar 2025 (06:42:01 pm)"
"Lolita Bilukha","lolitabiluha@gmail.com","44","7754643384","","","User","13 Mar 2025 (05:32:01 pm)"
"user9891219922","user9891219922@gmail.com","91","9891219922","","","User","13 Mar 2025 (03:17:38 pm)"
"user8306832318","user8306832318@gmail.com","91","8306832318","","","User","13 Mar 2025 (03:15:11 pm)"
"Abin Joseph Kalapura","abin7856@gmail.com","91","8590164137","","","User","13 Mar 2025 (03:12:25 pm)"
"Albin Thankachan","albinpalackal1@gmail.com","91","9446369677","","","User","12 Mar 2025 (09:55:15 pm)"
"Navpreet Singh","user413723840@gmail.com","61","413723840","","","User","12 Mar 2025 (09:33:08 pm)"
"Penka Dzheneva","pdzheneva@gmail.com","44","7772410522","","","User","12 Mar 2025 (01:19:43 pm)"
"user8590214958","user8590214958@gmail.com","91","8590214958","","","User","12 Mar 2025 (01:04:47 pm)"
"Florentina Stoian","Florentinastoian100@gmail.com","44","7474143695","","","User","12 Mar 2025 (01:02:38 pm)"
"Christy sara saji","christysaji001@gmail.com","49","1783128514","","","User","11 Mar 2025 (10:37:16 pm)"
"Akshit Raj","akshit67610227@gmail.com","49","1629014275","","","User","11 Mar 2025 (08:05:34 pm)"
"Ashif Kalathil Mummy kutty","ashifysf@gmail.com","91","7907450557","","","User","11 Mar 2025 (06:40:16 pm)"
"Abid muhammed","Abidmhd50@gmail.com","44","7553149862","","","User","11 Mar 2025 (02:02:27 pm)"
"user9368062712","user9368062712@gmail.com","91","9368062712","","","User","10 Mar 2025 (06:57:54 pm)"
"don dennis","dondennis740@gmail.com","49","17668675347","","","User","10 Mar 2025 (06:49:04 pm)"
"ASHA PLAVINKOOTATHIL RAVINDRAKUMAR","ashaplavinkootathil@gmail.com","49","17684308614","","","User","10 Mar 2025 (06:48:50 pm)"
"Vishnu mohanan","Vishnumohan25hot@gmail.com","49","15566358103","","","User","10 Mar 2025 (04:43:23 pm)"
"Stanislav Zvonyk","user7438841500@gmail.com","44","7438841500","","","User","10 Mar 2025 (02:26:42 pm)"
"user7424045004","user7424045004@gmail.com","44","7424045004","","","User","09 Mar 2025 (05:35:44 pm)"
"Shanka","shaniajalil09@outlook.com","","07453321589","","","User","09 Mar 2025 (05:26:39 pm)"
"user7453832015","user7453832015@gmail.com","44","7453832015","","","User","09 Mar 2025 (03:27:10 pm)"
"Crisbi Babu","user892778123@gmail.com","353","892778123","","","User","09 Mar 2025 (02:54:15 pm)"
"Rose Maria Jaison","Rosemariajaison@gmail.com","49","17677860258","","","User","09 Mar 2025 (10:21:52 am)"
"harizan angelov","angelovharizan@gmail.com","44","7460732297","","","User","09 Mar 2025 (10:19:26 am)"
"Catalina olaru","catalinamiron94@yahoo.com","44","7809228503","","","User","08 Mar 2025 (12:08:26 pm)"
"user7900251497","user7900251497@gmail.com","44","7900251497","","","User","07 Mar 2025 (08:44:56 pm)"
"Camelia Hurmuz","Cameliahurmuz@gmail.com","44","7377037447","","","User","07 Mar 2025 (08:42:49 pm)"
"user8667659255","user8667659255@gmail.com","91","8667659255","","","User","07 Mar 2025 (08:39:00 pm)"
"user7025869952","user7025869952@gmail.com","91","7025869952","","","User","07 Mar 2025 (08:34:48 pm)"
"purav patel","Patelpurav2023@gmail.com","44","7741810202","","","User","07 Mar 2025 (08:32:23 pm)"
"Saniya Bilgi","saniyabilgi99@gmail.com","91","7306647836","","","User","07 Mar 2025 (06:42:11 pm)"
"Gulzar Para Kadavath","gulzar121289@gmail.com","91","7907684171","","","User","07 Mar 2025 (05:27:09 pm)"
"ALIN-FLORIAN PIRVU","alinflorianpirvu@gmail.com","40","772231563","","","User","07 Mar 2025 (05:21:18 pm)"
"Yesim meter","Meterselver@gmail.com","44","7990548765","","","User","07 Mar 2025 (02:40:35 pm)"
"Andreea VIVISCAN","a_vivican@yahoo.com","44","7765632247","","","User","07 Mar 2025 (02:03:38 pm)"
"user7554468241","user7554468241@gmail.com","44","7554468241","","","User","06 Mar 2025 (07:36:36 pm)"
"user9958060635","user9958060635@gmail.com","91","9958060635","","","User","06 Mar 2025 (07:34:54 pm)"
"user7452809147","user7452809147@gmail.com","44","7452809147","","","User","06 Mar 2025 (06:10:49 pm)"
"Temitope Alabi","temitopealabi206@gmail.com","","","","","User","06 Mar 2025 (02:50:15 pm)"
"HARSHKUMAR PADHIYAR","harshpadhiyar112@gmail.com","+44","7887135666","91","8140454536","User","06 Mar 2025 (01:26:21 pm)"
"user7587956464","user7587956464@gmail.com","44","7587956464","","","User","05 Mar 2025 (10:33:26 pm)"
"Mukul Urkude","mksoni16101998@gmail.com","91","9913641787","","","User","05 Mar 2025 (06:57:43 pm)"
"Alwin Antony","alwinalwii2001@gmail.com","353","894726083","","","User","05 Mar 2025 (12:12:29 pm)"
"Irina Tiru","irina_tiru@yahoo.com","44","7595895207","","","User","04 Mar 2025 (10:04:05 pm)"
"Gowri Krishna","gowrik307@gmail.com","91","9995362307","","","User","04 Mar 2025 (09:46:39 pm)"
"Teena Mathew","teenamathew444@gmail.com","353","894073862","","","User","04 Mar 2025 (09:46:00 pm)"
"Nikhitha Vincent","nikhithavince.2002@gmail.com","353","894696016","","","User","04 Mar 2025 (09:43:36 pm)"
"Harold Samuel Jose","haroldsam.r@gmail.com","353","894095670","","","User","04 Mar 2025 (09:42:28 pm)"
"Thomas Mathew","thomathew44@gmail.com","353","892732853","","","User","04 Mar 2025 (09:30:07 pm)"
"Thomas Cyriac","findmethomas@gmail.com","353","894072732","","","User","04 Mar 2025 (09:29:09 pm)"
"Linda George","lindageorgge@gmail.com","353","894316540","","","User","04 Mar 2025 (09:28:23 pm)"
"Diniya Tomy","diniyatomy2002@gmail.com","353","894316567","","","User","04 Mar 2025 (09:27:49 pm)"
"Sandra Sunil","sandrasunil285@gmail.com","353","892028019","","","User","04 Mar 2025 (09:27:09 pm)"
"Lithiya Paulose","lithiyapaulose7@gmail.com","353","894326148","","","User","04 Mar 2025 (09:25:52 pm)"
"Don Saji","donsaji1001@gmail.com","91","6235281923","","","User","04 Mar 2025 (07:09:19 pm)"
"Orlin Sirenyakov","sirenyakov@gmail.com","","","","","User","04 Mar 2025 (06:48:53 pm)"
"Teodora Marcu","dorina.ungureanu20@mail.ru","44","7361499572","","","User","04 Mar 2025 (05:59:11 pm)"
"user15734562570","user15734562570@gmail.com","49","15734562570","","","User","04 Mar 2025 (05:49:19 pm)"
"Orlin Sirenyakov","user7877611630@gmail.com","44","7877611630","","","User","04 Mar 2025 (05:33:00 pm)"
"Ranjit kumar","kumarranjit.1@outlook.com","44","8054833889","","","User","04 Mar 2025 (05:19:57 pm)"
"Gurpreet kaur","rayatgurpreet571@gmail.com","44","7887183833","","","User","04 Mar 2025 (01:58:20 pm)"
"Sarah Powers","sarahpowers1@hotmail.co.uk","44","7732827356","","","User","04 Mar 2025 (01:56:21 pm)"
"Lina Sukiene","linasukiene4@gmail.com","44","7556553810","","","User","04 Mar 2025 (01:53:46 pm)"
"Ezzah Arooj","aroojezzah@gmail.com","44","7417441657","","","User","03 Mar 2025 (11:05:50 pm)"
"PROMISE OBINNA EZENWEGBU","ezepromise942@gmail.com","44","7493089180","","","User","03 Mar 2025 (08:35:57 pm)"
"Vikas mangotra","Vikas6005107244@gmail.com","44","7733920169","","","User","03 Mar 2025 (08:27:21 pm)"
"Shehab abdelrehim","shehabbakry@gmail.com","49","17621691412","","","User","03 Mar 2025 (07:47:24 pm)"
"Neeba Mathew","neebanmathew@gmail.com","353","894073748","","","User","03 Mar 2025 (06:56:59 pm)"
"Anderson","andersonwilfred1852@gmail.com","91","7902461946","","","User","03 Mar 2025 (06:01:36 pm)"
"Daniel Toader","Dantoader44@gmail.com","44","7393320430","","","User","03 Mar 2025 (05:47:20 pm)"
"Cristina Vlad","Crys_uk82@yahoo.com","44","7737544434","","","User","03 Mar 2025 (05:36:20 pm)"
"Rahul Ray","rahul1098@gmail.com","","9594777682","","","User","03 Mar 2025 (04:22:55 pm)"
"user9072003472","user9072003472@gmail.com","91","9072003472","","","User","02 Mar 2025 (09:46:15 am)"
"Irrish Poulose","irrishpoulose1998@gmail.com","91","8891296315","","","User","01 Mar 2025 (06:32:04 pm)"
"AJITH JOSEPH","ajithjoseph072@gmail.com","353","892401284","","","User","01 Mar 2025 (05:18:40 pm)"
"Irfan Safeer","irfansafeer28@gmail.com","353","894390379","","","User","01 Mar 2025 (04:30:46 pm)"
"VISHAV JIT CHIB","Chibvishu100@gmail.com","44","7572301442","","","User","01 Mar 2025 (04:29:05 pm)"
"Raghu Ramchandra","bhyaram04@gmail.com","49","15783446033","","","User","01 Mar 2025 (04:24:30 pm)"
"Branimir Vasilenko","branimirvasilenko@gmail.com","44","7375091153","","","User","01 Mar 2025 (12:26:05 pm)"
"Tsvetelina","user7518496780@gmail.com","44","7518496780","","","User","01 Mar 2025 (12:19:05 pm)"
"Rijin","user8136978704@gmail.com","91","8136978704","","","User","01 Mar 2025 (12:18:07 pm)"
"Pavel Grigorov","Pavelgrigorov@yahoo.co.uk","44","7895653542","","","User","01 Mar 2025 (12:16:06 pm)"
"Mirela Dicu","dicumirela2@gmail.com","44","7872403073","","","User","01 Mar 2025 (12:14:51 pm)"
"Obaid Ullah","malikobaid511@gmail.com","44","7944763701","","","User","28 Feb 2025 (10:21:26 pm)"
"Beant kaur","Email beant0349@gmail.com","91","9872078060","44","7887184714","User","28 Feb 2025 (09:37:37 pm)"
"user15754696767","user15754696767@gmail.com","49","15754696767","","","User","28 Feb 2025 (09:22:12 pm)"
"user17684797824","user17684797824@gmail.com","49","17684797824","","","User","28 Feb 2025 (08:18:43 pm)"
"Rosy Sabi","rosysabi7@gmail.com","91","9497335142","","","User","28 Feb 2025 (07:23:21 pm)"
"VIKAAS SHANMUGHAN RAJESH","vikaassr77@gmail.com","91","9633602316","","","User","28 Feb 2025 (06:47:25 pm)"
"Muhammad saleem","maliksaadawaan034@gmail.com","44","7943976842","","","User","28 Feb 2025 (06:46:33 pm)"
"Serban Gheorghe Adrian","Serbanadrian1989@yahoo.com","44","7787461570","","","User","28 Feb 2025 (01:55:26 pm)"
"Semira Dzheferova","semi7899@gmail.com","44","7949287604","","","User","27 Feb 2025 (09:34:19 pm)"
"MANISHA","Manisha24200102@gmail.com","44","7440513724","","","User","27 Feb 2025 (05:42:55 pm)"
"S","sisigaokm@hotmail.com","","0433168698","","","User","27 Feb 2025 (04:02:07 pm)"
"Saad Gondal","saadgondal2302419@gmail.com","1","7098531983","","","User","26 Feb 2025 (06:07:23 pm)"
"Christo Sebastian","Chrizsebastian06@gmail.com","91","7994016522","","","User","26 Feb 2025 (04:47:54 pm)"
"Karampreet singh 65787","Karampreetsingh65787@gmail.com","44","7900303723","","","User","26 Feb 2025 (04:37:59 pm)"
"Jessica Hylton","Jessicahylton1@live.co.uk","44","7848741411","","","User","26 Feb 2025 (04:16:57 pm)"
"~merrlina","user7359667418@gmail.com","44","7359667418","","","User","26 Feb 2025 (11:22:48 am)"
"~Gonda","user8531983@gmail.com","1(709)","8531983","","","User","26 Feb 2025 (10:36:25 am)"
"onlinetutorsgroup","onlinetutorsgroup321@gmail.com","","7586273221","","","User","26 Feb 2025 (07:52:09 am)"
"~Franki","Kofiyeboahf@yahoo.com","44","7424089277","","","User","25 Feb 2025 (06:08:23 pm)"
"user8728848539","user8728848539@gmail.com","91","8728848539","","","User","25 Feb 2025 (03:46:52 pm)"
"Milan sandhu","milansandhu4252@gmail.com","44","7887144606","","","User","25 Feb 2025 (01:09:51 pm)"
"Faith","faithke.believe12@gmail.com","","06763651022","","","User","25 Feb 2025 (09:20:31 am)"
"user7887143045","user7887143045@gmail.com","44","7887143045","","","User","24 Feb 2025 (05:47:12 pm)"
"IRENE SERWAA BOATENG","boatengireneserwaa@gmail.com","44","7990677115","","","User","24 Feb 2025 (05:08:24 pm)"
"Barna Kustan","Kustan.barna@yahoo.com","44","7961901067","","","User","24 Feb 2025 (04:26:26 pm)"
"Brain berry","brainberry890@gmail.com","","","","","User","24 Feb 2025 (02:12:05 pm)"
"Maya.","maya.kirova.85@gmail.com","44","7389065356","","","User","24 Feb 2025 (02:11:01 pm)"
"~Arash","user7501349814@gmail.com","44","7501349814","","","User","24 Feb 2025 (02:10:08 pm)"
"Lakshmi Santhosh Kumar","lachukumar1234@gmail.com","91","7012753846","","","User","24 Feb 2025 (02:09:41 pm)"
"~Evghenia Patras","evgheniapatras23@gmail.com","44","7950347167","","","User","24 Feb 2025 (02:09:10 pm)"
"HARITHA VADAKKEKKARA MOHANAN","harithavmohanan2003@gmail.com","91","9544937409","","","User","24 Feb 2025 (12:16:53 pm)"
"user9426733742","user9426733742@gmail.com","91","9426733742","","","User","23 Feb 2025 (08:20:13 am)"
"Orghobi Saa","Orghobi@yandex.com","","+966506888627","","","User","23 Feb 2025 (02:55:03 am)"
"Mohit mehra","mohitmehra6123@gmail.com","44","7900235381","","","User","22 Feb 2025 (08:19:45 pm)"
"Aman","user7938708397@gmail.com","44","7938708397","","","User","22 Feb 2025 (02:04:26 pm)"
"Manjit kaur","bs9837497@gmail.com","44","7899661621","","","User","22 Feb 2025 (01:25:24 pm)"
"Simranjeet Singh","singhsimranjeet616@gmail.com","44","7899030626","","","User","22 Feb 2025 (01:03:51 pm)"
"Muhammad Husnain","Just.husnain@gmail.com","44","7435784194","","","User","22 Feb 2025 (11:25:01 am)"
"Nilesh goraniya   (Another number ending from: 55767)","karangoraniya35997@gmail.com","91","7349926705","91","9313602993","User","21 Feb 2025 (09:47:38 pm)"
"user17658898605","user17658898605@gmail.com","44","17658898605","","","User","21 Feb 2025 (05:35:18 pm)"
"user8136997172","user8136997172@gmail.com","91","8136997172","","","User","21 Feb 2025 (05:30:36 pm)"
"sourav sourav","saurav03500@gmail.com","44","7553686337","","","User","21 Feb 2025 (05:20:14 pm)"
"Reshma","reshumol422@gmail.com","49","17627482237","","","User","21 Feb 2025 (01:27:01 pm)"
"Hanzila Bin Farooq","binfarooqhanzila@gmail.com","44","7887049849","","","User","21 Feb 2025 (01:26:13 pm)"
"Sumandeep kour","Koursumandeep934@gmail.com","44","7438305748","44","7741062534","User","21 Feb 2025 (12:42:20 pm)"
"Alexandru Caraman","user7507360606@gmail.com","44","7507360606","","","User","21 Feb 2025 (11:47:15 am)"
"Vadim Morarescu","Vadimmorarescu7@gmail.com","44","7518806745","","","User","21 Feb 2025 (11:28:39 am)"
"Adrei Beleniuc","user7904605635@gmail.com","44","7904605635","","","User","21 Feb 2025 (11:28:12 am)"
"Ion Botnarenco","user7859256741@gmail.com","44","7859256741","","","User","21 Feb 2025 (11:24:28 am)"
"Sayed Hidayeatullah Muneeb","Shedayatullahmuneeb@gmail.com","49","1634745941","","","User","21 Feb 2025 (10:54:06 am)"
"Harsh","harsh.sarangal98@gmail.com","91","8437749991","","","User","19 Feb 2025 (11:01:17 pm)"
"Vasilisa Burghelea","Vasilita_burghelea@mail.ru","44","7502308048","","","User","19 Feb 2025 (05:56:02 pm)"
"Dilyan Atanasov","martik8585@gmail.com","44","7737991806","","","User","19 Feb 2025 (04:18:04 pm)"
"Bruno da Cruz Pereira","BD430@live.mdx.ac.uk","44","7386881248","","","User","19 Feb 2025 (02:09:42 pm)"
"~I@m","user9539921742@gmail.com","91","9539921742","","","User","19 Feb 2025 (10:16:11 am)"
"Ovidiu DORINEL Cernea","Ovidiudorinelcernea@gmail.com","44","7898493947","","","User","18 Feb 2025 (07:00:50 pm)"
"Mohammed Qureshi","mrqureshi271@gmail.com","91","8309425764","","","User","18 Feb 2025 (06:49:10 pm)"
"Nabil Ali","nabilali1986@outlook.com","44","7484718753","","","User","18 Feb 2025 (02:26:10 pm)"
"Fathima Cherupilly Abdul azees","fathimaca5080@gmail.com","91","9995381119","","","User","18 Feb 2025 (01:38:42 pm)"
"Ankita Ankita","iankita.8787@gmail.com","91","9815019324","","","User","18 Feb 2025 (12:43:02 pm)"
"Muzammil Musthafa Mukkada Thazha","muzammilmusthafa1114@gmail.com","91","7356951512","","","User","18 Feb 2025 (12:30:16 pm)"
"Merin Thomas","merinthomas1198@gmail.com","44","7909647150","","","User","17 Feb 2025 (05:39:51 pm)"
"sai bolisetti","saisrilekhabolisetti@gmail.com","44","7721890698","","","User","17 Feb 2025 (01:07:04 pm)"
"Sajaysd","sajaysadhasivamdhevakumar@gmail.com","44","7990257483","","","User","17 Feb 2025 (01:06:33 pm)"
"~Madhavan Murugesan","user26334015@gmail.com","371","26334015","","","User","17 Feb 2025 (08:35:26 am)"
"Marian Margean","user760856108@gmail.com","40","760856108","","","User","17 Feb 2025 (08:25:11 am)"
"MUHAMMAD SHABEER PARAKKADAN","shabeershabe52@gmail.com","91","9846610207","","","User","16 Feb 2025 (03:20:27 pm)"
"Manjeet Singh","user7459024168@gmail.com","44","7459024168","","","User","16 Feb 2025 (02:42:14 pm)"
"Catalin Cimpan","Cimpancatalin94@gmail.com","44","7555271714","","","User","16 Feb 2025 (10:47:13 am)"
"Tina Emmanuel","agugua.emmanuel@gmail.com","44","7342272337","","","User","16 Feb 2025 (10:35:46 am)"
"JINO VINOY","vvjino@gmail.com","91","9496700652","","","User","16 Feb 2025 (10:06:58 am)"
"Isatu Bah","Isatubah430@gmail.com","44","7914150804","","","User","16 Feb 2025 (08:43:53 am)"
"Benson pappachan","bensonpappachan@gmail.com","44","7553990960","","","User","15 Feb 2025 (08:57:47 pm)"
"Bee~~~","user7384079026@gmail.com","44","7384079026","","","User","15 Feb 2025 (02:08:29 pm)"
"Anna joby","annamariajoby@gmail.com","44","7407477085","","","User","14 Feb 2025 (06:25:09 pm)"
"Vinay Papaiya","vinaypapaiya@gmail.com","49","15730021428","","","User","14 Feb 2025 (04:40:12 pm)"
"Esther Ifeoma Otuorimuo","estherehiabor@yahoo.co.uk","44","7939525206","","","User","14 Feb 2025 (04:24:48 pm)"
"Fatmata Barriè","adalesha17@yahoo.com","44","7913373998","","","User","14 Feb 2025 (02:32:24 pm)"
"user6282259466","user6282259466@gmail.com","91","6282259466","","","User","13 Feb 2025 (06:13:06 pm)"
"user9645591199","user9645591199@gmail.com","91","9645591199","","","User","13 Feb 2025 (02:01:12 pm)"
"Shadia Abdalla","saumu.mussa@yahoo.co.uk","44","7903547001","","","User","13 Feb 2025 (01:19:42 pm)"
"Rana Hamad Iftikhar","ranahamadiftikhar@gmail.com","","","","","User","13 Feb 2025 (12:17:00 pm)"
"Umut Bozdere","u_bozdere@outlook.com","44","7742392758","","","User","13 Feb 2025 (07:49:30 am)"
"Tallat Hussain","tallatmalik9000@gmail.com","44","7833430238","","","User","13 Feb 2025 (07:46:59 am)"
"Blessing Smith","I.blessing19@yahoo.co.uk","44","7459319394","","","User","12 Feb 2025 (07:44:07 pm)"
"Muhammad waqas sial","Waqassial881@gmail.com","44","7490109204","","","User","12 Feb 2025 (05:48:39 pm)"
"Abhishek Joseph","abhishekjoseph268@gmail.com","353","892577188","","","User","12 Feb 2025 (05:35:46 pm)"
"Muhammed dilshan kannattil","kmuhammeddilshan@gmail.com","44","7887123762","","","User","12 Feb 2025 (02:03:25 pm)"
"Mohammed Muslih","mohammedmuslih1010@gmail.com","91","9645521010","","","User","12 Feb 2025 (12:35:07 pm)"
"Guilherme Apolinario","Uberguilhermea@gmail.com","44","7778012084","","","User","12 Feb 2025 (11:48:19 am)"
"Susana Rodrigues","susana_finhaa@hotmail.com","44","7491936008","","","User","12 Feb 2025 (11:45:57 am)"
"Sue Barros","user7375246281@gmail.com","44","7375246281","","","User","12 Feb 2025 (11:42:41 am)"
"Susana","susana_finhaa@hotmail.com","","","","","User","12 Feb 2025 (11:28:51 am)"
"Sue Barros","suemfbarros@gmail.com","","","","","User","12 Feb 2025 (11:26:03 am)"
"VISHNU PATHIRAVALAPPIL BALAKRISHNAN","vishnupb496@gmail.com","91","8086381018","","","User","12 Feb 2025 (10:46:42 am)"
"Zvezdomira Nedyalkova","Petrovazvezdomira@yahoo.co.uk","44","7526918739","","","User","12 Feb 2025 (10:27:30 am)"
"Chandrapal Singh","chandrapal@gmail.com","","","","","Sub Writer","12 Feb 2025 (07:37:38 am)"
"Abhinand Vinod","abhinand15apple@gmail.com","44","7887125051","","","User","11 Feb 2025 (09:24:28 pm)"
"user7887123236","user7887123236@gmail.com","44","7887123236","","","User","11 Feb 2025 (08:23:12 pm)"
"Gladys Awuni","awunigladys17@gmail.com","44","7591832358","","","User","11 Feb 2025 (08:19:06 pm)"
"Milind Bari","milindbari971@gmail.com","44","7760590434","","","User","11 Feb 2025 (05:18:47 pm)"
"Tichaona Machiridza","tichmachizma@gmail.com","","00263774675280","","","User","11 Feb 2025 (04:15:55 am)"
"Ionut Tiganus","tiganus.ionut.90@gmail.com","44","7438977646","40","751861724","User","10 Feb 2025 (10:51:01 pm)"
"H Karoshi","Angelakaroshi@libero.it","44","7367537789","","","User","10 Feb 2025 (05:59:18 pm)"
"Jeremy","celledelvias@gmail.com","","0815833822","","","User","10 Feb 2025 (04:21:41 pm)"
"Mariana Josan","marianarusu37@gmail.com","44","7587312622","","","User","09 Feb 2025 (01:12:19 pm)"
"Veronica","user9836078074@gmail.com","91","9836078074","","","User","09 Feb 2025 (11:59:29 am)"
"Emanuel Daniel Scarlat","emilio_emys@yahoo.com","40","721933662","","","User","09 Feb 2025 (10:52:56 am)"
"Parminder","Jhutty899@gmail.com","44","7404996264","","","User","09 Feb 2025 (09:50:45 am)"
"~Preet Namdhari","user6239984009@gmail.com","91","6239984009","","","User","08 Feb 2025 (01:52:19 pm)"
"~TUNJI OYEWOLE","bamideleyo@hotmail.com","234","8064862471","","","User","08 Feb 2025 (01:37:13 pm)"
"Abdrahman Odeh","odeh098@gmail.com","+44","542241424","","","User","08 Feb 2025 (10:47:39 am)"
"Galina Bogdanova","galina.holidays@gmail.com","44","7960168107","","","User","08 Feb 2025 (10:27:37 am)"
"Anam Khan","anam.warrgismorsch@gmail.com","","","","","Sub Writer","08 Feb 2025 (07:09:27 am)"
"user7584398967","user7584398967@gmail.com","44","7584398967","","","User","07 Feb 2025 (08:11:47 pm)"
"Don Siby","donsiby45@gmail.com","91","7902946385","","","User","07 Feb 2025 (08:11:01 pm)"
"user9582500837","user9582500837@gmail.com","91","9582500837","","","User","07 Feb 2025 (08:09:37 pm)"
"user7741982072","user7741982072@gmail.com","44","7741982072","","","User","07 Feb 2025 (02:26:57 pm)"
"Rahul Damodaran","rahuldamodaran2001@gmail.com","44","7407105375","","","User","07 Feb 2025 (12:04:13 pm)"
"sai","user7899251236@gmail.com","44","7899251236","","","User","07 Feb 2025 (11:45:26 am)"
"Pravjot Kaur Lail","Pravjot.kaur09022000@gmail.com","44","7414962400","44","7460796336","User","06 Feb 2025 (09:38:57 pm)"
"samuelwright","samuelwright2637@gmail.com","","","","","User","06 Feb 2025 (05:31:02 am)"
"Muhammad tariq","tq6009@gmail.com","44","7956987459","","","User","05 Feb 2025 (10:59:27 pm)"
"Marusia Mallak","mallakmarusia@rocketmail.com","","","","","User","05 Feb 2025 (06:21:53 pm)"
"~Marusia Mallak","user7407185128@gmail.com","44","7407185128","","","User","05 Feb 2025 (02:10:31 pm)"
"SANDHU I ( Yashikas2003@gmail.com )","Email:Yashikas2003@gmail.com","91","8950177563","","","User","05 Feb 2025 (11:48:12 am)"
"prince","princesharmawarrgyiz@gmail.com","","","","","User","05 Feb 2025 (06:58:44 am)"
"Temitope Alabi","Email (temitopealabi206@gmail.com)","234","8147573842","","","User","04 Feb 2025 (10:43:42 pm)"
"Obianumba Chioma","Obianumbac@gmail.com","234","8165328460","","","User","04 Feb 2025 (08:31:01 pm)"
"Mahima Siby","sandraponnu383@gmail.com","91","8281411042","","","User","04 Feb 2025 (04:19:28 pm)"
"Jyoti","user7424977631@gmail.com","44","7424977631","","","User","04 Feb 2025 (02:03:37 pm)"
"~Virender Singh","user7887167698@gmail.com","44","7887167698","","","User","04 Feb 2025 (01:21:44 pm)"
"I am waiting for you","asmamnswrabwbywmy27@gmail.com","","WAZX@918283","","","User","04 Feb 2025 (08:52:44 am)"
"Ankita kashyap","ankita.warrgyizmorsch@gmail.com","","","","","Sub Writer","04 Feb 2025 (07:58:59 am)"
"AHTESHAM AWAN","seo@digitalconic.com","","5732578022","","","User","04 Feb 2025 (07:17:41 am)"
"ABel JOhnsoN","abeljohnson113@gmail.com","91","7356277643","","","User","03 Feb 2025 (08:32:18 pm)"
"Deepika","deepikadhankhar2000@gmail.com","44","9812493600","","","User","03 Feb 2025 (07:04:27 pm)"
"user15906767219","user15906767219@gmail.com","49","15906767219","","","User","03 Feb 2025 (06:04:28 pm)"
"user7417584411","user7417584411@gmail.com","44","7417584411","","","User","03 Feb 2025 (05:48:14 pm)"
"user9376732847","user9376732847@gmail.com","91","9376732847","","","User","03 Feb 2025 (04:55:28 pm)"
"Miss L Lezeu","lezeuvioleta@gmail.com","44","7599830877","","","User","03 Feb 2025 (01:43:27 pm)"
"Georgeta Tiganus","Georgeta_ciobotaru_85@yahoo.com","40","749418194","","","User","03 Feb 2025 (11:33:33 am)"
"Cristina Proca","cristinaproca20@gmail.com","","","","","User","03 Feb 2025 (11:10:40 am)"
"Vijitha karunanantharajan","Vijithambi112@gmail.com","44","7404941442","","","User","03 Feb 2025 (09:49:05 am)"
"Ismail Karim","ismailkarim35@gmail.com","1","13474212524","","","User","03 Feb 2025 (05:16:40 am)"
"Ishanth Pinnamaraju","Ishanthvp@gmail.com","1","7046686565","","","User","03 Feb 2025 (05:15:51 am)"
"Wayne Butler","wbutler281@yahoo.com","1","4106224932","","","User","03 Feb 2025 (05:15:09 am)"
"Elena Romina Mihalcioiu","elenaromina94@icloud.com","44","7904830407","","","User","01 Feb 2025 (09:39:25 pm)"
"Ion Costel Adler","adler.ion.82@gmail.com","44","7552030551","","","User","01 Feb 2025 (09:38:05 pm)"
"~Mancy Rana","Mancyrana195@gmail.com","91","7527997261","","","User","01 Feb 2025 (04:43:21 pm)"
"Ashil Punnathara Thomas","ashilpeter1@gmail.com","91","7012209655","","","User","01 Feb 2025 (03:25:11 pm)"
"user7733870308","user7733870308@gmail.com","44","7733870308","","","User","01 Feb 2025 (01:59:49 pm)"
"user7733902525","user7733902525@gmail.com","44","7733902525","","","User","01 Feb 2025 (01:55:57 pm)"
"Gurbhej singh","Gurbhejsingh25081998@gmail.com","44","7733879207","","","User","01 Feb 2025 (01:50:15 pm)"
"agnes joel chakkanat thankachan","-agnesjoel29@gmail.com","91","7356815253","","","User","01 Feb 2025 (12:48:40 pm)"
"Harold John","haroldhari2000@gmail.com","49","1635029247","","","User","01 Feb 2025 (11:09:23 am)"
"~Michel Meyer","Michel.meyer97@web.de","49","17684890040","","","User","30 Jan 2025 (01:09:25 pm)"
"Angel Nanchev","a_nanchev@yahoo.com","44","7517755586","","","User","30 Jan 2025 (11:41:47 am)"
"Cristina Anna Thomas.","cristinaannathomas@gmail.com","49","17672900656","","","User","30 Jan 2025 (08:56:15 am)"
"Lucy","Lucynaper@yahoo.com","44","7380289282","","","User","29 Jan 2025 (09:25:40 pm)"
"ramanjot","jotraman1023@gmail.com","44","7440770586","","","User","29 Jan 2025 (07:54:21 pm)"
"~Mian M.Akram","Doburjienterprises@gmail.com","44","7476978995","","","User","29 Jan 2025 (02:22:29 pm)"
"Hamad Ali.","hamad7138evening@gmail.com","44","7435031358","","","User","29 Jan 2025 (02:21:52 pm)"
"Alexandre Da Silva","Alex.slb.97@gmail.com","44","7554725149","","","User","28 Jan 2025 (07:27:01 pm)"
"JOSEPH WILSON","Josephpittappillil1@gmail.com","371","25735893","","","User","28 Jan 2025 (03:55:28 pm)"
"Mohammed Najil","muhammednajil777@gmail.com","91","9995950330","","","User","28 Jan 2025 (03:35:50 pm)"
"Eng Naji Al-sagheer","najialsagheer@gmail.com","49","17622044952","","","User","28 Jan 2025 (12:23:07 pm)"
"Eucharia Amadi","user7446396577@gmail.com","44","7446396577","","","User","27 Jan 2025 (08:27:53 pm)"
"user3429628556","user3429628556@gmail.com","92","3429628556","","","User","27 Jan 2025 (05:01:45 pm)"
"user5365451925","user5365451925@gmail.com","90","5365451925","","","User","27 Jan 2025 (04:50:39 pm)"
"Ranjeet,","user7909479036@gmail.com","44","7909479036","","","User","27 Jan 2025 (10:42:10 am)"
"Sagar","user15781711013@gmail.com","49","15781711013","","","User","27 Jan 2025 (08:18:10 am)"
"Harkiratpal Kler","harkiratkler356@gmail.com","44","7466137235","","","User","25 Jan 2025 (01:33:28 pm)"
"Gurjant singh","SINGHWARAICHG@GMAIL.COM","44","7741570522","","","User","25 Jan 2025 (01:32:45 pm)"
"Fatimo Abdulkadir-martins","yhinkaa@yahoo.co.uk","44","7492164913","","","User","25 Jan 2025 (12:43:54 pm)"
"Likhit,","user17617645809@gmail.com","49","17617645809","","","User","25 Jan 2025 (12:22:06 pm)"
"Madhavan Venkatesan","Madhava.venkatesan@gmail.com","44","7760954260","","","User","24 Jan 2025 (10:17:24 pm)"
"user17684567852","user17684567852@gmail.com","49","17684567852","","","User","24 Jan 2025 (07:57:00 pm)"
"n","user7559831880@gmail.com","91","7559831880","","","User","23 Jan 2025 (01:40:04 pm)"
"Avinash Parmar","avinash.0407parmar@gmail.com","91","9662085229","","","User","22 Jan 2025 (05:54:56 pm)"
"user9633314317","user9633314317@gmail.com","91","9633314317","","","User","22 Jan 2025 (04:13:10 pm)"
"user9533992776","user9533992776@gmail.com","91","9533992776","","","User","22 Jan 2025 (03:48:27 pm)"
"Tomasz Zmuda","tomekzmuda100@gmail.com","","","","","User","22 Jan 2025 (10:06:02 am)"
"user17670644965","user17670644965@gmail.com","49","17670644965","","","User","21 Jan 2025 (08:00:41 pm)"
"Kurian Joseph","kurianjoseph202@gmail.com","","","","","User","21 Jan 2025 (04:46:46 pm)"
"~Kurian Joseph","user9188853371@gmail.com","91","9188853371","","","User","21 Jan 2025 (02:23:54 pm)"
"user1739733515","user1739733515@gmail.com","49","1739733515","","","User","20 Jan 2025 (09:37:46 pm)"
"K Deep","deepbenipal2412@gmail.com","91","8968118292","","","User","20 Jan 2025 (04:12:29 pm)"
"Ana-Maria Bivol","ankamaria2013@gmail.com","44","7927927626","","","User","20 Jan 2025 (09:55:50 am)"
"Ajith puthenveedu Rejimon","ajithpr0852@gmail.com","49","15510369303","","","User","20 Jan 2025 (09:36:56 am)"
"Ketan Sahota","Ktnsahota@gmail.com","91","8847055355","","","User","19 Jan 2025 (02:21:43 pm)"
"Maximize Your Earnings With Bitcoin Bonuses Today. Get Started Now
 >>> https://t.me/+g51h2cr  #Lolllukazzzur333
 <<<  67660912","hru8@kirzzioh.store","","","","","User","19 Jan 2025 (12:17:40 pm)"
"user17672807669","user17672807669@gmail.com","49","17672807669","","","User","19 Jan 2025 (10:40:08 am)"
"james","jamespaullinkbuilder@gmail.com","","03059473097","","","User","19 Jan 2025 (04:41:37 am)"
"ABIN VALIYAPARAMBIL ANILKUMAR","user7902362392@gmail.com","91","7902362392","","","User","18 Jan 2025 (09:09:08 pm)"
"Deepak Sharma","ds6233928@gmail.com","44","7424970831","","","User","18 Jan 2025 (07:09:45 pm)"
"Amjath Sainudeen","amjadsainudeen@gmail.com","49","1792237855","","","User","18 Jan 2025 (12:05:59 pm)"
"Subramanian Natarajan","mail.subramanian@yahoo.com","","0491638147351","","","User","18 Jan 2025 (09:13:16 am)"
"gajing","dewa123qwe@gmail.com","","","","","User","17 Jan 2025 (09:33:31 pm)"
"user8075503112","user8075503112@gmail.com","91","8075503112","","","User","17 Jan 2025 (08:55:29 pm)"
"Laila zafar","Lailazafar888@gmail.com","44","7467862433","","","User","17 Jan 2025 (05:23:29 pm)"
"user9567936314","user9567936314@gmail.com","91","9567936314","","","User","17 Jan 2025 (05:03:45 pm)"
"user8137084541","user8137084541@gmail.com","91","8137084541","","","User","17 Jan 2025 (01:05:27 pm)"
"Biniam zewde mulugeta","biniman658@gmail.com","","+251961979031","","","User","17 Jan 2025 (12:30:02 pm)"
"Ajay Kumar","Kumarajayld1999@gmail.com","44","7466611550","","","User","16 Jan 2025 (09:39:34 pm)"
"user9388511100","user9388511100@gmail.com","91","9388511100","","","User","16 Jan 2025 (07:31:36 pm)"
"Abdi hussein","Abdihussein457@gmail.com","44","7957230704","","","User","16 Jan 2025 (06:30:12 pm)"
"Akhil C George","akhilgeorge.c@gmail.com","49","15901321192","","","User","16 Jan 2025 (05:52:10 pm)"
"Justin sibi","justinsibi01@gmail.com","49","17680764987","","","User","16 Jan 2025 (04:50:05 pm)"
"Yathavaram","yathew14@yahoo.com","44","7475096827","","","User","16 Jan 2025 (02:05:56 pm)"
"Clerin Vazhappilly Thomas","clerinthomas2002@gmail.com","49","1742589575","","","User","16 Jan 2025 (01:02:44 pm)"
"Kunal malik","kunalmalikkm84@gmail.com","49","17684509035","","","User","15 Jan 2025 (11:31:09 pm)"
"Shreelakshmy","sreelakshmi2239@gmail.com","91","7902361442","","","User","15 Jan 2025 (11:13:15 pm)"
"Mr Razvan-Doinel Cimpoeru","riyrazvan@yahoo.com","44","7703289269","","","User","15 Jan 2025 (10:02:26 pm)"
"Razvan doru DUMITRU","razvandumitru9999@gmail.com","44","7423549799","","","User","15 Jan 2025 (09:23:04 pm)"
"user7380399304","user7380399304@gmail.com","44","7380399304","","","User","15 Jan 2025 (08:25:28 pm)"
"user7823822235","user7823822235@gmail.com","44","7823822235","","","User","15 Jan 2025 (07:54:10 pm)"
"user7823808500","user7823808500@gmail.com","44","7823808500","","","User","15 Jan 2025 (06:21:16 pm)"
"user17665142857","user17665142857@gmail.com","49","17665142857","","","User","15 Jan 2025 (05:31:51 pm)"
"magnus","ayoamos@gmail.com","","2348080283132","","","User","15 Jan 2025 (02:02:20 am)"
"Muhammad Aqib Sarfraz","aqibsarfraz042@gmail.com","44","7411646998","","","User","14 Jan 2025 (08:41:25 pm)"
"user8591322760","user8591322760@gmail.com","91","8591322760","","","User","14 Jan 2025 (06:33:34 pm)"
"Reshma Lekshmi","reshmal2001315@gmail.com","49","17623972719","","","User","14 Jan 2025 (05:00:30 pm)"
"Andrene Brown","andrene_brown@ymail.com","44","7539357419","","","User","14 Jan 2025 (04:00:05 pm)"
"Ana-Maria Decianu","anamariadecianu93@outlook.com","44","7701332640","","","User","14 Jan 2025 (03:34:08 pm)"
"Alan Kootenpara Varghese","alanv0968@gmail.com","49","1782665971","49","15510822981","User","14 Jan 2025 (01:19:18 pm)"
"Rijo Podiyan Benchamin","rijopbenchamin@gmail.com","44","7880439117","","","User","14 Jan 2025 (01:16:57 pm)"
"Tomasz Zmuda","user7704659017@gmail.com","44","7704659017","","","User","14 Jan 2025 (08:32:36 am)"
"Joseph Babu","jbkubelia@gmail.com","91","8129643198","","","User","13 Jan 2025 (08:50:46 pm)"
"Caliniuc Andreea","deea_b_85@yahoo.com","44","7503104430","","","User","13 Jan 2025 (11:15:58 am)"
"HELNA Sebastian","Sebastianhelna@gmail.com","91","8593829542","","","User","13 Jan 2025 (10:08:24 am)"
"Prativa Regmi","Prativaregmi99@gmail.com","44","7778790347","","","User","13 Jan 2025 (08:15:45 am)"
"avnishah","janemwangiseo12@gmail.com","","03260839844","","","User","13 Jan 2025 (07:49:14 am)"
"user8195084195","user8195084195@gmail.com","91","8195084195","","","User","11 Jan 2025 (07:49:51 pm)"
"Sravani Majji","Sravani.majji123@gmail.com","91","9100697359","","","User","11 Jan 2025 (07:34:26 pm)"
"Lesley poku","oti72.florence@gmail.com","44","7947132255","","","User","11 Jan 2025 (07:26:44 pm)"
"Ebrima sanneh","Sanneh_ebrima270@yahoo.com","44","7852979526","","","User","11 Jan 2025 (01:52:50 pm)"
"Persida Matei","Persida.matei@yahoo.com","44","7826617178","","","User","11 Jan 2025 (09:52:33 am)"
"Raunaq","raunaq@warrgyizmorsch.com","","","","","Marketing Team","11 Jan 2025 (09:01:37 am)"
"Anandakrishnan","Anandakrishnan183h@gmail.com","91","9495992387","","","User","10 Jan 2025 (03:55:34 pm)"
"DANIEL KWASI ATITSOGBI","deemac400@gmail.com","233","244910795","","","User","09 Jan 2025 (08:34:35 pm)"
"Shebin Chacko","chackoshebin07@gmail.com","91","7306345329","","","User","09 Jan 2025 (07:15:39 pm)"
"Diana","dianacidu25@yahoo.com","","","","","User","09 Jan 2025 (12:41:24 pm)"
"test","test@test","","134567809890","","","User","09 Jan 2025 (11:04:31 am)"
"Keziah Thadathil Biju","greatkez12@gmail.com","91","7902300526","","","User","08 Jan 2025 (10:15:25 pm)"
"user7950887102","user7950887102@gmail.com","44","7950887102","","","User","08 Jan 2025 (04:04:10 pm)"
"~Amal","user17623340308@gmail.com","49","17623340308","","","User","08 Jan 2025 (12:37:32 pm)"
"Tseday Zelalim","tsedeyayele119@gmail.com","44","7990370412","","","User","07 Jan 2025 (07:26:32 pm)"
"Chad samba","chadsamba1@hotmail.com","44","7386583056","","","User","07 Jan 2025 (04:56:55 pm)"
"Rutik Lunagariya","rutiklunagariya6@gmail.com","49","17656612194","","","User","07 Jan 2025 (04:38:32 pm)"
"Jithu John","jithujohn900@gmail.com","49","15752477602","","","User","07 Jan 2025 (02:17:55 pm)"
"prabjot kaur 84","Prabjotk645@gmail.com","91","8437585055","","","User","07 Jan 2025 (07:45:50 am)"
"Jitisha Rathore","jitishawarrgyizmorsch@gmail.com","","","","","Sub Writer","07 Jan 2025 (05:04:11 am)"
"Raju Suresh","stephencezil1122@gmail.com","44","7823905745","","","User","06 Jan 2025 (09:10:05 pm)"
"user9744597314","user9744597314@gmail.com","91","9744597314","","","User","06 Jan 2025 (08:08:19 pm)"
"user7548871898","user7548871898@gmail.com","44","7548871898","","","User","06 Jan 2025 (06:51:36 pm)"
"Ramanpreet Kaur","ramanpreetkaur01102002@gmail.com","44","7733902504","","","User","06 Jan 2025 (06:02:17 pm)"
"Sobin Joseph 77","sobinjoseph100@gmail.com","44","7717466445","","","User","06 Jan 2025 (03:14:08 pm)"
"user7404461517","user7404461517@gmail.com","44","7404461517","","","User","06 Jan 2025 (02:00:52 pm)"
"Deepak Thottungal Bijoy.","Deepakbijoy@gmail.com","91","8593922719","","","User","06 Jan 2025 (01:01:33 pm)"
"Anna Alias","annaalias72@gmail.com","91","9947313817","","","User","06 Jan 2025 (11:39:37 am)"
"Gabriel Sorin Ceausu","ceausugabriel3@gmail.com","44","7787628480","","","User","06 Jan 2025 (11:38:56 am)"
"sabhina","user9746237842@gmail.com","91","9746237842","","","User","06 Jan 2025 (08:24:49 am)"
"AnandhAnandh","user9746874915@gmail.com","91","9746874915","","","User","06 Jan 2025 (08:23:30 am)"
"user7553119881","user7553119881@gmail.com","44","7553119881","","","User","05 Jan 2025 (06:34:32 pm)"
"Ann mariya jose","joseannmariya90@gmail.com","","","","","User","05 Jan 2025 (06:11:58 pm)"
"Ann mariya jose","user7587773192@gmail.com","44","7587773192","","","User","05 Jan 2025 (05:52:11 pm)"
"user9363694491","user9363694491@gmail.com","98","9363694491","","","User","05 Jan 2025 (05:38:20 pm)"
"Ashly Karottuchathuppel Joy","ashlyjoy165@gmail.com","91","9744752680","","","User","05 Jan 2025 (03:00:49 pm)"
"Salma sakeer","salmasakeer1999@gmail.com","91","8078263088","","","User","05 Jan 2025 (10:12:50 am)"
"Krishna Giri","user9846674384@gmail.com","977","9846674384","","","User","04 Jan 2025 (06:42:23 pm)"
"Devendra Chowdary","user7032325401@gmail.com","91","7032325401","","","User","04 Jan 2025 (04:05:46 pm)"
"Muzammil Abbas","muzammilmcs376@gmail.com","92","3436896947","","","User","04 Jan 2025 (12:38:29 pm)"
"Joyscelon Da costa","Joyscelond@gmail.com","44","7454008119","","","User","04 Jan 2025 (11:58:15 am)"
"Britta Vinod","brittamary39@gmail.com","49","1742589499","","","User","04 Jan 2025 (10:28:48 am)"
"Iryna Romashchenko","irene311234512345@gmail.com","44","7950101512","","","User","03 Jan 2025 (07:24:39 pm)"
"Nataliia Mytchenko","nnmur77@gmail.com","44","7585051620","","","User","03 Jan 2025 (06:44:01 pm)"
"Ashwin Mudakkaliyel Mathew","ashwinmmathew95@gmail.com","91","8547788829","","","User","03 Jan 2025 (12:01:19 pm)"
"Krishna Sachin","user9048056737@gmail.com","91","9048056737","","","User","03 Jan 2025 (11:02:19 am)"
"Jessue Saji","jessuep@gmail.com","91","7306256664","","","User","03 Jan 2025 (10:59:43 am)"
"Pankaj sharma","pshamra899@gmail.com","49","15772157303","","","User","03 Jan 2025 (07:56:37 am)"
"ABDELRAZIG SHAABAN ABDELRAZIG GUMAA","abdelrazig9977@gmail.com","44","7467298584","","","User","03 Jan 2025 (07:49:40 am)"
"user7356113603","user7356113603@gmail.com","91","7356113603","","","User","02 Jan 2025 (07:59:23 pm)"
"user17682378510","user17682378510@gmail.com","49","17682378510","","","User","02 Jan 2025 (07:41:17 pm)"
"Kanchan Balaji Bansode","kanchanbansode7@gmail.com","91","8655803635","","","User","02 Jan 2025 (04:41:54 pm)"
"Bhagwant Singh","singhbhagwant544@gmail.com","44","7767939957","","","User","02 Jan 2025 (03:56:41 pm)"
"Jinson joy","Jinsonjoy1025@gmail.com","49","17663424841","","","User","02 Jan 2025 (03:36:31 pm)"
"Elif Kara","elifkara5@hotmail.co.uk","44","7369248488","","","User","02 Jan 2025 (02:25:48 pm)"
"MUHAMED SAFUVAN THAYATTIL","safuvanthayattil@gmail.com","91","7356512991","","","User","02 Jan 2025 (01:54:46 pm)"
"Fawas Shareef","fawasshereef789@gmail.com","91","9746563718","","","User","02 Jan 2025 (01:52:14 pm)"
"Hrishikesh Kattikoloth Pradeep","hrishikeshkattikolothp@gmail.com","44","7553169820","","","User","02 Jan 2025 (01:49:54 pm)"
"Elif","elkallas79@gmail.com","","","","","User","02 Jan 2025 (11:56:49 am)"
"Pawanpreet Singh","pwnpreet17@gmail.com","91","6284149677","","","User","02 Jan 2025 (10:04:10 am)"
"Gurpreet Kaur","gurpreetsidhu7896803@gmail.com","","","","","User","01 Jan 2025 (11:34:18 pm)"
"user17624017767","user17624017767@gmail.com","49","17624017767","","","User","01 Jan 2025 (09:27:10 pm)"
"Gokul krishna","gokulkrishna.rko@gmail.com","49","15735826483","","","User","01 Jan 2025 (06:55:03 pm)"
"Gurpreet","user7741355261@gmail.com","44","7741355261","","","User","01 Jan 2025 (05:24:52 pm)"
"user6280002104","user6280002104@gmail.com","91","6280002104","","","User","30 Dec 2024 (03:31:06 pm)"
"Ritu Duggal","ritu1duggal@gmail.com","44","7884258241","","","User","30 Dec 2024 (01:15:22 pm)"
"Samjhana karki","Samukarki1998@gmail.com","44","7824743437","","","User","29 Dec 2024 (11:27:58 am)"
"user3430596535","user3430596535@gmail.com","92","3430596535","","","User","29 Dec 2024 (11:27:08 am)"
"MANJUSHA REJEEVAN","manjusharejeevanmanju123@gmail.com","91","9400852486","","","User","29 Dec 2024 (11:25:31 am)"
"~JERIN MATHEW","user9447766507@gmail.com","91","9447766507","","","User","28 Dec 2024 (09:33:34 am)"
"Akhil","akhilpj279@gmail.com","","","","","User","27 Dec 2024 (10:11:16 pm)"
"user7587774988","user7587774988@gmail.com","44","7587774988","","","User","27 Dec 2024 (08:17:11 pm)"
"Dominik Hrnciar","user7588640019@gmail.com","44","7588640019","","","User","27 Dec 2024 (06:36:42 pm)"
"Mr Alexandru ciprian dragoi","Dragoialexandruciprian@gmail.com","44","7759773669","","","User","27 Dec 2024 (01:49:53 pm)"
"AKHIL JOSE","user1725406743@gmail.com","49","1725406743","","","User","27 Dec 2024 (12:07:56 pm)"
"Hiro Pakdeevutitam","spakdeevutitam@gmail.com","","0835461313","","","User","27 Dec 2024 (06:55:16 am)"
"user7356149590","user7356149590@gmail.com","91","7356149590","","","User","26 Dec 2024 (06:36:58 pm)"
"Abhishek Augustine","abhishekaugustine8@gmail.com","91","7510662361","","","User","26 Dec 2024 (02:33:30 pm)"
"Tany jain","tanyjain2002@gmail.com","44","7887121084","","","User","26 Dec 2024 (07:30:17 am)"
"user7586389370","user7586389370@gmail.com","44","7586389370","","","User","24 Dec 2024 (07:53:53 pm)"
"user7366410528","user7366410528@gmail.com","44","7366410528","","","User","24 Dec 2024 (06:14:01 pm)"
"Francis Annan Hughes","kojoan2000@gmail.com","44","7810007340","","","User","24 Dec 2024 (09:40:16 am)"
"Sidharth surendran","Sidharthsurendran8289@gmail.com","49","1773020133","","","User","23 Dec 2024 (09:48:42 pm)"
"Jatin Chhabra","Chhabrajatin40@gmail.com","44","7747293011","","","User","23 Dec 2024 (04:40:00 pm)"
"Husam mohamed","Husamr11@hotmail.com","44","7920634272","","","User","23 Dec 2024 (01:48:54 pm)"
"Mary Poaka","marypoaka@gmail.com","44","7784143152","","","User","23 Dec 2024 (12:23:31 pm)"
"Vera Dumusci","Idveruncik300@gmail.com","44","7942157770","","","User","23 Dec 2024 (12:11:45 pm)"
"user7887112416","user7887112416@gmail.com","44","7887112416","","","User","21 Dec 2024 (07:55:44 pm)"
"Oana ojog","oana_oj@yahoo.com","44","7880516625","","","User","21 Dec 2024 (12:06:26 pm)"
"Harshitha Chandra Mouli","harshithackashyap@gmail.com","","","","","User","21 Dec 2024 (09:18:33 am)"
"Diana Teodora Cidu","user7563388237@gmail.com","44","7563388237","","","User","20 Dec 2024 (09:57:37 pm)"
"user1742514234","user1742514234@gmail.com","49","1742514234","","","User","20 Dec 2024 (06:06:01 pm)"
"Salmanul faris","salmanulfarispulikkal6262@gmail.com","91","9745025136","","","User","19 Dec 2024 (12:32:37 pm)"
"veselinkostov@hotmail.com","veselinkostov@hotmail.com","","","","","User","19 Dec 2024 (11:22:44 am)"
"Divyanshi","divyanshi.warrgyizmorsch@gmail.com","","","","","Sub Writer","19 Dec 2024 (06:53:58 am)"
"Girirajsinh Pravinsinh Vasadia","user17676954233@gmail.com","49","17676954233","","","User","18 Dec 2024 (10:38:07 pm)"
"Karim Zein El abdin Saleh","karimzein74@gmail.com","44","7517202785","","","User","18 Dec 2024 (10:37:05 pm)"
"user7902792393","user7902792393@gmail.com","91","7902792393","","","User","18 Dec 2024 (09:06:43 pm)"
"sandra shaji    (Share query/update on this no: 04073)","sandrashaji1998@gmail.com","49","17623680151","","","User","18 Dec 2024 (08:53:30 pm)"
"user7293193236","user7293193236@gmail.com","91","7293193236","","","User","18 Dec 2024 (08:51:50 pm)"
"Khaled Ahmed","khaled.y.cass@gmail.com","44","7848487627","","","User","18 Dec 2024 (08:41:32 pm)"
"Olena Serhiienko","lenanevarko90@gmail.com","44","7599616170","","","User","18 Dec 2024 (05:58:36 pm)"
"Sivaselvaprabhu","sivaselvaprabhu2002@gmail.com","91","8072187166","","","User","18 Dec 2024 (01:08:19 pm)"
"user15770881266","user15770881266@gmail.com","49","15770881266","","","User","17 Dec 2024 (04:58:01 pm)"
"Ashin Koodathettu Prakash","user9207651342@gmail.com","91","9207651342","","","User","17 Dec 2024 (12:22:58 pm)"
"Ashin Koodathettu Prakash","ashinkprakash7311@gmail.com","","","","","User","17 Dec 2024 (12:09:10 pm)"
"avni","avni@warrgyizmorsch.com","91","961234567","","961234567","Sub Admin","17 Dec 2024 (06:12:46 am)"
"~Harshitha Kashyap","user9945641660@gmail.com","91","9945641660","","","User","16 Dec 2024 (02:14:09 pm)"
"cds","user7438368849@gmail.com","44","7438368849","","","User","16 Dec 2024 (01:32:33 pm)"
"New","user7553438002@gmail.com","44","7553438002","","","User","16 Dec 2024 (01:20:58 pm)"
"Sumaiya","fa7163083@gmail.com","880","1851371241","","","User","16 Dec 2024 (01:19:39 pm)"
"Mohsen Darvishpour","mohsendarvishpour45@gmail.com","49","17623912250","","","User","16 Dec 2024 (12:58:30 pm)"
"Nivedi","nivedipanwar.warrgyizmorsh@gmail.com","","","","","Sub Writer","16 Dec 2024 (07:16:30 am)"
"Habibah Hussian","habibah1298@outlook.com","44","7490932220","","","User","15 Dec 2024 (12:56:32 pm)"
"Dragos bilboc","user7802709820@gmail.com","44","7802709820","","","User","14 Dec 2024 (08:18:01 pm)"
"Zakir Hussain Mirzaie","Zakir.h.m90@gmail.com","49","15213626559","","","User","14 Dec 2024 (07:17:33 pm)"
"Anazil Shaji","ansils064@gmail.com","44","7741647167","","","User","14 Dec 2024 (06:45:33 pm)"
"Algimantas Keraisis","akeraishis@gmail.com","44","7944612097","","","User","13 Dec 2024 (04:36:59 pm)"
"TARUN BEDI","tarunbedi501@gmail.com","91","9988993223","","","User","13 Dec 2024 (02:40:54 pm)"
"Pallavi B S","Pallavigowdabs@gmail.com","91","9353823695","","","User","13 Dec 2024 (02:35:45 pm)"
"BPP","user6283228781@gmail.com","91","6283228781","","","User","13 Dec 2024 (11:24:59 am)"
"Maxime van Breda","maximevbreda@outlook.com","","","","","User","12 Dec 2024 (09:11:17 pm)"
"Sahar parniyan","sahar.parniyan@yahoo.com","44","7472657700","","","User","12 Dec 2024 (08:14:16 pm)"
"user17662456479","user17662456479@gmail.com","49","17662456479","","","User","12 Dec 2024 (07:50:47 pm)"
"Akshay Sharma","Sakshay88739@gmail.com","44","7587662617","","","User","12 Dec 2024 (05:51:55 pm)"
"Jacob whitehead","jaywhite6789j@gmail.com","44","7939681244","","","User","12 Dec 2024 (04:49:11 pm)"
"MISS I M ANGHEL","ionne_ella@yahoo.com","44","7534448545","","","User","12 Dec 2024 (11:52:32 am)"
"user9947099356","user9947099356@gmail.com","91","9947099356","","","User","11 Dec 2024 (01:33:01 pm)"
"Angela","migliaccio.angela@yahoo.co.uk","44","7789064622","","","User","11 Dec 2024 (10:47:41 am)"
"Muhammad Hamza Mujeeb","Hamzamjb@hotmail.com","44","7785254133","","","User","10 Dec 2024 (10:58:56 pm)"
"Khukon Miah","Khukonlp2011@hotmail.com","44","7950197676","","","User","10 Dec 2024 (10:03:40 pm)"
"Khushveer Singh","gaggusidhu658@gmail.com","","","","","User","10 Dec 2024 (09:27:48 pm)"
"Charles Delbert Amoah","Delbertcharles990@gmail.com","233","206872777","","","User","10 Dec 2024 (08:33:07 pm)"
"user8136914581","user8136914581@gmail.com","91","8136914581","","","User","10 Dec 2024 (06:53:18 pm)"
"user9400490920","user9400490920@gmail.com","91","9400490920","","","User","10 Dec 2024 (05:34:34 pm)"
"Jaskaran singh Rai","Jaskaransinghrai1224@gmail.com","44","7887168474","","","User","10 Dec 2024 (05:11:16 pm)"
"Albin thomas","albinthomaskatti999@gmail.com","44","7909649709","","","User","10 Dec 2024 (05:00:19 pm)"
"Khushveer Singh","user7355060063@gmail.com","91","7355060063","","","User","10 Dec 2024 (04:58:48 pm)"
"Inga Boldurescu","ingaboldurescu@yahoo.com","44","7562240037","","","User","10 Dec 2024 (04:40:14 pm)"
"Abishek Ajay","abishekajay379@gmail.com","44","7587772341","","","User","10 Dec 2024 (02:32:31 pm)"
"~Suzana Grigore","suzana_grgr@yahoo.com","44","7405158626","","","User","10 Dec 2024 (01:53:31 pm)"
"Andreea lungu","lunguandreea013@gmail.com","44","7463325302","","","User","10 Dec 2024 (11:37:01 am)"
"~Hassan","user3335347397@gmail.com","92","3335347397","","","User","10 Dec 2024 (09:50:55 am)"
"ALEXANDRA GEORGETA VACAR","alexandravacar95@gmail.com","44","7748062702","","","User","10 Dec 2024 (07:20:31 am)"
"Lovepreet Singh 79","lovepreetcheema33@gmail.com","44","7901591584","","","User","09 Dec 2024 (09:50:43 pm)"
"Nisarga Shivamurthy Maheshwarappa","nisargasm2@gmail.com","91","6362769869","","","User","09 Dec 2024 (06:39:34 pm)"
"~Dhanush","user8086927617@gmail.com","91","8086927617","","","User","09 Dec 2024 (01:04:47 pm)"
"Amith Geo","amithgeoo@gmail.com","91","8921306026","","","User","09 Dec 2024 (10:21:09 am)"
"Maxime Aimee MI chele","user636560188@gmail.com","31","636560188","","","User","07 Dec 2024 (06:33:00 pm)"
"~Vats","user7359816478@gmail.com","91","7359816478","","","User","07 Dec 2024 (01:39:29 pm)"
"N Amaira","Nej.amaira@hotmail.co.uk","44","7933409931","","","User","06 Dec 2024 (07:45:02 pm)"
"Issabella Wiseman","emeraldbella20@gmail.com","44","7719531000","","","User","06 Dec 2024 (05:40:03 pm)"
"Natalija SOLOVJEVSKA","nashafouks@gmail.com","44","7474551313","","","User","06 Dec 2024 (04:23:56 pm)"
"Faisal kalakkandathil","faisalkksulaiman@gmail.com","91","7736105089","","","User","06 Dec 2024 (11:42:39 am)"
"Rishav bhagat","Bhagatrishav77@gmail.com","91","8899969273","49","15214348928","User","05 Dec 2024 (02:00:56 pm)"
"user9900783629","user9900783629@gmail.com","91","9900783629","","","User","04 Dec 2024 (10:07:20 pm)"
"user7585753429","user7585753429@gmail.com","44","7585753429","","","User","04 Dec 2024 (08:41:10 pm)"
"FARHAN K S","user7554467907@gmail.com","44","7554467907","","","User","04 Dec 2024 (03:28:32 pm)"
"~::Divyesh Jodhani::","user1635249019@gmail.com","49","1635249019","","","User","04 Dec 2024 (11:43:47 am)"
"Sofia Alexandra","jbangurasofia@outlook.com","","","","","User","03 Dec 2024 (08:52:05 pm)"
"Krishna thakkar","Kthakkar608@gmail.com","971","506494609","","","User","03 Dec 2024 (07:57:29 pm)"
"Mohamed Ashraf Moheyeldin Abdelazi","abdelaizmohamed123@gmail.com","49","17632713697","","","User","03 Dec 2024 (07:21:16 pm)"
"Sofia","order@assignnmentinneed.com","","","","","User","03 Dec 2024 (05:41:50 pm)"
"~Pawan","user7407082825@gmail.com","44","7407082825","","","User","03 Dec 2024 (12:51:59 pm)"
"RaM","ramkishan.gta1998@gmail.com","44","7741067110","","","User","03 Dec 2024 (12:51:14 pm)"
"~Mijin","user6235503973@gmail.com","91","6235503973","","","User","03 Dec 2024 (12:50:00 pm)"
"Giuseppe Di Palo","peppedipalo99@gmail.com","44","7511534169","","","User","03 Dec 2024 (12:46:10 pm)"
"Andreea Caliani","andreea_caliani@yahoo.com","","07340992865","","","User","03 Dec 2024 (10:00:46 am)"
"Ajith Puthenveedu Rejimon","knaveenrai@gmail.com","973","39814068","","","User","02 Dec 2024 (10:05:29 pm)"
"Mohammad Kuttipurathodi","thoyyibtkt313@gmail.com","91","9526763831","","","User","02 Dec 2024 (06:43:42 pm)"
"CHEILA BEATRIZ MARTINS BALDE","prettycheylndn@outlook.com","44","7764764432","","","User","02 Dec 2024 (05:55:29 pm)"
"Manmeet singh","dosanjhmann205@gmail.com","44","7553687314","","","User","02 Dec 2024 (04:57:40 pm)"
"Andreea Elisabeta Stratu","oli_beti@yahoo.com","44","7404798562","","","User","02 Dec 2024 (01:38:57 pm)"
"Daniela,","user7481124121@gmail.com","44","7481124121","","","User","02 Dec 2024 (09:06:36 am)"
"user7754699246","user7754699246@gmail.com","44","7754699246","","","User","02 Dec 2024 (09:05:30 am)"
"WA","user414683232@gmail.com","61","414683232","","","User","02 Dec 2024 (09:04:27 am)"
"Juliett Johnson","Juliettjohnson39@gmail.com","44","7798847627","","","User","02 Dec 2024 (09:03:49 am)"
"Joelma Bangura","Bangurasofia@icloud.com","44","7853974203","","","User","02 Dec 2024 (09:02:04 am)"
"Marian Popa","popamar90@gmail.com","","","","","User","02 Dec 2024 (08:22:02 am)"
"Marian Alexandru Popa","user7388935372@gmail.com","44","7388935372","","","User","01 Dec 2024 (07:11:19 pm)"
"user8156855003","user8156855003@gmail.com","91","8156855003","","","User","01 Dec 2024 (05:44:54 pm)"
"binu martin","bmpolayil@gmail.com","91","9745272297","","","User","01 Dec 2024 (05:43:07 pm)"
"Eugen Alexandru Babos","Eugenalexandrubabos@gmail.com","44","7404016549","","","User","01 Dec 2024 (04:57:48 pm)"
"ALEXANDRU C SMADU","alexandrusmadu@yahoo.co.uk","44","7495696264","","","User","01 Dec 2024 (04:14:23 pm)"
"Cristian Mihai Holtei","mihaitig666@gmail.com","44","7538593611","","","User","30 Nov 2024 (06:53:25 pm)"
"Gabriel Onutu","Gabriel.onutu.sca@gmail.com","44","7752388784","","","User","30 Nov 2024 (06:46:31 pm)"
"Muhammad waseem ilyas","Waseemilyas201@gmail.com","44","7398031905","","","User","30 Nov 2024 (03:36:45 pm)"
"Ana Angheluta","angheluta.ana01@yahoo.com","44","7427184308","","","User","30 Nov 2024 (02:08:52 pm)"
"~Dhruv Panchal","dpzz.official.2711@gmail.com","91","9727707611","","","User","30 Nov 2024 (11:11:02 am)"
"~Swetha","user7747448227@gmail.com","44","7747448227","","","User","30 Nov 2024 (10:47:21 am)"
"~Krishna","user34206423@gmail.com","973","34206423","","","User","30 Nov 2024 (09:30:56 am)"
"~Afrina~","user1137510370@gmail.com","60","1137510370","","","User","30 Nov 2024 (09:28:24 am)"
"Simona Angelovska","sim.angelovska@gmail.com","44","7954701277","","","User","29 Nov 2024 (10:14:10 pm)"
"user7388490666","user7388490666@gmail.com","44","7388490666","","","User","29 Nov 2024 (04:55:51 pm)"
"Vivek Sureshbhai Gadhesariya","vivekgadhesariya3@gmail.com","91","7048297731","91","9737751378","User","29 Nov 2024 (04:36:23 pm)"
"Simranjeet kaur 193","simranjeetk193@gmail.com","44","7887163281","","","User","29 Nov 2024 (01:45:26 pm)"
"Saka Bodunrinde","bodsaka@gmail.com","49","17628199206","","","User","29 Nov 2024 (12:30:21 pm)"
"Jeronimo Tams Scorsatto","nextjeronimo@gmail.com","44","7535961568","","","User","29 Nov 2024 (06:03:40 am)"
"Cristiany dos Reis alves Flávio","Cristyusa30@gmail.com","44","7727666080","","","User","29 Nov 2024 (06:00:05 am)"
"Enzo Toderas","enzotoderas5@gmail.com","44","7421366570","","","User","29 Nov 2024 (05:59:43 am)"
"Erivaldo da silva","londonsilva@gmail.com","44","7940450866","","","User","29 Nov 2024 (05:59:11 am)"
"Rashi Rao","rashisrao068@gmail.com","91","9945070543","","","User","28 Nov 2024 (10:42:28 pm)"
"Janet Asamoah","janetasamao3@gmail.com","44","7474001413","","","User","28 Nov 2024 (03:36:31 pm)"
"mahipal singh","testbyansh02@gmail.com","","","","","User","28 Nov 2024 (03:10:21 pm)"
"ansh","testbyansh@gmail.comrtfgfgfg","India","653654656356","","","User","28 Nov 2024 (03:08:52 pm)"
"test","user353656456@gmail.com","91","353656456","","","User","28 Nov 2024 (03:08:02 pm)"
"HIDAYATH AU MOHAMMED","nadirshasha0@gmail.com","44","7424689095","","","User","28 Nov 2024 (01:50:49 pm)"
"Karthika pandian","Pkarthika258@gmail.com","91","8428874329","","","User","28 Nov 2024 (12:49:30 pm)"
"Susana oliveira","Susanaoliveira173@gmail.com","44","7398659833","","","User","28 Nov 2024 (12:40:30 pm)"
"user894980603","user894980603@gmail.com","353","894980603","","","User","27 Nov 2024 (06:53:59 pm)"
"$","user7913121220@gmail.com","44","7913121220","","","User","27 Nov 2024 (12:56:16 pm)"
"Vasant murugan","vasanthm5959@gmail.com","44","7721883569","","","User","27 Nov 2024 (12:42:50 pm)"
"Adrian Craciun","Adriano1987.es@gmail.com","44","7597004601","","","User","27 Nov 2024 (12:41:49 pm)"
"Henna watve","Hennawatve114@gmail.com","91","9137571182","","","User","27 Nov 2024 (12:35:21 pm)"
"Procopio Massimo Daniel","danielprocopio@outlook.it","","","","","User","27 Nov 2024 (09:34:25 am)"
"Ansh","Ansh123456@gmail.com","","999999999","","","User","27 Nov 2024 (07:30:47 am)"
"Mirolyub Eftimov","Mirobslbg@gmail.com","44","7863969564","","","User","26 Nov 2024 (09:32:32 pm)"
"Alexandru Racos","al3xut87@gmail.com","44","7780006520","","","User","26 Nov 2024 (07:57:19 pm)"
"Arun","user9895705405@gmail.com","91","9895705405","","","User","26 Nov 2024 (03:41:42 pm)"
"Ameer Hamza","ameerhamza2807@gmail.com","44","7880391101","","","User","26 Nov 2024 (02:38:18 pm)"
"Ioana Mirea","Mireaioana5@gmail.com","44","7943642042","","","User","26 Nov 2024 (01:29:23 pm)"
"Alexandra Gabriela Oprea","alexandra.opreaa@yahoo.com","40","756113312","","","User","26 Nov 2024 (11:46:52 am)"
"Tanish Prohit","tanishpurohit.warrgyizmorsch@gmail.com","","","","","Sub Writer","26 Nov 2024 (07:25:41 am)"
"Manjeet 2","jeet.manjeet2k4@gmail.com","91","7973562075","","","User","26 Nov 2024 (07:22:37 am)"
"~Saman Raja","Samanatique456@gmail.com","44","7534537804","","","User","25 Nov 2024 (07:35:26 pm)"
"Valeria buga","vraiu93@gmail.com","44","7593540346","","","User","25 Nov 2024 (03:37:02 pm)"
"Nabila","Nabilaschowdhury1@gmail.com","44","7487831677","","","User","25 Nov 2024 (12:30:51 pm)"
"Damilola Ayanga","dogunsakin2000@yahoo.co.uk","44","7478651649","","","User","25 Nov 2024 (12:06:35 pm)"
"Stoyan Velev","Velevred@gmail.com","44","7450209150","","","User","24 Nov 2024 (06:46:04 pm)"
"Viorel Lazar","violazar@yahoo.com","44","7411910655","","","User","24 Nov 2024 (06:34:05 pm)"
"Rodica Bucioc","rbucioc@mail.ru","44","7732280946","","","User","24 Nov 2024 (06:30:52 pm)"
"Maria sheeba santhana","mariasheeba09@gmail.com","91","9551354573","","","User","24 Nov 2024 (03:47:42 pm)"
"IMRAN KHAN MK","imrankhanmk123@gmail.com","49","15216109098","","","User","24 Nov 2024 (11:02:07 am)"
"Gabriela dragimir","Gabriela.paun96@yahoo.com","40","767176742","","","User","24 Nov 2024 (10:58:22 am)"
"Carmen Zonia Jimenez Suarez","soniaandre2012@hotmail.com","44","7495202451","","","User","23 Nov 2024 (09:26:19 pm)"
"Nurdan Hayri","nhayri1986@gmail.com","44","7466696000","","","User","23 Nov 2024 (09:22:09 pm)"
"Cudzich Lukasz","19lukasz62@gmail.com","48","731755743","","","User","23 Nov 2024 (11:47:34 am)"
"Sagar","sagar.warrgyizmorsch@gmail.com","","","","","Sub Writer","23 Nov 2024 (05:47:18 am)"
"ATTA AGYEI ODAME","attaodame1@yahoo.com","44","7312131215","","","User","22 Nov 2024 (01:57:51 pm)"
"Sukhpreet singh","user404593409@gmail.com","61","404593409","","","User","22 Nov 2024 (08:59:00 am)"
"Ajai Jayan","ajaijayan05@gmail.com","91","9539568176","","","User","21 Nov 2024 (06:58:55 pm)"
"Bernard Otchere","kwamebudu84@gmail.com","44","7599137728","","","User","21 Nov 2024 (06:43:03 pm)"
"~Vishavjeet Bhagat","vishavjeetbhagat31@gmail.com","49","17631372850","","","User","21 Nov 2024 (08:32:09 am)"
"~Designer","user7587771038@gmail.com","44","7587771038","","","User","20 Nov 2024 (02:33:23 pm)"
"Aniket Dilipbhai Gajera","aniketgajera9081@gmail.com","49","17670477609","","","User","20 Nov 2024 (02:10:30 pm)"
"Sumaia Begum","sumaiabegum11@gmail.com","44","7402203205","","","User","20 Nov 2024 (01:55:12 pm)"
"Emiliya angelova","emiliya_angelova@yahoo.co.uk","44","7557953833","","","User","19 Nov 2024 (10:17:03 pm)"
"user9988777669","user9988777669@gmail.com","91","9988777669","","","User","19 Nov 2024 (10:15:48 pm)"
"Cristian Stoica","stoica2010@gmail.com","44","7491714111","","","User","19 Nov 2024 (09:53:42 pm)"
"Costin","apinteicostin@gmail.com","44","7365891391","","","User","19 Nov 2024 (07:24:17 pm)"
"Simona Apintei","simojumpy@gmail.com","44","7721675581","","","User","19 Nov 2024 (07:15:37 pm)"
"user7341921961","user7341921961@gmail.com","44","7341921961","","","User","19 Nov 2024 (05:36:32 pm)"
"Muhammad Azhar","Azharch.1800@gmail.com","44","7498271776","","","User","19 Nov 2024 (02:38:06 pm)"
"~Igor Netbailov","prototypeFunction@gmail.com","44","7395391286","","","User","19 Nov 2024 (01:52:54 pm)"
"JURAID YOUSAF","user7466652147@gmail.com","44","7466652147","","","User","18 Nov 2024 (08:03:44 pm)"
"Ioana Roussanova","joan_ross@yahoo.com","44","7973599836","","","User","18 Nov 2024 (02:18:38 pm)"
"~kaur","user7570297660@gmail.com","44","7570297660","","","User","18 Nov 2024 (02:18:15 pm)"
"Lilia Iovtcheva","l_iovtcheva@hotmail.com","44","7971671356","","","User","18 Nov 2024 (02:17:58 pm)"
"~Bolt","user8136444446@gmail.com","234","8136444446","","","User","18 Nov 2024 (02:17:13 pm)"
"~Omaima","Omaimaradid5@gmail.com","44","7506251348","","","User","18 Nov 2024 (01:59:16 pm)"
"Jahsiah watt","tyreeese10@gmail.com","44","7392675449","","","User","18 Nov 2024 (11:18:21 am)"
"Asmi Choudhary","itsasmi.c@gmail.com","971","508307729","","","User","17 Nov 2024 (05:33:59 pm)"
"Harbans Singh","harrynaurath82@yahoo.co.uk","44","7490716621","","","User","17 Nov 2024 (04:25:26 pm)"
"Abhinav Sutar","abhinav.sutar02@gmail.com","91","8830997947","","","User","17 Nov 2024 (02:03:16 pm)"
"Mandeep","user7774672772@gmail.com","44","7774672772","","","User","16 Nov 2024 (08:48:57 pm)"
"Ajo George","ajo.muttathil@gmail.com","49","1797030263","","","User","16 Nov 2024 (01:52:21 pm)"
"Danish Ali","Dreamuk.966@gmail.com","91","9664334834","44","7865861414","User","16 Nov 2024 (12:38:40 pm)"
"user7733322947","user7733322947@gmail.com","44","7733322947","","","User","15 Nov 2024 (05:39:55 pm)"
"Daniela Bordea","bordea_daniela58@yahoo.com","44","7446444778","","","User","15 Nov 2024 (12:50:56 pm)"
"Lucian CIUBOTARIU","dlucianciubotariu@yahoo.com","44","7392840168","","","User","15 Nov 2024 (12:38:03 pm)"
"Nishant","nishantwarrgyizmorsch@gmail.com","","","","","Sub Writer","15 Nov 2024 (11:20:40 am)"
"Netochukwu Claire Arinze","Clairearinze20@gmail.com","44","7944971054","","","User","15 Nov 2024 (10:47:23 am)"
"Smriti Nandish","smritinandish@gmail.com","49","15753627426","","","User","14 Nov 2024 (08:10:04 pm)"
"Muneeb Choudhary","Muneebmahmood990@gmail.com","44","7592436994","","","User","14 Nov 2024 (06:25:04 pm)"
"Ina Croitoru","ina.croitoru89@gmail.com","44","7544481453","","","User","14 Nov 2024 (10:56:09 am)"
"yjhg","gjhghjghg@gmail.com","","gjggjgh","","","User","14 Nov 2024 (06:28:14 am)"
"MUHAMMAD ANAS","Muhammadanas5880@gmail.com","44","7467659853","","","User","13 Nov 2024 (10:58:03 pm)"
"Alina Raduca","alina86us@yahoo.com","44","7481823258","","","User","13 Nov 2024 (09:22:10 pm)"
"Paramjot","Kaurparmjot56@gmail.com","44","7480654858","","","User","13 Nov 2024 (06:03:47 pm)"
"Ana Maria","stoicanana447@gmail.com","","","","","User","13 Nov 2024 (02:28:52 pm)"
"Aman","user7887162818@gmail.com","44","7887162818","","","User","13 Nov 2024 (02:19:11 pm)"
"~Esther Henriquez","Estherhenriquezsuarez1991@gmail.com","44","7749481144","","","User","13 Nov 2024 (02:17:30 pm)"
"Hia","anshtandel16@gmail.com","","+91 84605 87540","","","User","13 Nov 2024 (12:11:08 pm)"
"~Thummar Priya","priyarthummar@gmail.com","91","7201847146","","","User","13 Nov 2024 (12:07:26 pm)"
"Dione Patrícia Semedo","Dionepatricia.ts@gmail.com","44","7802763397","","","User","13 Nov 2024 (12:06:54 pm)"
"~Jibin Joshi","jibinjoshy041298@gmail.com","49","17677358957","","","User","13 Nov 2024 (12:06:35 pm)"
"Olwenstr.","bordadixit07@gmail.com","49","17687799473","","","User","12 Nov 2024 (10:00:00 pm)"
"Athira Suresh","athimklm1@gmail.com","91","9037724426","","","User","12 Nov 2024 (09:58:54 pm)"
"user683488828","user683488828@gmail.com","380","683488828","","","User","12 Nov 2024 (09:56:25 pm)"
"Shubh Rao","shubh.rao@icloud.com","44","7587775173","","","User","12 Nov 2024 (09:21:48 pm)"
"Liudmila Farcas","Liudmila.farcas@yahoo.com","44","7376790649","","","User","12 Nov 2024 (07:21:13 pm)"
"Martina Stoyanova","stoyanovamartina9@gmail.com","44","7710519783","","","User","12 Nov 2024 (06:57:58 pm)"
"Boris L Radoilov","Madlenradulova@gmail.com","44","7380569094","","","User","12 Nov 2024 (06:22:53 pm)"
"~AnaStoican","MAIL: stoicanana447@gmail.com","44","7494873370","","","User","12 Nov 2024 (06:22:46 pm)"
"Syreta Simone","Syreta.watt@hotmail.co.uk","44","7497192404","","","User","12 Nov 2024 (04:28:21 pm)"
"Monica Claudia","mcaloianu@yahoo.com","44","7385907058","","","User","12 Nov 2024 (11:55:18 am)"
"ABDIFATAH Kahen","Akahen49@gmail.com","44","7555964390","","","User","12 Nov 2024 (11:50:14 am)"
"Renu Renu","ruhalrenu49@gmail.com","91","9991321640","","","User","12 Nov 2024 (11:05:27 am)"
"~Sharlet","user17630147315@gmail.com","49","17630147315","","","User","12 Nov 2024 (09:32:37 am)"
"Robin Thomas","user16092458086@gmail.com","91","8281419406","49","16092458086","User","12 Nov 2024 (09:17:53 am)"
"jobin George","jobin.georgescm.1@gmail.com","49","17676499560","","","User","12 Nov 2024 (09:02:17 am)"
"Abin Jose Hamburg","abinparattukudy@gmail.com","49","17676129744","","","User","12 Nov 2024 (08:52:35 am)"
"Sonu Sivan","sonusivan97@gmail.com","91","9633909024","","","User","11 Nov 2024 (09:55:16 pm)"
"krishnadas gopalakrishna","user16093748274@gmail.com","49","16093748274","","","User","11 Nov 2024 (06:49:43 pm)"
"dheeraj","dheerajsalvi.wm@gmail.com","","8003265637","","","User","11 Nov 2024 (09:56:05 am)"
"~Rupesh","user7570734036@gmail.com","44","7570734036","","","User","11 Nov 2024 (09:47:58 am)"
"user9034710037","user9034710037@gmail.com","91","9034710037","","","User","10 Nov 2024 (06:50:02 pm)"
"John Joseph","pynadathjosephjohn@gmail.com","91","9605201294","","","User","10 Nov 2024 (04:58:39 pm)"
"Catalina BARBUCEANU","Catycatalina183@gmail.com","44","7402505885","","","User","09 Nov 2024 (10:12:49 am)"
"Santa Dey","user7932511637@gmail.com","44","7932511637","","","User","08 Nov 2024 (11:47:47 am)"
"Geanina memetali","geaninamemetali@gmail.com","44","7425959338","","","User","07 Nov 2024 (10:08:00 pm)"
"Elena Misyunene","baziukas70@gmail.com","","","","","User","07 Nov 2024 (09:48:19 pm)"
"Elena Misyunene","user7725022343@gmail.com","44","7725022343","","","User","07 Nov 2024 (09:03:30 pm)"
"Suminder saini","sumindersaini7@gmail.com","44","7393160076","","","User","07 Nov 2024 (07:08:49 pm)"
"user9746759303","user9746759303@gmail.com","91","9746759303","","","User","07 Nov 2024 (06:28:27 pm)"
"Joshi john","joshijon1010@gmail.com","91","8714341142","","","User","07 Nov 2024 (02:22:34 pm)"
"o","user9541111363@gmail.com","91","9541111363","","","User","07 Nov 2024 (01:53:23 pm)"
"PAULINA A DITU","DINOLTD17@GMAIL.COM","44","7703791638","","","User","07 Nov 2024 (01:52:49 pm)"
"Marian Margean","marianmargean487@yahoo.com","44","7459813887","","","User","07 Nov 2024 (01:32:29 pm)"
"Tania Rodrigues Marques","piquena_tuga18@icloud.com","44","7931237007","","","User","07 Nov 2024 (12:17:05 pm)"
"Ana-Maria Ivanov Tutunea","anamaria_tutunea@yahoo.com","44","7467399025","","","User","06 Nov 2024 (08:54:05 pm)"
"Pihu (Priti)","chaudharypriti20@gmail.com","44","7818922443","","","User","06 Nov 2024 (08:37:26 pm)"
"Caroline kayari","Carolinekyaba@yahoo.com","44","7540338847","","","User","06 Nov 2024 (06:16:02 pm)"
"RAJKUMAR HARESHBHAI KATHIRIYA","abhitimaniya@gmail.com","49","17697731983","","","User","06 Nov 2024 (06:06:58 pm)"
"user7935357443","user7935357443@gmail.com","44","7935357443","","","User","06 Nov 2024 (06:01:13 pm)"
"Youssef Termassi","termassiyoussef@gmail.com","44","7525479969","","","User","06 Nov 2024 (04:53:01 pm)"
"~Alby Benoy","albybenoy121@gmail.com","353","894138917","","","User","06 Nov 2024 (02:20:29 pm)"
"TIMI","user7909187809@gmail.com","44","7909187809","","","User","06 Nov 2024 (01:54:09 pm)"
"AP Dallol","Mark.fitzmann@gmail.com","44","7922185717","44","7587613660","User","06 Nov 2024 (12:31:22 pm)"
"~Oana Gabriela","user7859974837@gmail.com","44","7859974837","","","User","06 Nov 2024 (12:30:25 pm)"
"~Pablo","pablo.henriquezsuarez@hotmail.com","+34","699835321","","","User","06 Nov 2024 (12:30:08 pm)"
"George Kacou Harrison","gh007673@outlook.com","44","7440049092","","","User","06 Nov 2024 (12:29:35 pm)"
"harsh","harsh@test.com","","34658953535","","","User","06 Nov 2024 (11:48:01 am)"
"user7696407027","user7696407027@gmail.com","91","7696407027","","","User","05 Nov 2024 (09:28:54 pm)"
"user15732786141","user15732786141@gmail.com","49","15732786141","","","User","05 Nov 2024 (09:07:58 pm)"
"Vineeth  Kalathiparambil Girish Kumar","vineethkg1999@gmail.com","49","15732786146","","","User","05 Nov 2024 (08:54:34 pm)"
"muhammed sahal","mhd.sahal.ms@gmail.com","91","8281017839","","","User","05 Nov 2024 (08:32:39 pm)"
"user9780362307","user9780362307@gmail.com","91","9780362307","","","User","05 Nov 2024 (08:31:38 pm)"
"NEVIN SUNNY","nevinsunny567@gmail.com","91","7293282526","","","User","05 Nov 2024 (02:14:01 pm)"
"Abhinoor Singh","abhinoor1289@gmail.com","44","7585217740","","","User","05 Nov 2024 (12:30:55 pm)"
"~mandeeptipu","user9814424579@gmail.com","91","9814424579","","","User","05 Nov 2024 (11:12:58 am)"
"Willma","willmavales80@gmail.com","44","7466963083","","","User","04 Nov 2024 (10:53:28 pm)"
"Pearly Vales","pearlyvales11@gmail.com","44","7466242707","","","User","04 Nov 2024 (10:50:45 pm)"
"Sanyu Roni","user17683482701@gmail.com","44","17683482701","","","User","04 Nov 2024 (08:33:45 pm)"
"Madalina Duta","user7375254439@gmail.com","44","7375254439","","","User","04 Nov 2024 (06:47:35 pm)"
"Catherine Ahuoiza Jimoh","catherinejimohahuoiza@gmail.com","234","8069351433","","","User","04 Nov 2024 (06:39:57 pm)"
"Florin Claudiu Nitu","nituflorin02@gmail.com","44","7469751450","","","User","04 Nov 2024 (05:02:18 pm)"
"Claudiu-Mihai Stefan","Claudiustefan987@gmail.com","44","7990294724","","","User","03 Nov 2024 (07:32:44 pm)"
"Alina Selitra","alina.selitra@gmail.com","44","7491073610","","","User","02 Nov 2024 (04:44:38 pm)"
"Veronika saeva","veronikasaeva@yahoo.co.uk","44","7450272753","","","User","02 Nov 2024 (12:46:42 pm)"
"Nooshin","noosh.svj93@gmail.com","44","15212640605","","","User","02 Nov 2024 (09:49:40 am)"
"Diana Singh","anayd_7@yahoo.com","44","7443011954","","","User","02 Nov 2024 (08:52:46 am)"
"steven lim","stnlm311@gmail.com","+44","0420848113","","","User","02 Nov 2024 (06:57:17 am)"
"Taisa A Birzaianu","taisabirzaianu28@gmail.com","44","7411602996","","","User","01 Nov 2024 (05:41:00 pm)"
"Chidibest Uzomba","chidibestuzomba@gmail.com","44","7881161102","+234","8115112065","User","31 Oct 2024 (05:53:35 pm)"
"Mihai Andronic","mih.andronic@gmail.com","44","7402077815","","","User","31 Oct 2024 (12:22:39 pm)"
"user7994191420","user7994191420@gmail.com","91","7994191420","","","User","30 Oct 2024 (09:40:26 pm)"
"user6284732318","user6284732318@gmail.com","91","6284732318","","","User","30 Oct 2024 (09:12:10 pm)"
"Amrita","Amritathakur1502@Gmail.com","44","17630482029","","","User","30 Oct 2024 (08:49:46 pm)"
"Anamul Hasan Habib","ahhabibdm@gmail.com","+44","07466019947","","","User","30 Oct 2024 (04:32:10 am)"
"Silpa Nandanan","pjaleena.2001@gmail.com","91","9495211532","","","User","29 Oct 2024 (10:39:43 pm)"
"vladimir dimitrovski","vladimir_mkd@hotmail.com","44","7952980603","","","User","29 Oct 2024 (08:04:03 pm)"
"user7510609609","user7510609609@gmail.com","91","7510609609","","","User","29 Oct 2024 (07:14:58 pm)"
"JORDY JOHN","jordyjohn202@gmail.com","91","9072801781","","","User","28 Oct 2024 (06:19:43 pm)"
"user7554549928","user7554549928@gmail.com","44","7554549928","","","User","28 Oct 2024 (06:10:12 pm)"
"FaithMo","faithomo2@aol.co.uk","44","7427538583","","","User","28 Oct 2024 (05:30:17 pm)"
"Sakeed k o","Sakeedko@gmail.com","91","7012815965","","","User","28 Oct 2024 (05:10:28 pm)"
"Yusein Padarev Santander","yuseinpadarev@gmail.com","44","7951468855","","","User","28 Oct 2024 (02:40:03 pm)"
"Sofia wick","customer@mastersassignmenthelp.io","","","","","User","28 Oct 2024 (10:57:07 am)"
"user7909194812","user7909194812@gmail.com","91","7909194812","","","User","27 Oct 2024 (06:26:31 pm)"
"Valerian Mitu","marinamitu89@gmail.com","44","7404337103","","","User","27 Oct 2024 (03:18:32 pm)"
"user7902253881","user7902253881@gmail.com","91","7902253881","","","User","27 Oct 2024 (01:41:04 pm)"
"Anumariya Saji","anumariyasaji3@gmail.com","353","894595765","","","User","27 Oct 2024 (11:41:51 am)"
"user9781619227","user9781619227@gmail.com","91","9781619227","","","User","26 Oct 2024 (04:19:05 pm)"
"MARIUS-MIREL STATE","mariusstate0@gmail.com","40","755634400","","","User","26 Oct 2024 (01:49:48 pm)"
"user7981856160","user7981856160@gmail.com","44","7981856160","","","User","25 Oct 2024 (09:33:35 pm)"
"Mukesh Sharma","Sharma931mukesh@gmail.com","44","7733434842","","","User","25 Oct 2024 (06:04:21 pm)"
"Shapikun Sufian","Shapikun.Sufian@outlook.com","44","7540405580","","","User","25 Oct 2024 (01:55:20 pm)"
"Nidhi Dahiya","user9899880513@gmail.com","91","9899880513","","","User","24 Oct 2024 (11:11:24 pm)"
"user7200497084","user7200497084@gmail.com","91","7200497084","","","User","24 Oct 2024 (10:00:18 pm)"
"user7961688585","user7961688585@gmail.com","44","7961688585","","","User","24 Oct 2024 (09:27:06 pm)"
"user9544395208","user9544395208@gmail.com","91","9544395208","","","User","24 Oct 2024 (09:21:50 pm)"
"user9779090326","user9779090326@gmail.com","91","9779090326","","","User","24 Oct 2024 (07:16:13 pm)"
"Manpreet Mannan Kaur","Lovecheema33@gmail.com","44","7585753429","","","User","24 Oct 2024 (01:28:31 pm)"
"LouieStalf","bu.ch.a.na.onma.tt@gmail.com","","","","","User","24 Oct 2024 (03:37:04 am)"
"Muhammad khan","khan.ishaq2019@gmail.com","44","7884982229","","","User","23 Oct 2024 (08:41:32 pm)"
"Maria Dessa","mariadessa91@gmail.com","44","7404140303","","","User","23 Oct 2024 (12:28:09 pm)"
"user9024728021","user9024728021@gmail.com","234","9024728021","","","User","22 Oct 2024 (07:45:25 pm)"
"Anju sijo","anjusijo1999@gmail.com","49","17646524183","","","User","22 Oct 2024 (06:30:05 pm)"
"Rosaria Apetroae","apetroae.rosaria1@gmail.com","44","7393291934","","","User","22 Oct 2024 (02:46:01 pm)"
"Brandon celson","pccbrandon5@gmail.com","44","7459174170","","","User","21 Oct 2024 (10:43:51 pm)"
"user9072829136","user9072829136@gmail.com","91","9072829136","","","User","21 Oct 2024 (10:43:33 pm)"
"joy omoroghomwan","joy_omoroghomwan@yahoo.co.uk","44","7985748341","","","User","21 Oct 2024 (09:01:54 pm)"
"Raluca Agache","user7424713048@gmail.com","44","7424713048","","","User","21 Oct 2024 (08:42:44 pm)"
"Rakesh Radhakumar","jenyrakeshr@gmail.com","91","7593905345","","","User","21 Oct 2024 (07:47:17 pm)"
"Akhil Sagi","Mail: sagiiakhil@gmail.com","44","7587833547","","","User","21 Oct 2024 (03:32:27 pm)"
"user8559099859","user8559099859@gmail.com","44","8559099859","","","User","20 Oct 2024 (08:13:05 pm)"
"Dharmik jain","dharmikjain19@gmail.com","91","7795293191","","","User","20 Oct 2024 (08:04:29 pm)"
"Simranjeet singh bajwa","simranjeetsingh050306@gmail.com","91","9041061788","","","User","20 Oct 2024 (06:47:23 pm)"
"Daniela Lovin","Ddany89@yahoo.com","44","7555722431","","","User","20 Oct 2024 (06:33:38 pm)"
"user7356036917","user7356036917@gmail.com","91","7356036917","","","User","20 Oct 2024 (04:54:23 pm)"
"user7025509691","user7025509691@gmail.com","91","7025509691","","","User","20 Oct 2024 (04:13:06 pm)"
"M Sai","myofficedataimportant@gmail.com","+44","9652930573","","","User","20 Oct 2024 (02:34:19 am)"
"Omkar singh","Omkarsingh33310@gmail.com","49","1796391497","49","15774816494","User","19 Oct 2024 (08:11:37 pm)"
"user7818979327","user7818979327@gmail.com","44","7818979327","","","User","19 Oct 2024 (06:36:43 pm)"
"Rita Bini","rita.bini1994@gmail.com","44","7340690963","","","User","19 Oct 2024 (05:55:57 pm)"
"gunvinder singh","gunvindersingh01@gmail.com","91","9855105156","","","User","19 Oct 2024 (04:01:05 pm)"
"Arooj Ayesha","aroojaishaawan.98@gmail.com","44","7481599231","","","User","19 Oct 2024 (12:24:13 pm)"
"Mariya muhsin","maariyamuhsin@gmail.com","91","9744106057","","","User","19 Oct 2024 (09:13:44 am)"
"Aleksandra Kirjazovska","cv.alex2006@gmail.com","44","7898237968","","","User","18 Oct 2024 (11:28:14 pm)"
"user17631074952","user17631074952@gmail.com","49","17631074952","","","User","18 Oct 2024 (10:01:15 pm)"
"user9496871587","user9496871587@gmail.com","91","9496871587","","","User","18 Oct 2024 (09:58:49 pm)"
"user7493855790","user7493855790@gmail.com","44","7493855790","","","User","18 Oct 2024 (08:36:33 pm)"
"Litty Mani","littymani82@gmail.com","49","17626784687","","","User","18 Oct 2024 (07:07:22 pm)"
"Litty roy","littyar05@gmail.com","49","17627749899","","","User","18 Oct 2024 (06:42:34 pm)"
"Shintu Mathew","mshintu2020@gmail.com","49","15259404401","","","User","18 Oct 2024 (05:06:23 pm)"
"user7405445430","user7405445430@gmail.com","44","7405445430","","","User","18 Oct 2024 (04:35:52 pm)"
"Archana kalathil","user17670142657@gmail.com","49","17670142657","","","User","18 Oct 2024 (03:40:29 pm)"
"Alwin Shaj","alwinshaji77@gmail.com","49","17632767951","","","User","17 Oct 2024 (11:37:13 pm)"
"Tina Kasule","Kasulen@yahoo.com","44","7727298108","","","User","17 Oct 2024 (11:30:52 pm)"
"Arshaq Fardeen","arshaqfardeen17@gmail.com","91","8593877006","","","User","17 Oct 2024 (11:21:43 pm)"
"Pruthviraj Mandya Parameshiah","pruthvirajchauhan455@gmail.com","49","1729256409","","","User","17 Oct 2024 (10:28:17 pm)"
"user17677869012","user17677869012@gmail.com","49","17677869012","","","User","17 Oct 2024 (09:27:08 pm)"
"Maria Bataru","Mdobrea005@gmail.com","44","7466769699","","","User","17 Oct 2024 (01:41:33 pm)"
"Lekshmi Syamaprasad","lekshmi.0704@gmail.com","49","17657747516","","","User","16 Oct 2024 (09:30:30 pm)"
"Ayesha","user7365921516@gmail.com","44","7481599231","44","7365921516","User","15 Oct 2024 (11:08:08 pm)"
"muhummad Abubakar","user7417485688@gmail.com","44","7417485688","","","User","15 Oct 2024 (11:04:28 pm)"
"Achyut Warrier","achyutwarrier@gmail.com","49","17672469514","","","User","15 Oct 2024 (10:38:58 pm)"
"Little Bailey","edmayragreitas@gmail.com","44","7495725818","","","User","15 Oct 2024 (07:36:09 pm)"
"Mr. Akashdeep singh","akashnanhera@gmail.com","91","9914213412","","","User","15 Oct 2024 (01:22:41 pm)"
"user7887939676","user7887939676@gmail.com","44","7887939676","","","User","14 Oct 2024 (09:19:56 pm)"
"user7351249466","user7351249466@gmail.com","44","7351249466","","","User","14 Oct 2024 (09:04:15 pm)"
"user894153845","user894153845@gmail.com","353","894153845","","","User","14 Oct 2024 (07:37:47 pm)"
"Aqib abbas","aqib.abbasm7@gmail.com","44","7460697076","","","User","14 Oct 2024 (06:24:29 pm)"
"Sam Ariti","sas_tiling@yahoo.com.au","+44","451204195","","","User","14 Oct 2024 (07:19:14 am)"
"Tommy Blackburn","74enquiries@miltonsbathenamelrepair.co.uk","+44","1518081223","","","User","14 Oct 2024 (07:17:06 am)"
"user7516538469","user7516538469@gmail.com","44","7516538469","","","User","12 Oct 2024 (07:36:40 pm)"
"Manu Mohan","manucmon@gmail.com","91","9809817722","","","User","12 Oct 2024 (06:06:16 pm)"
"user7488554577","user7488554577@gmail.com","44","7488554577","","","User","12 Oct 2024 (05:48:45 pm)"
"user7570595056","user7570595056@gmail.com","44","7570595056","","","User","11 Oct 2024 (09:19:49 pm)"
"user9744415179","user9744415179@gmail.com","91","9744415179","","","User","11 Oct 2024 (09:17:53 pm)"
"LindaFleft","re.e.d.25.167@gmail.com","","","","","User","11 Oct 2024 (01:27:18 am)"
"SAIEKH MUHAMMAD TAHA","hafiztaha743@gmail.com","44","7736217065","","","User","10 Oct 2024 (07:20:57 pm)"
"Stevan Philip","stevanphilip8@gmail.com","44","7721966109","","","User","10 Oct 2024 (03:10:41 pm)"
"Sonika Rechanna","Sonikarechanna@gmail.com","49","1794200343","","","User","09 Oct 2024 (10:31:17 pm)"
"Indepreet kaur","inderpreetkaur352@gmail.com","44","7741068011","","","User","09 Oct 2024 (10:08:52 pm)"
"user7902259564","user7902259564@gmail.com","91","7902259564","","","User","09 Oct 2024 (09:39:31 pm)"
"Abhiram Ratheesan","abhiramseema@gmail.com","91","9113666477","","","User","09 Oct 2024 (05:18:38 pm)"
"Manjunath Reddy Pasuvula","jilldev8@gmail.com","49","15172517417","","","User","09 Oct 2024 (04:10:41 pm)"
"user15560609190","user15560609190@gmail.com","49","15560609190","","","User","09 Oct 2024 (04:02:15 pm)"
"Nandana Panamkoottathil Babu","nandanababu181999@gmail.com","91","7902667464","","","User","09 Oct 2024 (12:39:57 pm)"
"user7012635488","user7012635488@gmail.com","91","7012635488","","","User","08 Oct 2024 (08:25:45 pm)"
"user7553440314","user7553440314@gmail.com","44","7553440314","","","User","08 Oct 2024 (08:25:08 pm)"
"user9999997452","user9999997452@gmail.com","91","9999997452","","","User","08 Oct 2024 (08:20:55 pm)"
"Rutvik Ajagya","rutvik3398@gmail.com","91","9033509875","","","User","08 Oct 2024 (04:53:45 pm)"
"~Mohammed Ansab","muhammedansab17@gmail.com","91","8593874291","","","User","08 Oct 2024 (02:35:41 pm)"
"Arjun Balakrishnan","arjunbalakrishnan1@gmail.com","91","9539674519","","","User","08 Oct 2024 (12:18:34 pm)"
"Dorina Ch ( dorina.chiron@mail.ru )","user7925968309@gmail.com","44","7925968309","","","User","07 Oct 2024 (11:35:33 pm)"
"Dorina Chiron","dorina.chiron@mail.ru","","","","","User","07 Oct 2024 (11:11:30 pm)"
"user7428496939","user7428496939@gmail.com","44","7428496939","","","User","07 Oct 2024 (07:52:30 pm)"
"Akash Gonsalo","akashgonsalo2@gmail.com","49","17621243365","","","User","07 Oct 2024 (03:17:46 pm)"
"Ileana Mihaela Andrisan","mihaela.andrisan@yahoo.com","44","7482390185","","","User","07 Oct 2024 (02:22:16 pm)"
"Arshili Prince","arshilip@gmail.com","","","","","User","07 Oct 2024 (12:11:23 pm)"
"Madalina Duta","duta.madalina19@yahoo.com","44","7375254439","","","User","06 Oct 2024 (06:13:11 pm)"
"Anupriya Sunitha Krishnan","anupriyaskrish@gmail.com","91","8943219866","","","User","06 Oct 2024 (11:15:19 am)"
"Prabhjot","prabhjot94788@gmail.com","","","","","User","06 Oct 2024 (09:36:35 am)"
"Prabhjot Kaur 6","user6280022473@gmail.com","91","6280022473","","","User","06 Oct 2024 (09:28:45 am)"
"user6203224604","user6203224604@gmail.com","91","6203224604","","","User","05 Oct 2024 (06:21:56 pm)"
"Abin Tom Idicula","abintom535@gmail.com","49","15735156207","","","User","05 Oct 2024 (05:50:08 pm)"
"Rostvita Bianca Alb","Alb.bianca@yahoo.com","44","7865448738","","","User","05 Oct 2024 (08:47:23 am)"
"jennifercruz","jennifercruz2524@gmail.com","","","","","User","05 Oct 2024 (06:33:06 am)"
"Akshay Kishor Sheeja","user7423105140@gmail.com","44","7423105140","","","User","04 Oct 2024 (10:35:48 pm)"
"Lovepreet Singh 62","lovepreet999499@gmail.com","91","6239841313","","","User","04 Oct 2024 (07:23:45 pm)"
"user8105352076","user8105352076@gmail.com","234","8105352076","","","User","04 Oct 2024 (06:37:34 pm)"
"~Desislava Yordanova","user7393536155@gmail.com","44","7393536155","","","User","04 Oct 2024 (02:22:05 pm)"
"Aqsa","aqsapattar@gmail.com","","","","","User","04 Oct 2024 (10:30:36 am)"
"Ronaldgeath","tvmixer@dom-2-u.life","","","","","User","03 Oct 2024 (08:47:11 pm)"
"Valentin Dumitru","duvalix@yahoo.com","44","7440384944","","","User","03 Oct 2024 (10:58:07 am)"
"Taylor","taylor.lima1@hotmail.com","+44","0450476111","","","User","03 Oct 2024 (04:13:31 am)"
"Jackson Da Cunha","Dacunhajackson23@gmail.com","44","7440394250","","","User","02 Oct 2024 (11:17:59 pm)"
"Nishant Pawar","user9404706431@gmail.com","91","9404706431","","","User","02 Oct 2024 (07:30:16 pm)"
"Ecaterina-Cristina Pasa","cryssynaaa3@gmail.com","44","7448362051","","","User","02 Oct 2024 (06:46:36 pm)"
"Anjali Suprabha","anjalisan1922@gmail.com","91","8113001738","44","7341 619924","User","01 Oct 2024 (11:45:03 pm)"
"Akshay Reji","akshayrejyvld@gmail.com","","","","","User","01 Oct 2024 (09:55:28 pm)"
"Arshdeep Singh","Canarshdeep23@gmail.com","49","17682067260","","","User","01 Oct 2024 (11:15:16 am)"
"Snehakrishna Baby Girija","sneha1997.2000@gmail.com","91","9072750241","","","User","01 Oct 2024 (10:56:22 am)"
"user9656913296","user9656913296@gmail.com","91","9656913296","","","User","30 Sep 2024 (06:58:03 pm)"
"deep SINGH","deep835678@gmail.com","+44","7818940527","","","User","30 Sep 2024 (06:09:50 am)"
"payal patel","payalpatel5696@gmail.com","+44","9925308139","","","User","30 Sep 2024 (05:12:00 am)"
"Mehar","ar964965@gmail.com","+44","07448013000","","","User","30 Sep 2024 (05:11:06 am)"
"bhumika patel","bhumikapatel9895@gmail.com","+44","7405804858","","","User","30 Sep 2024 (05:10:02 am)"
"vishal","vishalkumar301298@gmail.com","1","4374291495","","","User","30 Sep 2024 (05:08:33 am)"
"Ilian kiryakov","Mbbbblkiryakov@gmail.com","44","7724587774","","","User","29 Sep 2024 (05:10:04 pm)"
"Florentina tripsa","florentina.tripsa@icloud.com","44","7417585622","","","User","29 Sep 2024 (04:15:09 pm)"
"Testing 2","formtesting@gmail.com","+44","7869999999","","","User","29 Sep 2024 (11:29:39 am)"
"Test Enquiry","testing@gmail.com","+44","4554454545","","","User","29 Sep 2024 (11:21:05 am)"
"Prashant","pra995@gmail.com","+44","755 399 0258","","","User","29 Sep 2024 (09:53:02 am)"
"Prasant","prasanthslove1995@gmail.com","+44","7553990258","","","User","29 Sep 2024 (09:48:48 am)"
"ram odedara","rodedara277@gmail.com","+44","81281 02179","","","User","29 Sep 2024 (09:46:34 am)"
"Hiteshree Bavaniya","bavaniyahet@gmail.com","91","7041528929","","","User","28 Sep 2024 (08:50:29 pm)"
"user17683429442","user17683429442@gmail.com","49","17683429442","","","User","28 Sep 2024 (06:47:17 pm)"
"Imran Ali","imranali2.new@gmail.com","44","7751821252","","","User","28 Sep 2024 (02:53:40 pm)"
"Megdich Youssef","youssef.magdich@gmail.com","+44","1624637829","","","User","28 Sep 2024 (11:36:24 am)"
"Ram odedara","rodedara227@gmail.com","+44","8128102179","","","User","28 Sep 2024 (09:47:47 am)"
"Fizul Rahaman","Fizul.mcr@gmail.com","+44","1234567890","","","User","28 Sep 2024 (07:27:43 am)"
"Ritu","ritu62081@gmail.com","+44","6475539911","","","User","28 Sep 2024 (07:19:34 am)"
"Rajdeep Kaur Virk","virkrajdeep@gmail.com","+44","2269779139","","","User","28 Sep 2024 (05:27:19 am)"
"Costel Dorobantu.","dorobantu.costel@yahoo.com","44","7405809013","","","User","27 Sep 2024 (10:21:50 am)"
"user78896253532","Testing@fmail.com","44","78896253532","","","User","27 Sep 2024 (09:53:43 am)"
"user478117557","nanchhabra@gmail.com","61","478117557","","","User","27 Sep 2024 (09:31:37 am)"
"anush","singhmahaaaaipal23@gmail.com","+44","462465421","","","User","27 Sep 2024 (06:00:41 am)"
"user4167310214","user4167310214@gmail.com","1","4167310214","","","User","26 Sep 2024 (08:02:49 pm)"
"user8355970393","user8355970393@gmail.com","91","8355970393","","","User","26 Sep 2024 (07:02:25 pm)"
"gaurav pandey","gaurav.warrgyizmorsch@gmail.com","+44","955468256","","","User","26 Sep 2024 (11:06:38 am)"
"user1629120997","user1629120997@gmail.com","49","1629120997","","","User","25 Sep 2024 (06:03:41 pm)"
"user1792021852","user1792021852@gmail.com","49","1792021852","","","User","25 Sep 2024 (05:50:02 pm)"
"HIII","user15781324125@gmail.com","49","15781324125","","","User","25 Sep 2024 (03:14:15 pm)"
"~Minnu MJ","user6282948713@gmail.com","91","6282948713","","","User","24 Sep 2024 (09:06:07 pm)"
"user7443277816","user7443277816@gmail.com","44","7443277816","","","User","24 Sep 2024 (07:06:54 pm)"
"user7907444569","user7907444569@gmail.com","44","7907444569","","","User","24 Sep 2024 (07:05:52 pm)"
"user7555348306","user7555348306@gmail.com","44","7555348306","","","User","24 Sep 2024 (07:04:34 pm)"
"user8281790864","user8281790864@gmail.com","91","8281790864","","","User","24 Sep 2024 (06:59:51 pm)"
"James Harry","info@assignmenthelp.ch","","0435501331","","","User","24 Sep 2024 (12:11:32 pm)"
"Greeshma Treesa Baby","greeshmatreesababy07@gmail.com","91","6282992480","","","User","24 Sep 2024 (11:13:59 am)"
"Bhuvanendran nair","vishnubh755@gmail.com","91","7559956689","","","User","24 Sep 2024 (10:34:29 am)"
"Jibin mathew","Jibinmathew2396@gmail.com","91","9995379642","","","User","24 Sep 2024 (10:28:07 am)"
"Akhila","tlakhila9@gmail.com","49","176 84277414","","","User","24 Sep 2024 (10:23:01 am)"
"NOUSHAND VATTAPARAMBIL NARAYANAN","noushandvn@gmail.com","49","15510157397","","","User","23 Sep 2024 (10:57:07 am)"
"Mithula Mathiyalagan","mithula.mathiyalagan@gmail.com","44","7463421250","","","User","22 Sep 2024 (10:02:18 pm)"
"Elitsa Velkova","user7479703315@gmail.com","44","7479703315","","","User","22 Sep 2024 (04:39:21 pm)"
"ANANSHA K SHANIL","anansha08@gmail.com","91","6238199764","","","User","22 Sep 2024 (04:27:16 pm)"
"Anastasia DIACONU","anastasiadiaconu8@gmail.com","44","7443697538","","","User","22 Sep 2024 (04:18:24 pm)"
"Arshili Prince","user17624031289@gmail.com","49","17624031289","","","User","21 Sep 2024 (07:01:57 pm)"
"RichardTog","info@sedona-vortex-tours.com","","","","","User","21 Sep 2024 (01:21:32 pm)"
"Brentres","drenaj-mos@hotmail.com","","","","","User","21 Sep 2024 (09:58:26 am)"
"Manpreet singh Mani","Mrmanpreet122@gmail.com","44","7448013404","","","User","20 Sep 2024 (11:46:07 pm)"
"Suria Santos","santossurya2@gmail.com","44","7927615367","","","User","20 Sep 2024 (12:08:15 pm)"
"ARUN AJITH KUMAR","arunahpd@gmail.com","49","1799015304","","","User","19 Sep 2024 (07:33:54 pm)"
"ATHUL BENNY THOOMBAYIL BENNY","bennyathul257@gmail.com","49","17683204219","","","User","19 Sep 2024 (07:00:40 pm)"
"Nithya sunil jobin","suniljobinnithyarose@gmail.com","49","1729200404","","","User","19 Sep 2024 (03:36:48 pm)"
"~kavin","kavinpadinjarepura@gmail.com","91","9544461498","","","User","19 Sep 2024 (03:36:13 pm)"
"user9072350638","user9072350638@gmail.com","91","9072350638","","","User","19 Sep 2024 (03:35:45 pm)"
"Hrithik Gadhok","hrithikgadhok.2000@gmail.com","44","7458673518","","","User","19 Sep 2024 (02:28:13 pm)"
"Aratrica Ghosh","ghosh.aratrica17@gmail.com","44","7957237484","","","User","19 Sep 2024 (02:25:58 pm)"
"Gowtham Krishna","gowthamkrishna722@gmail.com","91","7994483261","","","User","18 Sep 2024 (11:33:52 pm)"
"leila","user15226981769@gmail.com","49","15226981769","","","User","18 Sep 2024 (09:50:13 pm)"
"user8290058257","user8290058257@gmail.com","91","8290058257","","","User","18 Sep 2024 (02:38:28 pm)"
"~Namitha Suresh","namithasuresh77704@gmail.com","91","7012435207","","","User","18 Sep 2024 (01:48:24 pm)"
"sabarinath mohan","sabarinath4444@gmail.com","49","15739441078","","","User","18 Sep 2024 (01:47:57 pm)"
"Sreenath madathi","Sreenathmadathil95@gmail.com","49","17684845737","","","User","18 Sep 2024 (01:46:41 pm)"
"user8848073758","user8848073758@gmail.com","91","8848073758","","","User","18 Sep 2024 (01:46:05 pm)"
"Neelesh Khantwal","neelkhantwal99@gmail.com","91","9599633397","","","User","18 Sep 2024 (11:30:19 am)"
"Arshdeep singh 8","arshdeep.89657@gmail.com","91","7888386493","","","User","18 Sep 2024 (09:40:58 am)"
"Hemanth Reddy Janga","hemant.janga21@gmail.com","91","8142676768","","","User","17 Sep 2024 (11:58:04 pm)"
"Muhammad Sheraz Ishaq","megashaz786@gmail.com","44","7915028958","","","User","17 Sep 2024 (11:50:35 pm)"
"Bhajanpreet singh","Preetsingh012012@gmail.com","44","7733920570","","","User","16 Sep 2024 (11:54:36 pm)"
"MANISHA CHENNEGADAN","manishamanojan8@gmail.com","49","17635624675","","","User","16 Sep 2024 (01:56:57 pm)"
"Elena ghivnici","elenaghivnici7@gmail.com","44","7466658826","40","785969544","User","16 Sep 2024 (11:46:04 am)"
"Ravinder singh 94","rvi.singh94@gmail.com","44","7733403601","","","User","15 Sep 2024 (06:33:13 pm)"
"Nicoleta Pascal","nicoletapascal22@gmail.com","44","7759255748","","","User","15 Sep 2024 (04:15:06 pm)"
"Sayida Parveen","sayidap155@gmail.com","44","7404863618","","","User","13 Sep 2024 (12:42:33 pm)"
"user7435768929","user7435768929@gmail.com","44","7435768929","","","User","12 Sep 2024 (09:37:38 pm)"
"user17662054923","user17662054923@gmail.com","49","17662054923","","","User","12 Sep 2024 (09:23:16 pm)"
"Robertfum","brianna@articles.sedona-psychic.com","","","","","User","12 Sep 2024 (12:31:14 am)"
"Andrea berica","Berica97@icloud.com","44","7711070280","","","User","11 Sep 2024 (10:42:10 pm)"
"user243582398","user243582398@gmail.com","233","243582398","","","User","11 Sep 2024 (10:35:49 pm)"
"Durgesh","durgkhed@gmail.com","49","17646610083","","","User","11 Sep 2024 (10:35:16 pm)"
"user7587746994","user7587746994@gmail.com","44","7587746994","","","User","11 Sep 2024 (10:34:48 pm)"
"Arezou jafari","user7514448525@gmail.com","44","7514448525","","","User","11 Sep 2024 (11:44:40 am)"
"arezou","arezou.ja@gmail.com","","","","","User","11 Sep 2024 (11:40:55 am)"
"Arezou","j.arezou@yahoo.com","","","","","User","11 Sep 2024 (11:36:09 am)"
"user17622380823","user17622380823@gmail.com","49","17622380823","","","User","10 Sep 2024 (07:42:49 pm)"
"user1627211682","user1627211682@gmail.com","49","1627211682","","","User","10 Sep 2024 (03:26:29 pm)"
"ionut iordache","ionutiordache2016@gmail.com","44","7443277816","","","User","10 Sep 2024 (03:08:06 pm)"
"Arnaldo vento","user7518355740@gmail.com","44","7518355740","","","User","09 Sep 2024 (07:55:20 pm)"
"INDRA PAUL","user7984984948@gmail.com","44","7984984948","","","User","09 Sep 2024 (02:37:57 pm)"
"Wilford Nuthakki","Wilfordjohn30319@gmail.com","91","9962799591","","","User","09 Sep 2024 (01:50:30 pm)"
"user962799591","user962799591@gmail.com","91","962799591","","","User","09 Sep 2024 (11:49:20 am)"
"Biruk","longstorys33@gmail.com","49","17635207966","","","User","08 Sep 2024 (07:14:41 pm)"
"Aslam","aslamshabeeb1@gmail.com","91","9946856266","","","User","08 Sep 2024 (04:30:24 pm)"
"Manish arora","manish072713@gmail.com","91","7717614488","","","User","08 Sep 2024 (03:47:16 pm)"
"ranjita","ranjitathakur1730@gmail.com","91","8219479265","","","User","07 Sep 2024 (07:40:53 pm)"
"Sana Sohella","er.sohella2014@gmail.com","44","7391166675","","","User","07 Sep 2024 (07:26:06 pm)"
"vipin","vipinpavithran1@gmail.com","91","9633762231","","","User","07 Sep 2024 (12:58:04 pm)"
"Ionel Ionut Dobre","ionutzz41@yahoo.com","44","7432136078","","","User","06 Sep 2024 (10:08:21 pm)"
"user9744441349","user9744441349@gmail.com","91","9744441349","","","User","06 Sep 2024 (09:01:39 pm)"
"yadhu","yadhukrishnam888@gmail.com","91","6361049343","","","User","06 Sep 2024 (06:13:25 pm)"
"Siddhesh Butala","butalasiddhesh@gmail.com","91","9309777204","","","User","06 Sep 2024 (02:05:01 pm)"
"Rojin Chacko","rojinchacko666@gmail.com","91","7025632778","","","User","06 Sep 2024 (01:51:32 pm)"
"JULIET OGECHI KADURUMBA","julietoge94@gmail.com","44","7470520223","","","User","06 Sep 2024 (01:51:11 pm)"
"user6239934815","user6239934815@gmail.com","91","6239934815","","","User","05 Sep 2024 (06:24:50 pm)"
"Rhong Tamang","user7503105788@gmail.com","44","7503105788","","","User","05 Sep 2024 (04:59:14 pm)"
"Thanishka Vijayan","Thanishkavijayan20@gmail.com","371","26259025","","","User","05 Sep 2024 (02:24:10 pm)"
"Fayyas abdul jabbar","fayyas6414@gmail.com","44","7956093999","","","User","04 Sep 2024 (05:56:34 pm)"
"user9597372971","user9597372971@gmail.com","91","9597372971","","","User","04 Sep 2024 (05:28:55 pm)"
"user9867724463","user9867724463@gmail.com","91","9867724463","","","User","03 Sep 2024 (06:45:25 pm)"
"Ben George","bengeorgeq8@gmail.com","+91","8089699303","","","User","03 Sep 2024 (11:47:59 am)"
"Eugeniu Vitoroi","vitoroieugen@gmail.com","44","7762845615","","","User","03 Sep 2024 (10:02:44 am)"
"Bharat Mahajan","mahajanbhart759@gmail.com","44","7587957674","","","User","02 Sep 2024 (05:13:53 pm)"
"user7626806519","tnushrai25@gmail.com","91","7626806519","","","User","02 Sep 2024 (02:27:21 pm)"
"Sebin Eldho","sebineldho9@gmail.com","49","1778005107","+91","97446 40389","User","01 Sep 2024 (09:32:26 pm)"
"Alan Zachariah Mathews","alnzac00@gmail.com","49","17622592832","91","81298 82610","User","01 Sep 2024 (09:31:15 pm)"
"Rani vijayan","ranivijayan994@gmail.com","49","17622701403","","","User","01 Sep 2024 (09:23:13 pm)"
"Chandan venkatesh","chandanbvgowda07@gmail.com","44","7775839530","","","User","31 Aug 2024 (09:59:33 pm)"
"Mohammad Shah","Shah5talha@outlook.com","44","7861105845","","","User","31 Aug 2024 (04:59:59 pm)"
"Shefin sidheek","Shefin8088@gmail.com","91","7559858088","","","User","30 Aug 2024 (06:23:57 pm)"
"234test","test@3232.com","+44","546123987","","","User","30 Aug 2024 (10:09:27 am)"
"testuser","testuser@123.com","+44","789789789","","","User","30 Aug 2024 (09:46:25 am)"
"user7646610083","user7646610083@gmail.com","491","7646610083","","","User","30 Aug 2024 (09:08:59 am)"
"Ungurean Ancuta","ancaaclipa@gmail.com","44","7404404026","","","User","29 Aug 2024 (10:57:03 pm)"
"GEETIKA YADAV","raogeet06@gmail.com","91","9643288168","","","User","29 Aug 2024 (07:26:32 pm)"
"~Sanju Jacob","jacobsanju@aol.com","+49","15151266321","","","User","29 Aug 2024 (12:17:53 pm)"
"Prince yadav","princeyadav2704@outlook.com","44","7407278425","","","User","29 Aug 2024 (11:57:17 am)"
"user89876463636","assignnmentinneed66@gmail.com","91","89876463636","","","User","29 Aug 2024 (08:58:33 am)"
"user9134239047","user9134239047@gmail.com","98","9134239047","","","User","28 Aug 2024 (02:40:53 pm)"
"Suneeth hari","Suneeth143143@gmail.com","44","7909627358","","","User","27 Aug 2024 (09:20:13 pm)"
"Arshpreet Kaur","arshpreet.bhatialdh@gmail.com","91","8437023427","","","User","27 Aug 2024 (06:59:15 pm)"
"Bianca Ciobotaru","swdwd@a","44","7572754461","","","User","27 Aug 2024 (05:22:43 pm)"
"Tamanna","Tamanna_verma@icloud.com","49","17620313694","","","User","26 Aug 2024 (04:59:30 pm)"
"Simran Kaur","sk8925505@gmail.com","44","7479362322","","","User","25 Aug 2024 (08:34:37 pm)"
"Rinsif  Ashraf","rinsifashraf966@gmail.com","","","","","User","24 Aug 2024 (03:31:21 pm)"
"~Rinsif","user8281580003@gmail.com","91","8281580003","","","User","24 Aug 2024 (02:54:18 pm)"
"Shanice","Shanferny@gmail.com","44","7440652956","","","User","23 Aug 2024 (09:34:48 pm)"
"user7748506856","user7748506856@gmail.com","44","7748506856","","","User","23 Aug 2024 (08:09:23 pm)"
"~Suman Karki","box.suman@gmail.com","+44","7404579481","","","User","23 Aug 2024 (12:28:36 pm)"
"user17665856762","user17665856762@gmail.com","49","17665856762","","","User","22 Aug 2024 (08:36:13 pm)"
"madhu mithast","madhumithast24@gmail.com","44","7760993115","","","User","22 Aug 2024 (07:48:39 pm)"
"Rahul Kumar","rahulkgupta2024@gmail.com","44","7503271607","","","User","22 Aug 2024 (07:45:59 pm)"
"Shraddhaben khunti","shradhaakhunti7778@gmail.com","44","7733376587","","","User","22 Aug 2024 (06:09:27 pm)"
"Palvi Sharma","palvisharma090898@gmail.com","","","","","User","22 Aug 2024 (03:48:26 pm)"
"~Harshamol","harshamol8152@gmail.com","+91","9207913964","","","User","22 Aug 2024 (01:37:35 pm)"
"Roice","roicymelgeorge@gmail.com","49","17697736855","","","User","21 Aug 2024 (09:17:07 pm)"
"Sandeep Boddapati","rasnasawank@gmail.com","44","7778089835","","","User","20 Aug 2024 (09:54:40 pm)"
"Gagandeep singh","mailgagandeepsingh82@gmail.com","44","7440255228","","","User","20 Aug 2024 (06:14:50 pm)"
"Ayo","ayophysio@gmail.com","94","777614813","","","User","19 Aug 2024 (06:46:14 pm)"
"user9072373724","user9072373724@gmail.com","91","9072373724","","","User","19 Aug 2024 (05:42:17 pm)"
"Sachin sharma","Sharmarubby01.rs@gmail.com","91","7986824958","","","User","18 Aug 2024 (02:36:48 pm)"
"Akhil Mathew","akhil.mathew1999@gmail.com","49","17623759942","","","User","17 Aug 2024 (07:13:46 pm)"
"Samuel Wiafe","skwiafie@gmail.com","233","246360453","","","User","17 Aug 2024 (09:18:00 am)"
"Palvi sharma","user7423024670@gmail.com","44","7423024670","","","User","16 Aug 2024 (09:25:12 pm)"
"Arya Muraleedharan","amalmundaplackil@gmail.com","44","7721899719","","","User","16 Aug 2024 (08:53:13 pm)"
"user7733891608","user7733891608@gmail.com","44","7733891608","","","User","16 Aug 2024 (05:37:05 pm)"
"user7432025587","user7432025587@gmail.com","44","7432025587","","","User","16 Aug 2024 (05:08:08 pm)"
"user15175730672","user15175730672@gmail.com","49","15175730672","","","User","16 Aug 2024 (05:02:28 pm)"
"Sarvjot singh","sarvjotsingh08@gmail.com","44","7733431562","","","User","16 Aug 2024 (02:02:11 pm)"
"~KIRPAL SINGH SANDHU","user7733893694@gmail.com","+44","7733893694","","","User","16 Aug 2024 (01:15:55 pm)"
"Roice George","roicegeorge4@gmail.com","44","9782038713","","","User","16 Aug 2024 (10:31:57 am)"
"Dorel Cucuruzac","dorel_cucuruzac@yahoo.com","44","7340537955","","","User","15 Aug 2024 (07:51:25 pm)"
"Nimmy sathish","nimmysathish23@gmail.com","44","7552243044","","","User","15 Aug 2024 (12:41:14 pm)"
"HenryLam","j.on.t.he.d.efe.n.de.r@gmail.com","","","","","User","15 Aug 2024 (12:13:45 pm)"
"Saw kaung","kaungmyatthuu177@gmail.com","+49","17632776794","","","User","15 Aug 2024 (10:41:29 am)"
"ROHIT ARANGAN SREENIVASAN","rohithas777@gmail.com","49","17663486551","","","User","14 Aug 2024 (06:43:54 pm)"
"Mishab pk","user9061836200@gmail.com","+91","9061836200","","","User","14 Aug 2024 (12:41:51 pm)"
"Sooraj Warr","user10@warrgyizmorsch.com","","0","0","0","Marketing Team","14 Aug 2024 (12:19:22 pm)"
"Sahil arora","s.arora1014@gmail.com","+44","7587732907","","","User","14 Aug 2024 (12:16:00 pm)"
"Saranya sajeevan","user17674542215@gmail.com","49","17674542215","","","User","13 Aug 2024 (08:34:05 pm)"
"user7741517704","user7741517704@gmail.com","44","7741517704","","","User","13 Aug 2024 (05:40:07 pm)"
"Ioana Madalina Nani","i.madalina47@yahoo.com","+44","7424044949","","","User","13 Aug 2024 (12:55:56 pm)"
"Alina-Nicoleta Velicu","creatza_alinna@yahoo.com","40","749895706","","","User","12 Aug 2024 (12:40:31 pm)"
"MaidanGes","admin@maidanchik.online","","","","","User","12 Aug 2024 (01:25:38 am)"
"MD MOJAMMEL HOSSAIN","mmhossainn555@gmail.com","49","17632266218","","","User","11 Aug 2024 (12:48:29 pm)"
"Lucica Mirea","niculae.lucia@yahoo.com","44","7446068592","","","User","11 Aug 2024 (10:10:15 am)"
"user7472528345","user7472528345@gmail.com","44","7472528345","","","User","09 Aug 2024 (10:14:45 pm)"
"Arjun murali","arjunvmurali@gmail.com","91","8943434743","","","User","09 Aug 2024 (06:35:40 pm)"
"user17626209297","user17626209297@gmail.com","49","17626209297","","","User","09 Aug 2024 (06:28:59 pm)"
"Anjali kandwal","user7868070762@gmail.com","44","7868070762","","","User","09 Aug 2024 (05:51:47 pm)"
"HARIKRISHNAN M U","Harikrishnanmu146@gmail.com","91","7907817295","","","User","09 Aug 2024 (01:30:08 pm)"
"user17632119500","user17632119500@gmail.com","49","17632119500","","","User","09 Aug 2024 (12:57:18 pm)"
"~Nisthar Najeeb","nisthar312@gmail.com","44","7587479104","","","User","09 Aug 2024 (12:56:33 pm)"
"Pratik Patil","pratikpatil021999@gmail.com","44","7741886323","","","User","09 Aug 2024 (07:54:35 am)"
"Gurdit singh","Gurditsingh09bedi@gmail.com","44","7778233556","","","User","09 Aug 2024 (07:53:54 am)"
"syed ali hamza shah","alihamzaabidi@gmail.com","44","7307282210","","","User","09 Aug 2024 (07:52:26 am)"
"Daniel Burcea","danielburcea1984@gmail.com","44","7492995199","","","User","09 Aug 2024 (07:16:57 am)"
"Melbin joy","melbinjoy2002@gmail.com","49","17631303462","","","User","08 Aug 2024 (02:30:10 pm)"
"Manuel Montero","manuelfmontero@gmail.com","44","7447190119","","","User","08 Aug 2024 (08:45:30 am)"
"Nehal Pandya","nehalpandya.model@gmail.com","49","1796969328","","","User","07 Aug 2024 (10:44:50 pm)"
"Saahil kulkarni","saahilkulkarni24731@gmail.com","49","1796969327","","","User","07 Aug 2024 (10:42:40 pm)"
"Dumitru bancila","dumitru_bancila@yahoo.co.uk","44","7446400340","","","User","07 Aug 2024 (10:38:47 pm)"
"Ella","ellacosti41@gmail.com","44","7831404562","","","User","07 Aug 2024 (11:04:07 am)"
"Sunjin","Nzsunjin7@gmail.com","44","7743366886","","","User","06 Aug 2024 (01:45:44 pm)"
"KERAN KUMAR","kerankeran311099@gmail.com","44","7407610499","","","User","06 Aug 2024 (01:16:05 pm)"
"Ryan","sheeppyramid@yahoo.com","+44","01253788008","","","User","06 Aug 2024 (06:18:56 am)"
"Shahithyan","shahithyan@gmail.com","94","752845014","","","User","05 Aug 2024 (11:06:44 pm)"
"Janis Kudeika","Jkudeika@yahoo.com","44","7597145723","","","User","05 Aug 2024 (10:46:56 pm)"
"Igor","igorich100@gmail.com","44","7385890814","","","User","05 Aug 2024 (01:08:50 pm)"
"Dsouza Savari Arokiya","dsouzadso12@gmail.com","91","8610698112","","","User","05 Aug 2024 (12:29:20 pm)"
"user9357426","user9357426@gmail.com","+1","2819357426","","","User","05 Aug 2024 (10:49:01 am)"
"user7034751538","user7034751538@gmail.com","91","7034751538","","","User","05 Aug 2024 (09:25:59 am)"
"MaidanGes","maidan45351@gmail.com","","","","","User","05 Aug 2024 (03:40:34 am)"
"user4917620600543","user4917620600543@gmail.com","49","4917620600543","","","User","04 Aug 2024 (01:57:15 pm)"
"Amaljith","amaljithmr5252@gmail.com","49","17620600543","","","User","04 Aug 2024 (01:57:03 pm)"
"Richardliesy","jett72hollis@gmail.com","","","","","User","04 Aug 2024 (01:18:11 pm)"
"Bhumika","bhumipadhiyar5995@gmail.com","44","7767968290","","","User","03 Aug 2024 (06:11:35 pm)"
"Jagadambika","jagadambika1996@gmail.com","91","6282740145","","","User","03 Aug 2024 (03:03:03 pm)"
"~Andreea Madalina","canteamadalina21@yahoo.com","44","7885665584","","","User","03 Aug 2024 (02:54:41 pm)"
"Arthurber","efisomer1970@op.pl","","","","","User","03 Aug 2024 (09:01:18 am)"
"Vineeth Mahendran 7","mahevinu38@gmail.com","44","7393104939","","","User","02 Aug 2024 (08:16:47 pm)"
"user910934919","user910934919@gmail.com","351","910934919","","","User","02 Aug 2024 (08:06:30 pm)"
"user7985391485","user7985391485@gmail.com","44","7985391485","","","User","02 Aug 2024 (07:45:56 pm)"
"Akshay","user9207795326@gmail.com","91","9207795326","","","User","02 Aug 2024 (07:30:02 pm)"
"user7564316734","user7564316734@gmail.com","44","7564316734","","","User","02 Aug 2024 (06:53:23 pm)"
"Alexandru Daniel Bobe","bobealexandru2@gmail.com","44","7405091902","","","User","02 Aug 2024 (05:56:57 pm)"
"Irina Bogza","Damianirina05@gmail.com","44","7711258739","","","User","02 Aug 2024 (03:03:29 pm)"
"user7587542139","user7587542139@gmail.com","44","7587542139","","","User","02 Aug 2024 (02:33:32 pm)"
"user3046144713","user3046144713@gmail.com","92","3046144713","","","User","02 Aug 2024 (02:27:54 pm)"
"user7901761054","user7901761054@gmail.com","44","7901761054","","","User","01 Aug 2024 (07:47:00 pm)"
"Izabella Iliusi","iliusi.izabella@gmail.com","44","7725749615","","","User","01 Aug 2024 (05:51:10 pm)"
"Angel Ivanov","Qw3rtyyyyyyyyy@gmail.com","44","7975805882","","","User","01 Aug 2024 (09:10:11 am)"
"Chetan","Chetandhalla1911@gmail.com","44","7767399550","","","User","31 Jul 2024 (03:12:57 pm)"
"user9947155055","user9947155055@gmail.com","91","9947155055","","","User","30 Jul 2024 (09:53:28 pm)"
"user7404325547","user7404325547@gmail.com","44","7404325547","","","User","30 Jul 2024 (07:26:52 pm)"
"Vase Atanasov","vasse377@gmail.com","44","7848683139","","","User","30 Jul 2024 (07:07:19 pm)"
"Viorel Marin","marinviorel@icloud.com","44","7397390526","","","User","30 Jul 2024 (03:53:56 pm)"
"user7831707740","user7831707740@gmail.com","44","7831707740","","","User","30 Jul 2024 (03:22:19 pm)"
"Veselin Georgiev","vesselinkg@yahoo.co.uk","44","7900800468","","","User","30 Jul 2024 (03:02:41 pm)"
"Kiril Anastasov","kiril_an@yahoo.com","44","7876544270","","","User","30 Jul 2024 (03:02:17 pm)"
"~Ashna Shaju","user9744029615@gmail.com","91","9744029615","","","User","30 Jul 2024 (03:01:45 pm)"
"Angel biju","angelbijuanikkanayil@gmail.com","44","7385679721","","","User","30 Jul 2024 (02:26:30 pm)"
"Anca Loghin","anca_rezyuc@yahoo.com","44","7899047716","","","User","30 Jul 2024 (01:50:06 pm)"
"~Mihai Cristian Chelariu","chelariu85@yahoo.com","44","7393975933","","","User","30 Jul 2024 (01:45:35 pm)"
"user8157089755","user8157089755@gmail.com","91","8157089755","","","User","30 Jul 2024 (11:50:44 am)"
"anish SEO","anish.warrgyizmorsch@gmail.com","","0025289453","","","Unknown","30 Jul 2024 (10:20:59 am)"
"Elizabeth Anu","anuelizabeth078@gmail.com","44","7776599943","","","User","30 Jul 2024 (07:19:43 am)"
"Syed AHMAD","sheehabahmad@hotmail.com","44","7954027405","","","User","29 Jul 2024 (10:12:06 pm)"
"Ioana Roxana Cindea","Ioanaroxana92@yahoo.com","44","7850045239","","","User","29 Jul 2024 (08:13:01 pm)"
"Dhruvkumar Dharmendra Kumar Amin","Dhruvamin.3003@gmail.com","44","7393108879","","","User","28 Jul 2024 (05:13:50 pm)"
"user17663772033","user17663772033@gmail.com","49","17663772033","","","User","28 Jul 2024 (03:46:46 pm)"
"Shyam shobidakshan","Norsegod16@gmail.com","91","9946140119","","","User","28 Jul 2024 (03:44:17 pm)"
"Anastasia","gatsak.anastasia@gmail.com","44","7379317935","","","User","28 Jul 2024 (11:02:53 am)"
"Manpreet Kaur 744","manpreetkaur85315@gmail.com","44","7440750358","","","User","27 Jul 2024 (12:33:18 pm)"
"user737351124","user737351124@gmail.com","46","737351124","","","User","26 Jul 2024 (08:13:10 pm)"
"Salem AKINYEMI","justmee.1glory@gmail.com","234","8139173023","","","User","26 Jul 2024 (02:16:11 pm)"
"Sanigha Davis","sanighadavismenachery@gmail.com","91","8590579126","","","User","26 Jul 2024 (12:40:36 pm)"
"~Lacramioara Lupu","Lacramioaralupu7@gmail.com","44","7448226819","","","User","26 Jul 2024 (09:57:41 am)"
"Alisa Cislariu","kufneralisa@yahoo.com","44","7459267187","","","User","25 Jul 2024 (11:46:47 pm)"
"Laura visan","Lauramihai1997@yahoo.com","44","7979663334","","","User","25 Jul 2024 (05:48:18 pm)"
"~KANNUKADAN ANTO NOYAL","user8129927001@gmail.com","91","8129927001","","","User","25 Jul 2024 (08:15:45 am)"
"SnejAna jalba","snejanajalbau77@gmail.com","44","7565628643","","","User","24 Jul 2024 (11:10:39 pm)"
"Sazeeb rafit","sbrafit99@gmail.com","44","7399763219","","","User","24 Jul 2024 (09:06:57 pm)"
"user8104111238","user8104111238@gmail.com","234","8104111238","","","User","24 Jul 2024 (08:41:42 pm)"
"Sílvia Soares","Silviasegunda17@outlook.com","44","7563191183","","","User","24 Jul 2024 (07:35:19 pm)"
"Noyal Kooran Jacob","noyalkjacob1999@gmail.com","49","17631203254","","","User","24 Jul 2024 (07:28:45 pm)"
"Elena  Gabriela Snopu","elenasnopu@gmail.com","44","7747218727","","","User","23 Jul 2024 (09:20:56 pm)"
"Muhamed Junaid","officialjunaidmuhamed@gmail.com","+91","9526249666","","","User","23 Jul 2024 (09:05:41 pm)"
"user7587538414","user7587538414@gmail.com","44","7587538414","","","User","23 Jul 2024 (06:40:38 pm)"
"~Alex","user7828238809@gmail.com","44","7828238809","","","User","23 Jul 2024 (03:08:09 pm)"
"Alisha","user7022961047@gmail.com","91","7022961047","","","User","23 Jul 2024 (02:52:13 pm)"
"Dev sharma","Devsharma197320@gmail.com","44","7788322042","","","User","23 Jul 2024 (12:15:45 pm)"
"Adwyth krishna vinod kumar sreela","kadwyth@gmail.com","91","9495756816","","","User","23 Jul 2024 (11:37:36 am)"
"Mihaela Zaharia","Gmihaela217@gmail.com","44","7445174509","","","User","22 Jul 2024 (10:33:48 pm)"
"Wesal","Shogar823@gmail.com","44","7915161014","","","User","22 Jul 2024 (08:47:34 pm)"
"Deepak Verlekar","deepak.verlekar@gmail.com","44","7404249808","","","User","22 Jul 2024 (06:33:33 pm)"
"Cham Kumar Chaudhary","chamkumar2018@gmail.com","44","7429557318","","","User","22 Jul 2024 (05:53:48 pm)"
"Maiwand tarakhel","Maiwand.cro@outlook.com","44","7827421671","","","User","22 Jul 2024 (05:51:46 pm)"
"Liliia Mereshchuk","Lilia19911607@gmail.com","+44","7858097288","","","User","22 Jul 2024 (11:34:42 am)"
"Richardliesy","nonomalley4@gmail.com","","","","","User","22 Jul 2024 (05:35:36 am)"
"Jiwani sharma","jiwanisharma17@gmail.com","353","894695302","","","User","21 Jul 2024 (04:23:02 pm)"
"Muhammad waqas 89","Muhammad.w89@gmail.com","44","7572225817","","","User","20 Jul 2024 (02:35:20 pm)"
"Albert Roshan","user8925094423@gmail.com","91","8925094423","","","User","20 Jul 2024 (10:07:38 am)"
"Mufeed","pkc.mufeed@gmail.com","44","7721856837","","","User","20 Jul 2024 (09:11:01 am)"
"user7795341713","user7795341713@gmail.com","44","7795341713","","","User","19 Jul 2024 (09:17:22 pm)"
"taniya","Business@tophillsport.com","+91","9086384630","","","User","19 Jul 2024 (10:53:39 am)"
"Owusu-Sakyi","Mcbrightowusu@gmail.com","233","540965703","","","User","18 Jul 2024 (11:08:22 pm)"
"Deekshitha chunchukala","Chudeekshitha369@gmail.com","44","7405725528","","","User","18 Jul 2024 (06:40:43 pm)"
"Ionela Nitu","Kytty_esmy@yahoo.com","44","7599162779","","","User","17 Jul 2024 (11:49:09 pm)"
"user1749309746","user1749309746@gmail.com","49","1749309746","","","User","17 Jul 2024 (08:20:37 pm)"
"Nuno Miguel De Oliveira Deca","ndeca@me.com","44","7709227075","","","User","17 Jul 2024 (06:03:05 pm)"
"user777473698","user777473698@gmail.com","44","777473698","","","User","16 Jul 2024 (09:15:06 pm)"
"Brinju thapa","brinju07@gmail.com","44","7824507911","","","User","16 Jul 2024 (08:56:52 pm)"
"Neethu S Babu","neethusbabu97@gmail.com","91","7902637303","","","User","16 Jul 2024 (04:34:30 pm)"
"Anusha Pazhamballithadathil Sathyan","pappyanusha798@gmail.com","91","9061490748","","","User","16 Jul 2024 (01:21:27 pm)"
"Beatris Ioana Anton","Beatris.carabet@yahoo.com","44","7455298672","","","User","16 Jul 2024 (11:01:13 am)"
"Diksha P","dikshapgowda9@gmail.com","91","8884546201","","","User","16 Jul 2024 (10:27:17 am)"
"Sonam Smitha Ravi","sonamsravi@gmail.com","49","17625452480","","","User","15 Jul 2024 (11:13:25 pm)"
"Huma Saleem","huma-saleem@outlook.com","92","3328252108","","","User","14 Jul 2024 (07:58:32 pm)"
"user7340799782","user7340799782@gmail.com","44","7340799782","","","User","14 Jul 2024 (04:53:20 pm)"
"Loredana Ludusan","ludusanloredana@yahoo.co.uk","","","","","User","14 Jul 2024 (03:39:24 pm)"
"user8943671561","user8943671561@gmail.com","91","8943671561","","","User","14 Jul 2024 (02:48:45 pm)"
"user6383903216","user6383903216@gmail.com","91","6383903216","","","User","14 Jul 2024 (12:46:02 pm)"
"user9487327366","user9487327366@gmail.com","91","9487327366","","","User","14 Jul 2024 (12:13:58 pm)"
"Mithun Madhavan","mithunmadhavan05@gmail.com","91","9446283605","","","User","14 Jul 2024 (11:53:59 am)"
"Georgi Spasikov","georgi.spasikov@yahoo.com","44","7508113600","","","User","14 Jul 2024 (09:54:42 am)"
"abin baby","abinbaby6966@gmail.com","91","9495446520","","","User","13 Jul 2024 (09:33:28 pm)"
"Ivan","user7429181300@gmail.com","44","7429181300","","","User","12 Jul 2024 (11:19:40 pm)"
"Ana Maciel","Ritinha.ferreira_13@hotmail.com","44","7495260436","","","User","12 Jul 2024 (08:11:46 pm)"
"Cristeen M Mathew","crisaduke14@gmail.com","91","8075595811","","","User","12 Jul 2024 (07:10:39 pm)"
"Sofia Martínez","veska26@yahoo.com","44","7463558882","","","User","12 Jul 2024 (04:49:22 pm)"
"Fatima Jamil","jamilfatima402@gmail.com","+44","7884691673","","","User","12 Jul 2024 (12:33:23 pm)"
"Amalu Biju","amalubiju2525@gmail.com","44","8590805635","","","User","12 Jul 2024 (10:17:07 am)"
"Hiran s kumar","hiranskumar123@gmail.com","44","7748032641","","","User","12 Jul 2024 (09:52:59 am)"
"Issac Joy","issac.joy.509@gmail.com","91","9744219689","","","User","11 Jul 2024 (09:48:49 pm)"
"user749526043","user749526043@gmail.com","44","749526043","","","User","11 Jul 2024 (06:53:30 pm)"
"Esther sowah-clarke","user7572269066@gmail.com","44","7572269066","","","User","11 Jul 2024 (06:09:16 pm)"
"Bincy kirian biju","bincykirianbiju@gmail.com","91","8867275611","","","User","11 Jul 2024 (05:28:52 pm)"
"Muhammad Yahya Maarij","muhammadyahyamaarij@gmail.com","44","7405580754","","","User","10 Jul 2024 (09:17:24 pm)"
"Sooraj Mookampara Achuthan","soorajnandu47@gmail.com","91","9656980934","","","User","10 Jul 2024 (08:35:57 pm)"
"user15735565013","user15735565013@gmail.com","49","15735565013","","","User","10 Jul 2024 (08:03:41 pm)"
"Chandana","chandanachandru121999@gmail.com","353","894246512","","","User","10 Jul 2024 (07:46:47 pm)"
"Muhammad anjum","gulraizanjum457@gmail.com","44","7769462085","","","User","09 Jul 2024 (08:34:54 pm)"
"user8779170958","user8779170958@gmail.com","91","8779170958","","","User","09 Jul 2024 (08:28:32 pm)"
"Florentina Diana gheta","florentinadiana36@gmail.com","44","7383217042","","","User","09 Jul 2024 (01:37:05 pm)"
"Andrei Brandabur","brend_power@yahoo.com","44","7459812005","","","User","08 Jul 2024 (02:14:53 pm)"
"syed hamza","user17626745688@gmail.com","49","17626745688","","","User","08 Jul 2024 (10:35:08 am)"
"Loredana Alina","user7548207569@gmail.com","44","7548207569","","","User","07 Jul 2024 (07:10:02 pm)"
"Huzefa Kapadia","huzefakapadia7@gmail.com","971","563810947","","","User","07 Jul 2024 (07:05:42 pm)"
"user7733905240","user7733905240@gmail.com","44","7733905240","","","User","07 Jul 2024 (06:56:57 pm)"
"Vipindas","Vipindask27@gmail.com","91","9567109807","","","User","07 Jul 2024 (04:11:32 pm)"
"user8164222404","user8164222404@gmail.com","234","8164222404","","","User","07 Jul 2024 (03:47:44 pm)"
"Govinder kumar","Govinderkumar1809@gmail.com","44","7990269722","","","User","07 Jul 2024 (01:10:39 pm)"
"FrankSlepe","b.r.ad.th.em.aster7.77@gmail.com","","","","","User","07 Jul 2024 (10:50:42 am)"
"user7501282671","user7501282671@gmail.com","44","7501282671","","","User","06 Jul 2024 (09:06:45 am)"
"Jaspreet Singh Germany","Jaspreetsinghwork16@gmail.com","49","17684837015","","","User","04 Jul 2024 (11:29:55 pm)"
"Joice","joicechacko555@gmail.com","49","17675941512","","","User","04 Jul 2024 (11:07:29 pm)"
"Revathy","revathysudarsanansheeba@gmail.com","91","7736278112","","","User","04 Jul 2024 (10:56:07 pm)"
"Sreenath Kadumundath Palassery","kps07.gmn@gmail.com","91","7550170137","","","User","04 Jul 2024 (10:32:39 pm)"
"user7733354674","user7733354674@gmail.com","44","7733354674","","","User","04 Jul 2024 (04:35:57 pm)"
"Albin Thankachan","albinthankachan811@gmail.com","91","9495771452","","","User","03 Jul 2024 (10:32:39 pm)"
"Rupinder Kaur","user7481838615@gmail.com","44","7481838615","","","User","03 Jul 2024 (05:09:12 pm)"
"Adina","Adelyna90@icloud.com","44","7412033278","","","User","03 Jul 2024 (04:31:35 pm)"
"Garima","Garima@warrgyizmorsch.com","","","","","Sub Writer","03 Jul 2024 (11:17:01 am)"
"QA","Quality.analyst@warrgyizmorsch.com","","","","","WriterTL","03 Jul 2024 (10:51:20 am)"
"Zlatomira Lilova","lilovazlatomira@gmail.com","44","7387373571","","","User","02 Jul 2024 (08:27:58 pm)"
"Sukh johal","25sukhjotkaur2004@gmail.com","91","9915654840","","","User","02 Jul 2024 (04:28:20 pm)"
"LindaFleft","r.ee.d2.51.6.7@gmail.com","","","","","User","02 Jul 2024 (02:15:46 am)"
"Bhavya Chhabra","bhavyachhabra149@gmail.com","44","7577008735","","","User","01 Jul 2024 (10:59:02 pm)"
"Vikrant Chaudhary","vc9211420@gmail.com","44","7732020596","","","User","01 Jul 2024 (09:51:44 pm)"
"Alina Budica","Alinabudica13@yahoo.ro","40","731882221","","","User","01 Jul 2024 (09:27:27 pm)"
"user7376903489","user7376903489@gmail.com","44","7376903489","","","User","01 Jul 2024 (07:53:43 pm)"
"Ammar Qureshi","ammarkhalid708@gmail.com","44","7818838114","","","User","01 Jul 2024 (06:22:06 pm)"
"ADARSH PULINTHARA","adarshpshaji007@gmail.com","44","7359464800","","","User","01 Jul 2024 (06:08:04 pm)"
"Giugiuka","Giugiuka_4u@yahoo.com","44","7964161963","","","User","01 Jul 2024 (05:59:53 pm)"
"Sumit Nayee","smitnayee1234@gmail.com","44","7398070760","","","User","01 Jul 2024 (01:31:06 pm)"
"Deepa Udayadharan","user7552522622@gmail.com","44","7552522622","","","User","01 Jul 2024 (12:39:23 pm)"
"Efia Kwakyewaa","ahfyakwakyewaa@gmail.com","44","7473328025","","","User","30 Jun 2024 (02:24:34 pm)"
"Maame Yacoba Prah","Prahmaame18@gmail.com","233","203066052","","","User","30 Jun 2024 (01:18:45 pm)"
"Akhil pulikkal","akhilpulikkalsajith@gmail.com","91","8606726128","","","User","30 Jun 2024 (12:03:01 pm)"
"Mary Celina Ponnaiya","celinaponnaiya@gmail.com","91","7795962541","","","User","29 Jun 2024 (10:13:16 pm)"
"Augustine cheruvathur lawrance","augustinelawrance003@gmail.com","49","17670039646","","","User","29 Jun 2024 (02:07:27 pm)"
"Antony nayagam Innasimuthu","antonynayak07@gmail.com","49","17670994272","","","User","28 Jun 2024 (10:26:00 am)"
"Ishita","sachdevishita.warrgyizmorsch@gmail.com","","","","","Sub Writer","28 Jun 2024 (08:55:19 am)"
"user7823763812","user7823763812@gmail.com","44","7823763812","","","User","27 Jun 2024 (10:50:22 pm)"
"user7823763843","user7823763843@gmail.com","44","7823763843","","","User","27 Jun 2024 (10:49:54 pm)"
"user3328252108","user3328252108@gmail.com","92","3328252108","","","User","27 Jun 2024 (10:49:21 pm)"
"Abhijith kaimal","Abhijithkaimal128@gmail.com","49","17661330165","","","User","27 Jun 2024 (09:54:34 pm)"
"user2368670133","user2368670133@gmail.com","1","2368670133","","","User","27 Jun 2024 (09:02:46 pm)"
"Sushma Satish","Sushmakulkarni69857@gmail.com","91","9611096916","","","User","27 Jun 2024 (07:52:29 pm)"
"Mouli S","user8825783776@gmail.com","91","8825783776","","","User","27 Jun 2024 (11:59:08 am)"
"Ayushman Kashyap","user7407750324@gmail.com","44","7407750324","","","User","27 Jun 2024 (11:14:29 am)"
"Minu Michael.","michael.minu@gmail.com","49","17675213550","","","User","27 Jun 2024 (11:07:58 am)"
"Sarah Shaikh","sarahshaikh270@gmail.com","49","1787873802","","","User","26 Jun 2024 (08:54:59 pm)"
"user7424087422","user7424087422@gmail.com","44","7424087422","","","User","26 Jun 2024 (07:48:01 pm)"
"user7907124515","user7907124515@gmail.com","91","7907124515","","","User","26 Jun 2024 (05:26:16 pm)"
"Habeebullah Sageer","habeebullah104@gmail.com","49","17665124400","","","User","25 Jun 2024 (11:44:18 pm)"
"user9872510409","user9872510409@gmail.com","91","9872510409","","","User","25 Jun 2024 (09:29:13 pm)"
"Mr. David-Leo Toyin","davidleoalabi@gmail.com","44","7780475888","","","User","25 Jun 2024 (07:50:32 pm)"
"user7747547055","user7747547055@gmail.com","44","7747547055","","","User","25 Jun 2024 (07:31:57 pm)"
"BIJIN STALIN 70","Stalinbijin70@gmail.com","49","17675746264","49","17632920417","User","25 Jun 2024 (07:22:36 pm)"
"~Aga","user7483265073@gmail.com","44","7483265073","","","User","25 Jun 2024 (07:18:26 pm)"
"Dilraj Kaur","dilrajk73@gmail.com","44","7405493721","","","User","25 Jun 2024 (03:11:59 pm)"
"Hailu Irko","Irkohailu@gmail.com","44","7305533400","","","User","24 Jun 2024 (05:57:34 pm)"
"Michael Ankamah Boafo","abigaila442@gmail.com","233","560000149","","","User","24 Jun 2024 (10:11:36 am)"
"tushar","tushar@warrgyizmorsch.com","","","","","Sub Writer","24 Jun 2024 (06:45:24 am)"
"DanielHok","mos-los@hotmail.com","","","","","User","24 Jun 2024 (04:26:05 am)"
"user15201360351","user15201360351@gmail.com","49","15201360351","","","User","22 Jun 2024 (08:39:20 pm)"
"Kulwinder","Kulwinder445singh@gmail.com","44","7733856265","","","User","22 Jun 2024 (08:37:59 pm)"
"Meenu Vincent","meenuvincent96.mv@gmail.com","91","9567409177","","","User","22 Jun 2024 (05:58:44 pm)"
"Anjali saini","Anjlisaini7724@gmail.com","+91","8708383539","","","User","21 Jun 2024 (09:15:27 pm)"
"user17623667248","n.suguenes@gmx.de","49","17623667248","","","User","21 Jun 2024 (06:51:58 pm)"
"Bishnu Sharma","wishsharma5628@gmail.com","49","15776951734","","","User","21 Jun 2024 (06:42:59 pm)"
"user9877264640","user9877264640@gmail.com","91","9877264640","","","User","21 Jun 2024 (06:26:34 pm)"
"Althaf","Althafnazar33@gmail.com","91","9400393051","","","User","21 Jun 2024 (01:44:58 pm)"
"Shani Parol","shannkrishna18@gmail.com","49","15510854262","","","User","20 Jun 2024 (10:25:36 pm)"
"user7356627626","user7356627626@gmail.com","91","7356627626","","","User","20 Jun 2024 (08:55:39 pm)"
"Savio Staines","user17631548974@gmail.com","49","17631548974","","","User","20 Jun 2024 (03:36:56 pm)"
"Clarissa Cau","Stefanofoltino90@gmail.com","44","7472984571","","","User","20 Jun 2024 (03:05:02 pm)"
"Tannu V","user7886625288@gmail.com","44","7886625288","","","User","20 Jun 2024 (02:34:00 pm)"
"Harpreet Kaur 987","Harpreetkauruk6737@gmail.com","91","9876034551","","","User","20 Jun 2024 (01:05:27 pm)"
"Harpreet kaur 79","user7901565975@gmail.com","44","7901565975","","","User","20 Jun 2024 (12:49:21 pm)"
"Shubhneet Kaur","shubhneetkaur615@gmail.com","44","7405463140","","","User","20 Jun 2024 (12:03:38 pm)"
"Julia Bijoy Kurian","bijoyjulia24@gmail.com","44","7404741231","","","User","20 Jun 2024 (12:00:11 pm)"
"user7466344232","user7466344232@gmail.com","44","7466344232","","","User","19 Jun 2024 (09:00:21 pm)"
"ALAN MATHEW","alanmathew12345678@gmail.com","","","","","User","19 Jun 2024 (08:33:42 pm)"
"user5330464194","user5330464194@gmail.com","90","5330464194","","","User","19 Jun 2024 (08:19:56 pm)"
"Alan Mathew","roysandra777@gmail.com","91","6238625974","","","User","19 Jun 2024 (07:20:44 pm)"
"Krishan kumar","krishanvats87085@gmail.com","91","8708538027","","","User","19 Jun 2024 (07:12:19 pm)"
"user9048482416","user9048482416@gmail.com","91","9048482416","","","User","19 Jun 2024 (06:58:50 pm)"
"Apavaloaei","Apavaloaei.alin@yahoo.com","44","7842910215","","","User","19 Jun 2024 (06:11:24 pm)"
"user17636232595","user17636232595@gmail.com","49","17636232595","","","User","19 Jun 2024 (06:00:57 pm)"
"user15772155635","user15772155635@gmail.com","49","15772155635","","","User","19 Jun 2024 (05:53:58 pm)"
"mia Jenkins","user7572061411@gmail.com","44","7572061411","","","User","19 Jun 2024 (02:45:30 pm)"
"Mia Jenkins","miacejenkins@icloud.com","","","","","User","19 Jun 2024 (02:32:18 pm)"
"user7769420050","devanshirandhawa93@gmail.com","44","7769420050","","","User","18 Jun 2024 (11:19:33 pm)"
"Sukhdeep Kaur","Bajwaharpreet04@gmail.com","44","7587666923","","","User","18 Jun 2024 (10:18:37 pm)"
"Aswinbabu","aswinbabu316@gmail.com","49","15773515670","","","User","18 Jun 2024 (10:14:48 pm)"
"Ali Usman Abbas","Ottoman7867@gmail.com","44","7438176432","","","User","18 Jun 2024 (07:42:56 pm)"
"Adithya Sunil Kumar","adisitara@gmail.com","44","7747676531","","","User","18 Jun 2024 (12:58:25 pm)"
"DEVADHARSH PANKAJAKSHAN","devadharsh.p2@gmail.com","49","17632127206","","","User","17 Jun 2024 (10:17:34 pm)"
"user9744770701","user9744770701@gmail.com","91","9744770701","","","User","17 Jun 2024 (08:03:14 pm)"
"Jono Jojy","jonojoji70@gmail.com","44","7389169795","","","User","17 Jun 2024 (07:43:38 pm)"
"user7393099178","user7393099178@gmail.com","44","7393099178","","","User","17 Jun 2024 (06:32:17 pm)"
"user15158890359","user15158890359@gmail.com","49","15158890359","","","User","16 Jun 2024 (03:41:21 pm)"
"user9633880804","user9633880804@gmail.com","91","9633880804","","","User","16 Jun 2024 (01:29:43 pm)"
"user39258988","user39258988@gmail.com","973","39258988","","","User","15 Jun 2024 (09:57:23 pm)"
"Balamurugan Radhakrishnan","balaradha2000@gmail.com","44","7424204681","","","User","15 Jun 2024 (09:57:04 pm)"
"ARJUN KORAVAMPARAMBIL","arjunks49@gmail.com","49","1795016406","","","User","15 Jun 2024 (09:14:40 pm)"
"user8308906082","user8308906082@gmail.com","91","8308906082","","","User","15 Jun 2024 (09:05:19 pm)"
"user17675410701","user17675410701@gmail.com","49","17675410701","","","User","15 Jun 2024 (09:04:15 pm)"
"Sotarius Iheanyichukwu Duruoha","sduruoha@hotmail.com","49","1788707829","","","User","15 Jun 2024 (08:59:08 pm)"
"user7587779664","user7587779664@gmail.com","44","7587779664","","","User","15 Jun 2024 (07:57:37 pm)"
"user8054215609","user8054215609@gmail.com","91","8054215609","","","User","15 Jun 2024 (06:58:04 pm)"
"HarveyCirty","wetowarijcti@gmx.com","","","","","User","15 Jun 2024 (03:58:33 am)"
"user7881587727","user7881587727@gmail.com","44","7881587727","","","User","14 Jun 2024 (02:12:09 pm)"
"user45851246285","user45851246285@gmail.com","44","45851246285","","","User","14 Jun 2024 (11:16:45 am)"
"Mahipal Sir","user9257874994@gmail.com","91","9257874994","","","User","14 Jun 2024 (10:19:11 am)"
"user7727345875","user7727345875@gmail.com","44","7727345875","","","User","14 Jun 2024 (08:18:08 am)"
"Rohith Prakasan","rohithprakasan@gmail.com","91","9526660789","","","User","13 Jun 2024 (11:37:01 pm)"
"Nayphin Currusa","currusanayphin@gmail.com","255","772222221","","","User","13 Jun 2024 (09:38:58 pm)"
"user8547004647","user8547004647@gmail.com","91","8547004647","","","User","13 Jun 2024 (07:11:39 pm)"
"user7376383979","user7376383979@gmail.com","44","7376383979","","","User","13 Jun 2024 (06:58:43 pm)"
"Harjeet Singh","singhharjt2005@gmail.com","256","740560063","","","User","13 Jun 2024 (04:48:59 pm)"
"Maria Sila Dias de Assis","maconsultance@gmail.com","44","7564722285","","","User","13 Jun 2024 (01:36:42 pm)"
"Sandra Roy","sandraroy797@gmail.com","","","","","User","13 Jun 2024 (11:05:05 am)"
"Nizamudheen Nambiyadath","nizamudheennambiyadath938@gmail.com","91","9645296654","","","User","12 Jun 2024 (11:42:40 pm)"
"user17684034730","user17684034730@gmail.com","49","17684034730","","","User","12 Jun 2024 (10:31:01 pm)"
"user9645433432","user9645433432@gmail.com","91","9645433432","","","User","12 Jun 2024 (09:37:49 pm)"
"user17634331576","user17634331576@gmail.com","49","17634331576","","","User","12 Jun 2024 (08:34:41 pm)"
"gurpinder","Dhillongurpinder29@gmail.com","44","7767998608","","","User","12 Jun 2024 (08:09:34 pm)"
"Jaswinder pal","devgunjassu@gmail.com","44","7775234165","","","User","12 Jun 2024 (05:38:18 pm)"
"Manikandan","user7733247229@gmail.com","44","7733247229","","","User","12 Jun 2024 (02:57:46 pm)"
"Mohamed","samakpole@gmail.com","44","7398967690","","","User","12 Jun 2024 (02:55:47 pm)"
"Manuela","Saftiu43@gmail.com","44","7747759802","","","User","12 Jun 2024 (01:54:52 pm)"
"user9400732678","user9400732678@gmail.com","91","9400732678","","","User","12 Jun 2024 (01:24:24 pm)"
"Sorina Iuliana Maiuru","Sorinaradut@yahoo.com","40","732009297","","","User","12 Jun 2024 (01:08:24 pm)"
"Ravinder singh 7","Ravbahia@hotmail.com","44","7471598879","","","User","12 Jun 2024 (11:36:13 am)"
"LILIANA DIMITROVA","Lilianaiordanova05@gmail.com","44","7476002282","","","User","12 Jun 2024 (11:15:25 am)"
"~Nishan","ng885541@gmail.com","44","7721930573","","","User","12 Jun 2024 (11:02:31 am)"
"Baljit Kaur Parihar","pariharbaljit29@gmail.com","44","7462843401","","","User","12 Jun 2024 (10:16:03 am)"
"Sukhman singh virk","sukhmanv736@gmail.com","44","7586368975","","","User","11 Jun 2024 (09:07:21 pm)"
"MANU KEECHERIL ANIL","manuofficial1414@gmail.com","91","7510576605","","","User","11 Jun 2024 (01:59:41 pm)"
"~Ionela Dinu","Ioneladinu12345@gmail.com","44","7469160827","","","User","11 Jun 2024 (12:55:18 pm)"
"hari","user8078165762@gmail.com","91","8078165762","","","User","10 Jun 2024 (11:36:30 am)"
"Lavya Gurnani","lavyag68@gmail.com","44","7795807099","","","User","09 Jun 2024 (05:17:09 pm)"
"Yogesh Sabhadiya","Yogeshsabhadiya01@gmail.com","49","17655654243","","","User","09 Jun 2024 (02:05:59 pm)"
"Bipin Sabhadiya","Bipinsabhadiya01@gmail.com","91","9586665500","","","User","09 Jun 2024 (10:54:10 am)"
"Elena Gorpasin","Gorpasinelena@gmail.com","44","7725508915","","","User","08 Jun 2024 (10:33:21 pm)"
"Simranjit kaur 7","Simran001111786@gmail.com","44","7362315295","","","User","08 Jun 2024 (10:31:13 pm)"
"rani","Ranidevisic@gmail.com","44","7586394454","","","User","08 Jun 2024 (10:23:32 pm)"
"user7025007724","user7025007724@gmail.com","91","7025007724","","","User","08 Jun 2024 (10:06:58 pm)"
"user7407363009","user7407363009@gmail.com","44","7407363009","","","User","08 Jun 2024 (10:04:26 pm)"
"Ritish jaiswal","ritishjaiswal45@gmail.com","91","7009346030","","","User","08 Jun 2024 (09:52:53 pm)"
"user3083975167","user3083975167@gmail.com","861","3083975167","","","User","08 Jun 2024 (09:51:00 pm)"
"user17676781526","user17676781526@gmail.com","49","17676781526","","","User","08 Jun 2024 (09:48:32 pm)"
"Trupthi","user17662537647@gmail.com","49","17662537647","","","User","08 Jun 2024 (09:46:25 pm)"
"Adiba Nazneen","Adibanazneen321@gmail.com","44","7867244698","","","User","08 Jun 2024 (06:20:08 pm)"
"user17646772667","user17646772667@gmail.com","49","17646772667","","","User","08 Jun 2024 (05:53:17 pm)"
"Naitik MENDAPARA","naitik.mendapara@gmail.com","49","15904818427","","","User","08 Jun 2024 (03:28:54 pm)"
"hari krishnan vinod","harikrishnanvinod2020@gmail.com","49","15753059345","","","User","08 Jun 2024 (03:26:36 pm)"
"Adwaid Sudheer","sadwaid@gmail.com","91","9048057076","","","User","08 Jun 2024 (09:03:44 am)"
"Ranjot Singh Hans","ranjot_hans@rediffmail.com","44","7424926389","","","User","08 Jun 2024 (08:48:28 am)"
"Jishnu chandran bhuvanendran vijayakumari","Jishnuchandran025@gmail.com","49","15734330032","","","User","07 Jun 2024 (11:54:19 pm)"
"Swati D","swatiprakash07@gmail.com","91","9920698677","","","User","07 Jun 2024 (11:28:00 pm)"
"Sourav Sajikumar Rejitha","souravsajikumar2000@gmail.com","91","9539473672","","","User","07 Jun 2024 (08:36:42 pm)"
"Salma navab","Salmanavab2000@gmail.com","91","9514035174","","","User","07 Jun 2024 (08:32:28 pm)"
"Pratibha Choudhary","chaudharypratibha2426@gmail.com","44","7733591634","","","User","07 Jun 2024 (07:11:48 pm)"
"Darshan Diyora","darshandiyora125@gmail.com","49","17643822513","","","User","07 Jun 2024 (06:03:32 pm)"
"user17668400592","user17668400592@gmail.com","49","17668400592","","","User","07 Jun 2024 (06:03:07 pm)"
"Parveen LNU","parveenaus0064@gmail.com","49","1792247445","","","User","07 Jun 2024 (03:20:20 pm)"
"user15210812438","user15210812438@gmail.com","49","15210812438","","","User","06 Jun 2024 (10:09:41 pm)"
"user7767915711","Harindersingh1999singh@gmail.com","44","7767915711","","","User","06 Jun 2024 (09:31:29 pm)"
"Raheema","Iqbalrahema@gmail.com","44","7414244626","","","User","06 Jun 2024 (07:14:19 pm)"
"Marcin Tomasz Kowalski","upity121@wp.pl","44","7904248963","","","User","06 Jun 2024 (12:01:37 am)"
"antony","linstan999@gmail.com","","","","","User","05 Jun 2024 (09:07:24 pm)"
"SANJAY","user17628936200@gmail.com","49","17628936200","","","User","05 Jun 2024 (06:01:31 pm)"
"Pooja","user15219247912@gmail.com","49","15219247912","","","User","05 Jun 2024 (05:07:16 pm)"
"Nimiya Benny","user7733614838@gmail.com","44","7733614838","","","User","05 Jun 2024 (05:06:11 pm)"
"~Loveleen Sheemar","kloveleen107@gmail.com","44","7404819681","","","User","05 Jun 2024 (02:15:17 pm)"
"Praveen Prasad","praveenprasad614@gmail.com","49","15783130098","","","User","05 Jun 2024 (01:42:43 pm)"
"NicholePaw","r.hia.nn.a.c.ruzprint.i.ng@gmail.com","","","","","User","05 Jun 2024 (10:22:49 am)"
"mohamed antar","mohamedantarrr10@gmail.com","+20","1099999941","","","User","05 Jun 2024 (09:36:00 am)"
"Ramandeep","ramanhundal2822@gmail.com","91","9814853319","","","User","04 Jun 2024 (07:22:40 pm)"
"Jayalakshmi Srinivasan","ANU.SJ0203@GMAIL.COM","91","8220239259","","","User","04 Jun 2024 (02:59:42 pm)"
"Florin Dinu","fddinu@yahoo.com","44","7458993007","","","User","04 Jun 2024 (12:03:09 pm)"
"Ajay suresh","ajaysuresh1999.123@gmail.com","44","7774915582","","","User","03 Jun 2024 (11:44:49 pm)"
"Roxana Dobre","dobreroxana22@gmail.com","44","7721161972","","","User","03 Jun 2024 (11:21:25 pm)"
"Christo seby","christoseby7@gmail.com","44","7741982779","","","User","03 Jun 2024 (08:46:59 pm)"
"Pragneshkumar Narsinhbhai Upadhyay","upadhyaypragnesh@yahoo.com","44","7917027913","","","User","03 Jun 2024 (07:42:48 pm)"
"user7447177713","user7447177713@gmail.com","44","7447177713","","","User","03 Jun 2024 (07:07:09 pm)"
"Ani Velayudhan","velayudhanani@gmail.com","91","8156918755","","","User","03 Jun 2024 (05:10:31 pm)"
"user9605465663","user9605465663@gmail.com","91","9605465663","","","User","03 Jun 2024 (04:46:23 pm)"
"Devadathan Kochutharayil Anil Kumar","davadathan033@gmail.com","49","17658391102","","","User","03 Jun 2024 (10:46:32 am)"
"Aladdin Mert Lambaoglu","mertlambaoglu@yahoo.com","90","5324728744","","","User","03 Jun 2024 (10:41:50 am)"
"Kulwinder Sanghera 2","kulwi3832@gmail.com","44","7407467704","44","7456480351","User","02 Jun 2024 (12:31:51 pm)"
"user9562682068","user9562682068@gmail.com","91","9562682068","","","User","02 Jun 2024 (12:29:08 pm)"
"Silpa Satheesan","user9562106980@gmail.com","91","9562106980","","","User","02 Jun 2024 (11:49:05 am)"
"Medikonda Shiva Charan Kumar","medikondashiva9999@gmail.com","91","9553031512","","","User","01 Jun 2024 (12:53:59 pm)"
"Dragos Buia","Roscameda5@gmail.com","44","7840498232","","","User","01 Jun 2024 (12:50:34 pm)"
"Aswath","user8281760567@gmail.com","91","8281760567","","","User","31 May 2024 (09:59:01 pm)"
"amandeep kaur","amanusekham7814@gmail.com","44","7774675538","","","User","31 May 2024 (06:57:09 pm)"
"user7407388568","user7407388568@gmail.com","44","7407388568","","","User","31 May 2024 (06:00:07 pm)"
"user7407388665","user7407388665@gmail.com","44","7407388665","","","User","31 May 2024 (03:22:59 pm)"
"Kamini bawa","kaminibawa7@gmail.com","91","7973238919","","","User","31 May 2024 (02:58:05 pm)"
"George Sintim","rharbie41@gmail.com","233","262571368","","","User","30 May 2024 (10:52:56 pm)"
"Sahana Shankarappa","sahanashankar16082000@gmail.com","44","7721901650","","","User","30 May 2024 (07:09:49 pm)"
"MichaelDralm","bran.donb.ra.n.dog@gmail.com","","","","","User","30 May 2024 (06:37:53 pm)"
"Fabiola","Fabiolabucur60@gmail.com","44","7713356905","","","User","30 May 2024 (02:24:40 pm)"
"Antony","user9746973746@gmail.com","91","9746973746","","","User","29 May 2024 (11:30:14 pm)"
"Sanju","sanjukrishnasajeevan@gmail.com","91","9645151166","","","User","29 May 2024 (11:29:44 pm)"
"Tllu","tilukuriakose@gmail.com","44","7741007595","","","User","29 May 2024 (08:20:12 pm)"
"Maria Stamenova","ctamenowa@gmail.com","44","7707621767","","","User","29 May 2024 (04:57:46 pm)"
"Akhil S Joseph","akhilsjoseph@gmail.com","91","8943612636","","","User","29 May 2024 (04:05:22 pm)"
"Sahilpreet","ssangha415@gmail.com","44","7586475044","","","User","28 May 2024 (11:34:15 pm)"
"Nishant","nishant.warrgyizmorsch@gmail.com","","","","","Marketing Team","28 May 2024 (11:58:16 am)"
"Iwin","iwinshaju29@gmail.com","353","851170694","","","User","28 May 2024 (11:13:45 am)"
"Mekha","mekhaachureji@gmail.com","49","15730844850","","","User","27 May 2024 (11:04:57 pm)"
"Hareesh Babu","hareeshbabu03@gmail.com","49","15783515230","","","User","27 May 2024 (05:50:08 pm)"
"Varun Dangra","varundangra01@gmail.com","91","8015845789","","","User","27 May 2024 (04:59:02 pm)"
"user1748542843","user1748542843@gmail.com","49","1748542843","","","User","27 May 2024 (03:42:59 pm)"
"user17662140753","user17662140753@gmail.com","49","17662140753","","","User","27 May 2024 (02:50:51 pm)"
"Alvin Issac","Alvinissac@gmail.Com","49","17664845909","","","User","27 May 2024 (11:25:35 am)"
"Pranjal Jawariya","Swaroopchandela@gmail.com","91","8690776698","","","User","27 May 2024 (11:07:27 am)"
"user9781551171","user9781551171@gmail.com","91","9781551171","","","User","26 May 2024 (06:12:54 pm)"
"Ashin","user8138084338@gmail.com","91","8138084338","","","User","26 May 2024 (02:43:46 pm)"
"Aleksa","alexaprifti@gmail.com","44","7926561444","","","User","26 May 2024 (02:42:26 pm)"
"Nadiya","nadyayankova82@gmail.com","44","7551382372","","","User","26 May 2024 (02:40:36 pm)"
"Maria Cristina Pirvu","mariaberki98@gmail.com","44","7735544756","44","7380866368","User","25 May 2024 (11:10:42 pm)"
"Navdeep singh","navdeepsingh22332@gmail.com","","","","","User","25 May 2024 (08:01:18 pm)"
"Navdeep","user7586191665@gmail.com","44","7586191665","","","User","25 May 2024 (06:21:20 pm)"
"Simran kaur 77","simrankaur17518@gmail.com","44","7760444051","","","User","24 May 2024 (11:09:36 pm)"
"Riya Mary panikkasseril Nibu","riyanibu118@gmail.com","91","8129661282","","","User","24 May 2024 (06:35:57 pm)"
"Akhila Reddy","jakkuakhila@gmail.com","44","7733737840","","","User","23 May 2024 (11:38:00 pm)"
"Jayasankar","cjayasankar95@gmail.com","49","15778657179","","","User","23 May 2024 (09:30:16 pm)"
"atul sharma","atulsharma6861@gmail.com","91","6280431323","","","User","23 May 2024 (09:12:59 pm)"
"George Sintim","Salomeazeal@gmail.com","49","17627124609","","","User","23 May 2024 (06:14:41 pm)"
"Dhanya","user9899634544@gmail.com","91","9899634544","","","User","23 May 2024 (05:03:56 pm)"
"Neagu Culita","user7828300231@gmail.com","44","7828300231","","","User","23 May 2024 (04:44:21 pm)"
"Jijo","jijo141291@gmail.com","49","15237044616","","","User","23 May 2024 (04:34:13 pm)"
"JeremyRap","stw.e.r.tl.a.w1@gmail.com","","82182935714","","","User","23 May 2024 (05:38:34 am)"
"Bhart Mahajan","user9888350176@gmail.com","91","9888350176","","","User","22 May 2024 (11:08:26 pm)"
"Lorica","user7462937288@gmail.com","44","7462937288","","","User","22 May 2024 (10:52:06 pm)"
"Ajish","user1778275880@gmail.com","49","1778275880","","","User","22 May 2024 (09:05:52 pm)"
"Dominik Hrnciar","user7951168246@gmail.com","44","7951168246","","","User","22 May 2024 (07:00:59 pm)"
"Jacy","elizandrabiagi23@gmail.com","44","7561664234","","","User","22 May 2024 (06:55:38 pm)"
"Okine Abubakari Aryee","okineabubakar@gmail.com","49","1633041809","","","User","22 May 2024 (03:15:54 pm)"
"Ankyancacostin23@yahoo.com","ancacostin23@yahoo.com","44","7999918706","","","User","22 May 2024 (03:07:59 pm)"
"Jashwin punyani","Jashipunyani1997@gmail.com","91","8427384040","","","User","22 May 2024 (01:46:14 pm)"
"mahipal singh","singhmahipasl23@gmail.com","","","","","Unknown","22 May 2024 (12:23:29 pm)"
"user9895115651","user9895115651@gmail.com","91","9895115651","","","User","22 May 2024 (11:04:26 am)"
"Komalpreet Kaur","Komalpreet9087@gmail.com","91","7009925086","","","User","22 May 2024 (10:47:10 am)"
"Sravanthi Kannaganti","sravanthikanneganti69@gmail.com","44","7909033614","","","User","21 May 2024 (11:24:12 pm)"
"Ventaka Jagdesh Podatharapu","jadeshjaggu9912@gmail.com","44","7900562801","","","User","21 May 2024 (10:25:07 pm)"
"Goutham Veeraboina","goutham99.v@gmail.com","44","7448293824","","","User","21 May 2024 (10:24:34 pm)"
"Mallika Otturu","Omallikayadav@gmail.com","44","7423134580","","","User","21 May 2024 (10:23:58 pm)"
"Meesala.Bhavani","bhavanimeesala@hotmail.com","44","7300657947","","","User","21 May 2024 (10:23:28 pm)"
"Manjinder kaur","kaur.mani98774@gmail.com","44","7405600638","","","User","21 May 2024 (10:10:00 pm)"
"Githil","kripasubramanyan@gmail.com","91","8301027380","","","User","21 May 2024 (04:33:40 pm)"
"Ioana Mirela Dragomir","vshioana2001@yahoo.com","44","7478411191","","","User","21 May 2024 (03:43:33 pm)"
"Sruthi Madanu","sruthimadanu222@gmail.com","44","7300657942","","","User","21 May 2024 (03:07:57 pm)"
"Adriana stoief","stoiefadriana16@gmail.com","40","765477774","","","User","21 May 2024 (02:57:55 pm)"
"Robert Cristian Ciumberica","cristianrobert33@gmail.com","44","7719841842","","","User","21 May 2024 (02:20:32 pm)"
"JERIN V LUKOSE","user17684219025@gmail.com","49","17684219025","","","User","20 May 2024 (05:56:36 pm)"
"Sorin bistrean","sorinbistrean31@gmail.com","44","7458685324","","","User","20 May 2024 (05:52:04 pm)"
"Manpreet kumari","kumari255manpreet@gmail.com","","","","","User","20 May 2024 (01:08:11 pm)"
"Luminita Cucuruzac","ursac.luminita@gmail.com","44","7588054241","","","User","20 May 2024 (11:38:59 am)"
"ThomasNuh","la.nc.el.o.t.898.99.8.98@gmail.com","","","","","User","19 May 2024 (04:38:38 pm)"
"Anjaly Vijayan","dr.anjalyvijayan92@gmail.com","49","17681124785","","","User","19 May 2024 (01:43:59 pm)"
"Nabeel Abbas","ashishpauljames007@gmail.com","49","17632147340","","","User","18 May 2024 (09:25:25 pm)"
"Gurpreet chandi","user6476272716@gmail.com","1","6476272716","","","User","18 May 2024 (07:11:00 pm)"
"Sachin Pandrappa Chandrakanth Raju","sachinpandrapparaju@gmail.com","91","9632548557","","","User","18 May 2024 (12:34:32 pm)"
"ansh@gmail.com","ansh@gmail.com","+44","1234567890","","","User","18 May 2024 (09:33:08 am)"
"Jasdeep Singh Bajwa","puneetbajwa67@gmail.com","44","7823813917","","","User","18 May 2024 (08:12:05 am)"
"Fenu Abraham","user15771419597@gmail.com","49","15771419597","","","User","17 May 2024 (07:36:25 pm)"
"Saeedah","user8022537182@gmail.com","234","8022537182","","","User","17 May 2024 (07:31:50 pm)"
"Shweta","kumar2023shweta@gmail.com","91","9969398089","","","User","17 May 2024 (06:46:16 pm)"
"Sam Simon","sam3simon2000@gmail.com","44","7776646262","","","User","17 May 2024 (06:20:24 pm)"
"Vipin varavatoor","vipinvv1996@gmail.com","44","7741499236","","","User","17 May 2024 (06:13:56 pm)"
"captcha","captcha@gmail.com","","","","","User","17 May 2024 (05:49:54 am)"
"SVwTPxMyge","beasley.melissa@gmail.com","","","","","User","17 May 2024 (04:12:33 am)"
"wtdXuxaWGPLS","ellenantman@gmail.com","","","","","User","17 May 2024 (03:34:44 am)"
"fsBzqiRagAXxpUcn","cara.c.moore@gmail.com","","","","","User","17 May 2024 (03:22:23 am)"
"ktWMsFQUoIN","johnfranchina@gmail.com","","","","","User","17 May 2024 (02:58:34 am)"
"FJEKApXmudItcWkT","kevinsegura92@gmail.com","","","","","User","17 May 2024 (02:27:09 am)"
"fGoFrJqwCXZvxdNE","btmalibu39@gmail.com","","","","","User","17 May 2024 (02:12:38 am)"
"TIFSnOYyED","evan.campbell201@gmail.com","","","","","User","17 May 2024 (02:10:41 am)"
"EOBYnvgH","an623wint@gmail.com","","","","","User","17 May 2024 (01:36:11 am)"
"fdqVWQntjwcervJ","shagnersmail@gmail.com","","","","","User","17 May 2024 (01:31:28 am)"
"VbBEfsjYURzCtW","tinktink100.jc@gmail.com","","","","","User","17 May 2024 (01:27:52 am)"
"cIvTMxlLy","drmitesh74@gmail.com","","","","","User","17 May 2024 (01:12:31 am)"
"WuwCRKmxHizjIMv","bhalinderbedi@gmail.com","","","","","User","17 May 2024 (01:11:24 am)"
"YlxbGnVtkPQ","homlysultan@gmail.com","","","","","User","17 May 2024 (12:51:11 am)"
"BRcPdqXlyfU","celinedam110@gmail.com","","","","","User","17 May 2024 (12:50:47 am)"
"WnuBSRQpXTUrcYDf","uupradeep@gmail.com","","","","","User","17 May 2024 (12:47:53 am)"
"JnNHjICkPQUA","tmmsnyder@gmail.com","","","","","User","17 May 2024 (12:46:11 am)"
"NZdAbMsToGP","derbylav1030@gmail.com","","","","","User","17 May 2024 (12:26:32 am)"
"ScJYQkAnfmTy","clarencerod543@gmail.com","","","","","User","17 May 2024 (12:25:51 am)"
"VwkldOmiT","asnergelin@gmail.com","","","","","User","17 May 2024 (12:22:27 am)"
"SUFulCwRWqJxneT","kylelane9217@gmail.com","","","","","User","17 May 2024 (12:19:57 am)"
"ndOCZYQKTx","nashbilbrey5@gmail.com","","","","","User","17 May 2024 (12:03:48 am)"
"xzqTaBjXD","pvecchione26@gmail.com","","","","","User","17 May 2024 (12:03:44 am)"
"xGMwWiLPo","babygirlranyia08@gmail.com","","","","","User","16 May 2024 (11:52:39 pm)"
"FAOCiSgon","laura.amanda18@gmail.com","","","","","User","16 May 2024 (11:51:50 pm)"
"TpOLNsxSZ","caprisuncrafter@gmail.com","","","","","User","16 May 2024 (11:42:16 pm)"
"EyasqVuxrJwGKMtQ","michaelcolameta@gmail.com","","","","","User","16 May 2024 (11:41:08 pm)"
"sqKPYkHFZCnm","charleshstephenson@gmail.com","","","","","User","16 May 2024 (11:39:28 pm)"
"PjlovwBkGbEZR","shiraz.casseer@gmail.com","","","","","User","16 May 2024 (11:19:11 pm)"
"gUQxVnsDoOwu","amolrs@gmail.com","","","","","User","16 May 2024 (10:32:41 pm)"
"NzCvVpSWOQxs","emmanuelarevalo11@gmail.com","","","","","User","16 May 2024 (10:26:36 pm)"
"IRzwpWDvSgeEmG","rattkatt58@gmail.com","","","","","User","16 May 2024 (10:10:08 pm)"
"gCGvjNcBRmt","lambcosales@gmail.com","","","","","User","16 May 2024 (10:05:17 pm)"
"QXetnYUwhzICBqri","lcsuwansupa@gmail.com","","","","","User","16 May 2024 (09:58:23 pm)"
"GByLWsliPzkr","lizziefunnellxo@gmail.com","","","","","User","16 May 2024 (09:43:08 pm)"
"Donia Jesintha","doniababu14102000@gmail.com","49","17679079228","","","User","16 May 2024 (09:27:43 pm)"
"LTmbMRqiZFCla","mikecordero561@gmail.com","","","","","User","16 May 2024 (08:43:51 pm)"
"AXDOeIhaBwFiTZm","quannjones@gmail.com","","","","","User","16 May 2024 (08:10:05 pm)"
"SuajmvTBP","kryshugo3@gmail.com","","","","","User","16 May 2024 (07:58:51 pm)"
"OWcdRCLjDmVTM","jm9500050@gmail.com","","","","","User","16 May 2024 (07:55:21 pm)"
"yQjvxXnRFf","talicialarson@gmail.com","","","","","User","16 May 2024 (07:24:38 pm)"
"bvazLQRuiA","trkthomas.j@gmail.com","","","","","User","16 May 2024 (07:17:28 pm)"
"VDwCLXsuOMIahg","nikkiawuor101@gmail.com","","","","","User","16 May 2024 (07:07:23 pm)"
"Abin","abinjoshy950@gmail.com","44","7442548027","","","User","16 May 2024 (07:03:24 pm)"
"LEGmNudgJPo","sean.c.koshy@gmail.com","","","","","User","16 May 2024 (07:01:44 pm)"
"ByiZFCkMYL","bhogadi.dhatri97@gmail.com","","","","","User","16 May 2024 (06:55:13 pm)"
"KqQxkBfSGECdw","abigailjunegarcia@gmail.com","","","","","User","16 May 2024 (06:47:27 pm)"
"vIeKkuDgTpMXCtaf","miguelbrb@gmail.com","","","","","User","16 May 2024 (06:46:47 pm)"
"KxEdIFBYAqR","mjv7460@gmail.com","","","","","User","16 May 2024 (06:41:03 pm)"
"ezcyfNgQEPiMr","gordolife88@gmail.com","","","","","User","16 May 2024 (06:38:55 pm)"
"kNFfovgOYwLaPH","faintacy@gmail.com","","","","","User","16 May 2024 (06:32:55 pm)"
"NSVIFJOH","nixiebng@gmail.com","","","","","User","16 May 2024 (05:59:21 pm)"
"sUbnqAivyOdRTpt","amandawilliams5912@gmail.com","","","","","User","16 May 2024 (05:56:01 pm)"
"eUDcryQuLthM","fnf4206@gmail.com","","","","","User","16 May 2024 (05:46:28 pm)"
"SgGQOniXT","taylorbrian6960@yahoo.com","","","","","User","16 May 2024 (05:18:59 pm)"
"YTCefBHlv","otisdawson706@gmail.com","","","","","User","16 May 2024 (05:13:18 pm)"
"NowMyEeXYgVDJ","thedanald@gmail.com","","","","","User","16 May 2024 (05:08:50 pm)"
"xrDUZdHqzOoTeCkc","meanypantsranch@gmail.com","","","","","User","16 May 2024 (04:50:12 pm)"
"FxuCHTQc","ashlbj@gmail.com","","","","","User","16 May 2024 (04:42:33 pm)"
"seKupAgaV","daisydgr@gmail.com","","","","","User","16 May 2024 (04:36:58 pm)"
"hkYXjxFCqwfWTVRU","jacobwbrown10@gmail.com","","","","","User","16 May 2024 (04:31:08 pm)"
"jNgQeLtHaZxfB","janet.goszyk@gmail.com","","","","","User","16 May 2024 (04:06:23 pm)"
"tbYazXGSUkFLvxwD","gogo.athanasopulos@gmail.com","","","","","User","16 May 2024 (03:56:42 pm)"
"uXqgBTpRC","yosofmutairy2211@gmail.com","","","","","User","16 May 2024 (03:49:15 pm)"
"DqEkmrKLBwAtZ","guerrerosilva91@gmail.com","","","","","User","16 May 2024 (03:32:15 pm)"
"PizKtydLOUBpAe","tayvian02@gmail.com","","","","","User","16 May 2024 (03:27:33 pm)"
"KaOJzjIc","ethanhirschowitz@gmail.com","","","","","User","16 May 2024 (03:19:42 pm)"
"hKbwyOIRVauU","deyonnaparker90@gmail.com","","","","","User","16 May 2024 (03:15:52 pm)"
"CEPxZKerRG","grace.merki@gmail.com","","","","","User","16 May 2024 (03:04:53 pm)"
"kvQgMirDdKjJVNBW","jaredsteen@gmail.com","","","","","User","16 May 2024 (03:01:20 pm)"
"TYXrZNjbE","bettcher.dan1984@yahoo.com","","","","","User","16 May 2024 (02:52:01 pm)"
"cuOCRFTArlPMGD","sitdikov85aidar@gmail.com","","","","","User","16 May 2024 (02:41:27 pm)"
"IvOBpsZuVlFh","katherinedieker42@gmail.com","","","","","User","16 May 2024 (02:22:30 pm)"
"KOeHNwrZMGTuzbx","matthewe1031@gmail.com","","","","","User","16 May 2024 (02:15:52 pm)"
"DVtAYBuxoOLqCmIQ","jones.tiffany1783@gmail.com","","","","","User","16 May 2024 (02:03:45 pm)"
"xPnSXYfBOUaHLq","amcclain0520@gmail.com","","","","","User","16 May 2024 (02:01:20 pm)"
"ARXNbtBimeYojg","bolishon@gmail.com","","","","","User","16 May 2024 (02:00:46 pm)"
"migdeace","bancreholi@mail3go.online","","","","","User","16 May 2024 (01:37:57 pm)"
"OrIdBNeRw","michelle513michelle@gmail.com","","","","","User","16 May 2024 (01:36:44 pm)"
"qQybPDYMBAtLrXxO","harleysoto9@gmail.com","","","","","User","16 May 2024 (01:34:59 pm)"
"WEFMbxTpauXNmVUj","bol.bangich@gmail.com","","","","","User","16 May 2024 (01:27:47 pm)"
"WubtTzEOpjni","mottu44@gmail.com","","","","","User","16 May 2024 (12:54:51 pm)"
"uxmnqDIXRpf","sivaramdr@gmail.com","","","","","User","16 May 2024 (12:53:08 pm)"
"nGtxSIhX","akki.saini88@gmail.com","","","","","User","16 May 2024 (12:52:33 pm)"
"UKAZdbuJQO","urijfrejmut@gmail.com","","","","","User","16 May 2024 (12:37:39 pm)"
"user1144460997","user1144460997@gmail.com","20","1144460997","","","User","16 May 2024 (12:31:07 pm)"
"oSjrtnlUKEYXv","yahimalewis21@gmail.com","","","","","User","16 May 2024 (12:27:11 pm)"
"kmHCDbSlpqX","seungho1121@gmail.com","","","","","User","16 May 2024 (11:44:20 am)"
"HKpQzyhgwxiejMCW","anderson_christine1982@yahoo.com","","","","","User","16 May 2024 (11:05:39 am)"
"lOpnyIzR","davybruno373@gmail.com","","","","","User","16 May 2024 (11:02:26 am)"
"dGfpyUTA","fyrcheef100@gmail.com","","","","","User","16 May 2024 (10:59:14 am)"
"qIcBezQYFOrThLUJ","jose44282511@gmail.com","","","","","User","16 May 2024 (10:57:19 am)"
"uRmirhOUGJlXNcj","jkbartley1988@gmail.com","","","","","User","16 May 2024 (09:50:29 am)"
"DZTwiXUnIhdFEtW","leslie.thomas1982@yahoo.com","","","","","User","16 May 2024 (09:49:13 am)"
"jaVuKowbNC","sentanta@gmail.com","","","","","User","16 May 2024 (09:21:32 am)"
"MUbrYhvAK","deb.harvey1234@gmail.com","","","","","User","16 May 2024 (09:09:13 am)"
"ILPXCuExANpvwtea","sfaillace@gmail.com","","","","","User","16 May 2024 (07:44:15 am)"
"QRJqhOSsZAgm","lweathersby75@gmail.com","","","","","User","16 May 2024 (06:50:32 am)"
"BqgPkFvbHoIDA","nini8620@gmail.com","","","","","User","16 May 2024 (06:36:22 am)"
"TxBXfHOCE","mizajlovasvetlana1@gmail.com","","","","","User","16 May 2024 (06:19:07 am)"
"CHOtMBzASpu","blakemmurphy@gmail.com","","","","","User","16 May 2024 (05:08:09 am)"
"AgpSTeshmGo","ronaldrobinson13@gmail.com","","","","","User","16 May 2024 (04:47:38 am)"
"LlheHXnWJUiy","jerilynne1966@gmail.com","","","","","User","16 May 2024 (04:43:45 am)"
"FkPJtOINnw","donna.vello@gmail.com","","","","","User","16 May 2024 (04:41:54 am)"
"OFSoZUTuPveDnsEY","zackaryfwilliamson@gmail.com","","","","","User","16 May 2024 (04:32:20 am)"
"yjVUiRqsnFJDpCE","sjlucas70@gmail.com","","","","","User","16 May 2024 (02:51:25 am)"
"xaYZchPHSTl","lnagel4@gmail.com","","","","","User","16 May 2024 (02:48:12 am)"
"IwzViexuQjTDmNdt","pthomasel@gmail.com","","","","","User","16 May 2024 (02:40:31 am)"
"fMsBJhey","limniosirr5@gmail.com","","","","","User","16 May 2024 (02:08:32 am)"
"usQkjWHvpUBXmb","mkdm0205@gmail.com","","","","","User","16 May 2024 (01:53:11 am)"
"fwbTHylaX","matt.spicer1@gmail.com","","","","","User","16 May 2024 (01:46:48 am)"
"BYuvMQCOGyJPU","bonzee06@gmail.com","","","","","User","16 May 2024 (01:32:56 am)"
"OJbGTDHVx","ecooper0812@gmail.com","","","","","User","16 May 2024 (01:31:07 am)"
"bfrHpgLKiGT","joshgonzalez708@gmail.com","","","","","User","16 May 2024 (01:28:43 am)"
"VQJXSKLwkEtO","britttheclark@gmail.com","","","","","User","16 May 2024 (01:28:00 am)"
"LnbwIOUXsahuE","thenamesmelissa325@gmail.com","","","","","User","16 May 2024 (01:17:40 am)"
"fvlKcHknLMCyTIiS","emiles2023@gmail.com","","","","","User","16 May 2024 (01:16:39 am)"
"GbhVqslnRzrLIfp","brasoncarouth@gmail.com","","","","","User","16 May 2024 (01:11:05 am)"
"UHYqKkBwtflQnjL","karlasoza.nicaragua@gmail.com","","","","","User","16 May 2024 (12:36:38 am)"
"qraOmLxjgo","brent.negativeions@gmail.com","","","","","User","16 May 2024 (12:28:59 am)"
"wpVbTYRlMBh","upemjeks@gmail.com","","","","","User","15 May 2024 (11:49:52 pm)"
"XDzZcONF","alecialnelson@gmail.com","","","","","User","15 May 2024 (11:49:48 pm)"
"ZksioIbYWVdgU","gatoinva13@gmail.com","","","","","User","15 May 2024 (11:46:50 pm)"
"XgVuJYOoBqe","manueljpz01@gmail.com","","","","","User","15 May 2024 (11:45:25 pm)"
"GCrdjEDH","silvergran001@gmail.com","","","","","User","15 May 2024 (11:33:05 pm)"
"kJbsDaEI","jgerhart@gmail.com","","","","","User","15 May 2024 (11:29:41 pm)"
"gHVzsAdr","pareshmutha1972@gmail.com","","","","","User","15 May 2024 (11:28:43 pm)"
"FSyrwAjXxZJhY","tebow017@gmail.com","","","","","User","15 May 2024 (11:14:36 pm)"
"bEDTOUpIqGyMgFKz","mrdavies6@gmail.com","","","","","User","15 May 2024 (11:03:08 pm)"
"CethloKM","cameronlirondelle@gmail.com","","","","","User","15 May 2024 (10:55:59 pm)"
"dIFfySHCBgtehx","georgewelly@gmail.com","","","","","User","15 May 2024 (10:43:11 pm)"
"NnQqhPSZxAjzeEBi","robkodi98@gmail.com","","","","","User","15 May 2024 (10:34:29 pm)"
"MUZXqFbzWE","ernestpacu@gmail.com","","","","","User","15 May 2024 (10:20:13 pm)"
"IFVJasNqEOPlhLc","treysmith79@gmail.com","","","","","User","15 May 2024 (10:18:55 pm)"
"aTkINMvculJZQoxb","plevinal@gmail.com","","","","","User","15 May 2024 (10:18:01 pm)"
"Nicki Berry","FAITHOSA15@GMAIL.COM","353","892391270","","","User","04 Jul 2024 (07:12:55 am)"
"hkHzwtgXJlMfON","tpaulson2012@gmail.com","","","","","User","15 May 2024 (10:07:55 pm)"
"tdFevyWcDZVLxPM","avcorning@gmail.com","","","","","User","15 May 2024 (09:46:43 pm)"
"DFjRqzwELnsracd","duncan.annavik02@gmail.com","","","","","User","15 May 2024 (09:44:23 pm)"
"DlkqePCWYtfwdMK","xxbarbesfeld@gmail.com","","","","","User","15 May 2024 (09:41:00 pm)"
"IkpcVPiCg","salmanson@gmail.com","","","","","User","15 May 2024 (09:20:51 pm)"
"bBYXoqKsOcT","padams56913@gmail.com","","","","","User","15 May 2024 (09:11:20 pm)"
"bYNjpOsSwAxokhZ","tyocum5@gmail.com","","","","","User","15 May 2024 (09:02:44 pm)"
"LprZdkHYUVjMy","legallydon@gmail.com","","","","","User","15 May 2024 (09:00:44 pm)"
"eYRmPDVbrSTMw","chicago07@gmail.com","","","","","User","15 May 2024 (08:58:22 pm)"
"YQMzSdTNZjX","wongcarl32@gmail.com","","","","","User","15 May 2024 (08:55:52 pm)"
"aeCyjVUkprcXHODY","tyjohnson.ty11@gmail.com","","","","","User","15 May 2024 (08:55:04 pm)"
"xSKGvQXDhJrMC","svdbcentman@gmail.com","","","","","User","15 May 2024 (08:52:35 pm)"
"Sinziana Ionela Munteanu","munteanusinziana24@gmail.com","44","7771792008","","","User","15 May 2024 (08:46:31 pm)"
"user8054536596","user8054536596@gmail.com","91","8054536596","","","User","15 May 2024 (08:34:15 pm)"
"novlwjKfPeZWsXk","sandlin.mandy@gmail.com","","","","","User","15 May 2024 (07:59:20 pm)"
"bUrMhDQpg","buetler@gmail.com","","","","","User","15 May 2024 (07:43:47 pm)"
"jTUnPqCrAhd","kimkotch@gmail.com","","","","","User","15 May 2024 (07:40:33 pm)"
"VKzcufngMGsCkJB","carchelladurai@gmail.com","","","","","User","15 May 2024 (07:34:07 pm)"
"VOsXBTYPoRQqC","awadconstructiongroup@gmail.com","","","","","User","15 May 2024 (07:33:33 pm)"
"lnwfqbGuaSKA","lordiam4you.a.l.o.n.e@gmail.com","","","","","User","15 May 2024 (07:20:30 pm)"
"WFMsOEJeKhxnpmP","allycravens32@gmail.com","","","","","User","15 May 2024 (07:19:46 pm)"
"RmhnCigGWFcQfXj","davidsadele@gmail.com","","","","","User","15 May 2024 (07:17:18 pm)"
"NKVsFpySw","ivers.erik@gmail.com","","","","","User","15 May 2024 (07:10:09 pm)"
"ERJHZbFVYdc","tina.kraus11@gmail.com","","","","","User","15 May 2024 (07:06:13 pm)"
"RLWxpogjkt","mlscalf78@gmail.com","","","","","User","15 May 2024 (06:54:45 pm)"
"zTYfGUyuNKmeDknx","southwestrealty@gmail.com","","","","","User","15 May 2024 (06:51:33 pm)"
"TdoLFHijSPxa","tarrak123@gmail.com","","","","","User","15 May 2024 (06:43:39 pm)"
"gDlFcHRin","frank3730@gmail.com","","","","","User","15 May 2024 (06:35:34 pm)"
"fAZjshHcLGE","kwankwong@gmail.com","","","","","User","15 May 2024 (06:26:00 pm)"
"rKPSWBzAZVJTaHFi","epicsnipe101@gmail.com","","","","","User","15 May 2024 (06:03:12 pm)"
"GsDFOYQzhaPv","cameromichael@gmail.com","","","","","User","15 May 2024 (05:52:36 pm)"
"pqgWxZMIdSaviBP","asha0hassan@gmail.com","","","","","User","15 May 2024 (05:49:19 pm)"
"PSsbhMuayWq","collinh321@gmail.com","","","","","User","15 May 2024 (05:24:43 pm)"
"GAlbhJZoIfak","namanvarma.aa@gmail.com","","","","","User","15 May 2024 (05:16:23 pm)"
"FXVnDEpjhdr","daniellelarrabee90@gmail.com","","","","","User","15 May 2024 (04:53:06 pm)"
"SNtFhYGnLZHpOcsA","poole.denzel@gmail.com","","","","","User","15 May 2024 (04:39:15 pm)"
"user7466447796","user7466447796@gmail.com","44","7466447796","","","User","15 May 2024 (04:39:06 pm)"
"hYyWgOceFSGN","gabrielle.schmidt13@gmail.com","","","","","User","15 May 2024 (04:36:42 pm)"
"RxvLIVkPrDMYGonA","lloydjolsen@gmail.com","","","","","User","15 May 2024 (04:32:45 pm)"
"WYtwGVTOqyprv","michaelroberts657@gmail.com","","","","","User","15 May 2024 (04:26:36 pm)"
"fEliSaJHA","andrewjamesryan86@gmail.com","","","","","User","15 May 2024 (04:21:13 pm)"
"qrXehwWxVDC","keepthemeyesopen@gmail.com","","","","","User","15 May 2024 (04:16:14 pm)"
"puLxCdIEURW","christophenolden@gmail.com","","","","","User","15 May 2024 (04:07:18 pm)"
"qdFNaLhEk","michellerodriguez2364@yahoo.com","","","","","User","15 May 2024 (04:04:14 pm)"
"fjTPZycuwHCgGda","bsellers0521@gmail.com","","","","","User","15 May 2024 (03:52:36 pm)"
"sWXmYkzwBFIr","kristiehaines115@gmail.com","","","","","User","15 May 2024 (03:49:17 pm)"
"kySVPJULQ","gamellmonique@gmail.com","","","","","User","15 May 2024 (03:35:16 pm)"
"COQriUedskwWDt","davidgcoughlin@gmail.com","","","","","User","15 May 2024 (03:23:58 pm)"
"user7438319183","Mkundu2r@gmail.com","44","7438319183","","","User","15 May 2024 (03:23:41 pm)"
"zTeWcQju","mabobakar@gmail.com","","","","","User","15 May 2024 (03:20:53 pm)"
"nIykENTHB","angelbelle6@gmail.com","","","","","User","15 May 2024 (03:17:27 pm)"
"MHoLngtDXFzBGWO","amateiscody@gmail.com","","","","","User","15 May 2024 (03:04:29 pm)"
"CuBZjswNnTiEg","lisabethcalvo@gmail.com","","","","","User","15 May 2024 (03:00:57 pm)"
"YryeFdqufAJ","albymar67@gmail.com","","","","","User","15 May 2024 (02:54:38 pm)"
"KLnHUlJuerWAaTpq","marynewstrom6294@gmail.com","","","","","User","15 May 2024 (02:37:13 pm)"
"ePBjNZOpTtycSd","rmakan@gmail.com","","","","","User","15 May 2024 (02:24:40 pm)"
"hLSyYjHwUDgr","ekaterinakemenova6@gmail.com","","","","","User","15 May 2024 (02:09:46 pm)"
"dlPcTIahDts","hunterschertz14@gmail.com","","","","","User","15 May 2024 (01:50:09 pm)"
"LdiyjMegpBED","12evareb@gmail.com","","","","","User","15 May 2024 (01:30:38 pm)"
"CUBSaigAYVWohnw","robynmeek07@gmail.com","","","","","User","15 May 2024 (01:29:19 pm)"
"Monika petcu","monikkaa46@gmail.com","44","7754029833","","","User","15 May 2024 (01:25:46 pm)"
"NtaKcVigbPZDsSF","koupemccullough84@gmail.com","","","","","User","15 May 2024 (01:24:27 pm)"
"NJXwaBORzZPbKFQ","georgiy.dymov@gmail.com","","","","","User","15 May 2024 (12:34:18 pm)"
"user15788728742","user15788728742@gmail.com","49","15788728742","","","User","15 May 2024 (12:29:20 pm)"
"gBArjnMX","pioneer.northport@gmail.com","","","","","User","15 May 2024 (12:23:07 pm)"
"RzsktmJEUxKaeI","mmlipsker@gmail.com","","","","","User","15 May 2024 (11:42:05 am)"
"qCzvfVcmhgMNYUF","ihara.masayoshi@gmail.com","","","","","User","15 May 2024 (11:18:27 am)"
"CKuLJZfPpIOS","anshviklaw@gmail.com","","","","","User","15 May 2024 (11:08:55 am)"
"dmUrfTDpxyEVjkWw","abigailyasgur@gmail.com","","","","","User","15 May 2024 (10:58:56 am)"
"VvJFbDdPRSCHTiZl","kysdav17@gmail.com","","","","","User","15 May 2024 (10:51:39 am)"
"VZBYiUuqoM","msd3zzi@gmail.com","","","","","User","15 May 2024 (10:46:26 am)"
"fvHEyMtqA","playswithfish@gmail.com","","","","","User","15 May 2024 (10:27:40 am)"
"YBGHzsTlE","assata.walker17@gmail.com","","","","","User","15 May 2024 (10:02:09 am)"
"TJNUktlFin","moxovaelena20130504@gmail.com","","","","","User","15 May 2024 (08:38:08 am)"
"bqJopaVAI","wardverine@gmail.com","","","","","User","15 May 2024 (08:11:20 am)"
"qiuKESyvVP","noriyukitanaka511@gmail.com","","","","","User","15 May 2024 (07:55:23 am)"
"izWtXZSJOxR","glen_gonzalez2000@yahoo.com","","","","","User","15 May 2024 (07:33:29 am)"
"iMSybsDnRfQB","jessicawil73@gmail.com","","","","","User","15 May 2024 (07:30:11 am)"
"Self shubham","Selfshubham@warrgyizmorsch.com","","","","","Sub Writer","15 May 2024 (07:08:01 am)"
"Awra","user7488952153@gmail.com","44","7488952153","","","User","14 May 2024 (11:25:13 pm)"
"Irine Ani","Irineani06@gmail.com","49","17684218898","","","User","14 May 2024 (10:26:44 am)"
"user7448622253","Alina.bara88@gmail.com","44","7448622253","","","User","13 May 2024 (01:51:25 pm)"
"Mohit","Mohit.katyal@ymail.com","44","7852895291","","","User","12 May 2024 (09:21:11 pm)"
"Prabhjot","Kjotprabh8800@gmail.com","44","7487374937","","","User","12 May 2024 (09:20:47 pm)"
"user7562286427","1995monika786@gmail.com","44","7562286427","","","User","12 May 2024 (06:32:00 pm)"
"user406510308","user406510308@gmail.com","61","406510308","","","User","12 May 2024 (05:29:27 pm)"
"Rachana kumbhar","rachanakumbhar@gmail.com","91","9766003088","","","User","12 May 2024 (03:25:29 pm)"
"Mihai Silviu Simon","simon.mihai.silviu@gmail.com","44","7897616789","","","User","11 May 2024 (12:16:54 pm)"
"Amandeep Kaur","amandk451@gmail.com","44","7424851432","","","User","10 May 2024 (07:58:01 pm)"
"Dilera Kavi","dilera221mi@gmail.com","44","7393108056","","","User","10 May 2024 (06:54:27 pm)"
"Dolwin Cherupilly Benny","dolwincbenny@gmail.com","44","7587773196","","","User","09 May 2024 (01:18:24 pm)"
"Davinder","user55320@gmail.com","44","7438055320","","","User","08 May 2024 (11:37:56 pm)"
"Saurabh Malan","saurabhmalan@gmail.com","44","7767366805","","","User","08 May 2024 (10:58:13 pm)"
"pardeep kaur 740","dk2187057@gmail.com","44","7407326435","","","User","08 May 2024 (09:11:21 pm)"
"Ogechukwu Anastesia Aguh","shantelcynthia125@gmail.com","234","9094258095","","","User","08 May 2024 (09:09:30 pm)"
"Lovepreet Kaur chauhan","lovepreetkaurchauhan065@gmail.com","44","7466572158","","","User","07 May 2024 (09:33:59 pm)"
"Robin Chahal","rupindersarao88812@gmail.com","44","7767976867","","","User","07 May 2024 (09:29:27 pm)"
"Sharmela shajahan","Sharmelasha717@gmail.com","49","16099805095","","","User","07 May 2024 (09:12:37 pm)"
"user7467587496","user7467587496@gmail.com","44","7467587496","","","User","07 May 2024 (09:05:27 pm)"
"user9880432602","user9880432602@gmail.com","91","9880432602","","","User","07 May 2024 (03:01:31 pm)"
"user9849895750","user9849895750@gmail.com","977","9849895750","","","User","07 May 2024 (02:05:19 pm)"
"user17663476191","user17663476191@gmail.com","49","17663476191","","","User","07 May 2024 (08:37:53 am)"
"Harpreet kaur","preetsandhu1728@gmail.com","44","7384101929","","","User","07 May 2024 (07:14:33 am)"
"Dony thomas","donythomasabraham007@gmail.com","44","7587752637","","","User","06 May 2024 (11:13:53 pm)"
"Favor Wosu","markobiora@yahoo.com","44","7563252954","","","User","06 May 2024 (11:02:05 pm)"
"Elena Mihalcea","x.hellen99@gmail.com","44","7799180105","","","User","06 May 2024 (09:18:56 pm)"
"Katarzyna Malek","malakasia94@outlook.com","44","7438911512","","","User","06 May 2024 (09:16:45 pm)"
"Favour Wosu","favournwosu300@yahoo.com","+44","+44 7563 252954","","","User","06 May 2024 (06:44:09 pm)"
"user7407714281","user7407714281@gmail.com","44","7407714281","","","User","06 May 2024 (03:12:39 pm)"
"Manu rattan","rattanmanu1994@gmail.com","44","7748345991","","","User","06 May 2024 (11:12:48 am)"
"Tamanna Bains","tamannabains4003@gmail.com","91","9034984003","","","User","06 May 2024 (10:47:33 am)"
"Prabh sandhu","User95263@Gmailcom","44","7956195263","","","User","04 May 2024 (08:00:22 pm)"
"Shiwani Shiwani","Shiwani1703@gmail.com","44","7741987372","","","User","03 May 2024 (10:06:50 pm)"
"Kartikey panwar","kartikeypanwar200@gmail.com","91","8126752278","","","User","03 May 2024 (09:56:12 pm)"
"user7463000039","user7463000039@gmail.com","44","7463000039","","","User","02 May 2024 (11:47:42 pm)"
"Upasna Upal","upasna2202@gmail.com","44","7407734675","","","User","02 May 2024 (11:17:41 pm)"
"Milanka Radovica","Radovich.milanka@gmail.com","44","7926417224","","","User","01 May 2024 (11:32:41 pm)"
"Nicoleta arcaleanu","arcaleanun@yahoo.com","44","7862777927","","","User","01 May 2024 (09:37:30 pm)"
"user9428776846","user9428776846@gmail.com","91","9428776846","","","User","01 May 2024 (09:37:10 pm)"
"Vishnu Mini Vijayakumar","vishnumini00@gmail.com","91","6238852557","","","User","01 May 2024 (08:36:10 pm)"
"user7453510787","user7453510787@gmail.com","44","7453510787","","","User","01 May 2024 (08:17:11 pm)"
"user9465594177","user9465594177@gmail.com","91","9465594177","","","User","01 May 2024 (06:53:14 pm)"
"user7445108616","hk477178@gmail.com","44","7445108616","","","User","01 May 2024 (02:55:59 pm)"
"user1792293584","user1792293584@gmail.com","49","1792293584","","","User","01 May 2024 (11:46:01 am)"
"Abel Jyrus","abeljyrus@icloud.com","91","9746906481","","","User","01 May 2024 (11:08:12 am)"
"user8557043495","user8557043495@gmail.com","91","8557043495","","","User","01 May 2024 (07:39:32 am)"
"olochukuwu","user9035056838@gmail.com","234","9035056838","","","User","30 Apr 2024 (11:13:01 pm)"
"Arya","sugunanarya3@gmail.com","arya","7918697699","","","User","30 Apr 2024 (01:51:28 pm)"
"Simone Candeloro","simone4candeloro@gmail.com","39","3491371381","","","User","30 Apr 2024 (01:35:50 pm)"
"Denisa Patrascu","denisapatrascu@gordonramsay.com","44","7918231115","","","User","29 Apr 2024 (10:12:23 pm)"
"Sheetal Elizabeth","sheetal.eliza27@gmail.com","91","8078711972","","","User","29 Apr 2024 (02:26:31 pm)"
"user7367409426","user7367409426@gmail.com","44","7367409426","","","User","29 Apr 2024 (12:56:32 pm)"
"Adersh Hari","adershhari3@gmail.com","91","9746887539","","","User","29 Apr 2024 (11:56:05 am)"
"Aromal Kuzhikanniyil Biju","aromalkb11@gmail.com","49","17663602162","","","User","29 Apr 2024 (10:52:05 am)"
"user9747350485","user9747350485@gmail.com","91","9747350485","","","User","29 Apr 2024 (10:48:21 am)"
"Nithin","rnithin12@gmail.com","49","1732942940","","","User","28 Apr 2024 (09:04:45 pm)"
"Diya Mariam Reji","diyamariamreji@gmail.com","44","7384207971","","","User","28 Apr 2024 (12:05:10 pm)"
"Tony Chackochan","user21159@gmail.com","44","7435521159","","","User","28 Apr 2024 (11:36:43 am)"
"Stejin","user7394@gmail.com","44","7384207394","","","User","28 Apr 2024 (11:35:08 am)"
"Kirandeep","user542078@gmail.com","44","7741542078","","","User","28 Apr 2024 (11:31:20 am)"
"User","user35026@gmail.com","44","7776635026","","","User","28 Apr 2024 (11:30:09 am)"
"Mohanad Karar","Mohanad.tharwat33@gmail.com","44","7450948889","","","User","26 Apr 2024 (10:55:40 pm)"
"Tarek karrar","tarektharwat73@gmail.com","44","7450755507","","","User","26 Apr 2024 (10:53:10 pm)"
"MR YOUSUF SULAIMAN","Youssef.wezzy.1@gmail.com","44","7376137422","","","User","26 Apr 2024 (10:50:17 pm)"
"Sarthak Moradiya","sarthakmoradiya601@gmail.com","49","17693152774","","","User","26 Apr 2024 (03:54:58 pm)"
"Amit Verma","amitverma.eu@gmail.com","49","17622281969","","","User","26 Apr 2024 (12:11:12 pm)"
"Shubham","shubhamynr43@gmail.com","44","7587657437","","","User","25 Apr 2024 (11:21:12 pm)"
"Mosa Atshan","User791784@Gmailcom","44","7471791784","","","User","25 Apr 2024 (11:14:53 pm)"
"Dhanush","dhanushsajeevan12@gmail.com","91","6238841895","","","User","25 Apr 2024 (10:52:53 pm)"
"Rahul Nath","Rahulnrkat@gmail.com","44","7741994735","","","User","25 Apr 2024 (02:35:25 pm)"
"Zlatomira Lilova","zlatomira.lilova1973@gmail.com","359","887897373","","","User","25 Apr 2024 (01:25:08 pm)"
"Vicky Dhaliwal","Vickydhaliwal8080@gmail.com","91","7837095383","","","User","25 Apr 2024 (12:10:22 pm)"
"Dinka Sierra","dinka22lnd@hotmail.com","44","7780466535","","","User","25 Apr 2024 (10:29:01 am)"
"Basil","basiljoy7680@gmail.com","91","9207057680","","","User","25 Apr 2024 (10:15:19 am)"
"Fatima balde","Fatimabalde2011@outlook.com","44","7555084268","","","User","24 Apr 2024 (10:09:42 pm)"
"Anjali Patel","User951263@Gmailcom","44","7721951263","","","User","24 Apr 2024 (09:40:55 pm)"
"Harsh Sandhu","Harmindersingh98526@gmail.com","44","7384127076","","","User","24 Apr 2024 (04:08:59 pm)"
"Timimunu Joshua Opigo","Timimunujoshua@gmail.com","234","8087893684","","","User","24 Apr 2024 (12:41:55 pm)"
"Petruta L Dorvosu","petruta.dorvosu@yahoo.com","44","7788371166","","","User","24 Apr 2024 (11:19:31 am)"
"Dimi","dididimitrov83@yahoo.co.uk","44","7541952961","","","User","23 Apr 2024 (11:07:12 pm)"
"Harvinder Singh Shoal","Harvinder22sohal@gmail.com","44","7767951635","","","User","23 Apr 2024 (10:39:07 pm)"
"Virgil Dorvosu","virgildorvosu@gmail.com","44","7951954760","","","User","23 Apr 2024 (08:25:24 pm)"
"Stoyan Gatev","stoyan.gatevuni@gmail.com","44","7908388275","","","User","23 Apr 2024 (02:40:52 pm)"
"Petar Cholakov","subzero8902@yahoo.com","44","7497347290","","","User","23 Apr 2024 (01:34:21 pm)"
"Taranpreet Singh","taranpreetsingh302004@gmail.com","44","7407837873","","","User","23 Apr 2024 (01:22:44 pm)"
"Arshdeep","hs81131@gmail.com","91","7991722325","","","User","23 Apr 2024 (10:51:19 am)"
"Rosina Vasileva","rosinavasileva@yahoo.com","44","7808804411","","","User","23 Apr 2024 (10:50:47 am)"
"Hristian Kanchev","mangas@abv.bg","44","7850106816","","","User","22 Apr 2024 (09:12:06 pm)"
"Ankita Rani","ankitaankita1102@gmail.com","44","7407745060","","","User","22 Apr 2024 (09:00:44 pm)"
"Kweku Sintim","Sintimgeorge6@gmail.com","233","200357563","","","User","22 Apr 2024 (08:52:44 pm)"
"Andreea Monica Detesan","andreeamonica223@gmail.com","44","7592476328","","","User","22 Apr 2024 (08:48:37 pm)"
"Ahmed AlAskari","Ahmedsalamalbakri@gmail.com","49","15774784482","","","User","22 Apr 2024 (07:49:07 pm)"
"user7440132245","user7440132245@gmail.com","44","7440132245","","","User","22 Apr 2024 (02:40:01 pm)"
"user7404662339","gennyssignature@gmail.com","44","7404662339","","","User","22 Apr 2024 (02:29:38 pm)"
"Hasino Ahmed","Ahmedhasino@gmail.com","44","7447366677","","","User","22 Apr 2024 (08:38:21 am)"
"Jithender Bolagoni","user6301635606@gmail.com","91","6301635606","","7733731561","User","21 Apr 2024 (06:40:08 pm)"
"Shari","user15219640613@gmail.com","49","15219640613","","","User","21 Apr 2024 (06:39:53 pm)"
"Amanpreet kaur 7","amanpreet1996kaur22@gmail.com","44","7426546045","","","User","21 Apr 2024 (06:17:40 pm)"
"user7786334096","amicable4u20@gmail.com","44","7786334096","","","User","21 Apr 2024 (05:38:45 pm)"
"Tinu Baiju","user15752413978@gmail.com","49","15752413978","","","User","21 Apr 2024 (05:29:13 pm)"
"user7741844276","user7741844276@gmail.com","44","7741844276","","","User","21 Apr 2024 (05:14:45 pm)"
"user7407083193","user7407083193@gmail.com","44","7407083193","","","User","21 Apr 2024 (04:08:31 pm)"
"user7908117565","user7908117565@gmail.com","44","7908117565","","","User","21 Apr 2024 (01:45:16 pm)"
"Atul Rajput","atulrajput2210@gmail.com","44","7748437334","","","User","21 Apr 2024 (01:05:36 pm)"
"Maria 7","user7480447526@gmail.com","44","7480447526","","","User","21 Apr 2024 (10:54:58 am)"
"Prateyksh Patel","6pratyeksh@gmail.com","49","15750112486","","","User","21 Apr 2024 (10:21:59 am)"
"Enver","enver_aliyev98@hotmail.com","994","505915995","","","User","21 Apr 2024 (10:07:58 am)"
"Gurjit Kaur","Psimi2240@gmail.com","44","7776247667","","","User","21 Apr 2024 (09:42:14 am)"
"Darsh","user8424896824@gmail.com","91","8424896824","","","User","21 Apr 2024 (03:39:17 am)"
"user9517836474","user9517836474@gmail.com","India","9517836474","","","User","21 Apr 2024 (03:29:36 am)"
"VK","user8790027643@gmail.com","91","8790027643","","","User","21 Apr 2024 (03:24:23 am)"
"Geray","garay.mehdi.k@gmail.com","994","513441464","","","User","21 Apr 2024 (03:15:39 am)"
"NEW 98","user9877326388@gmail.com","India","9877326388","","","User","21 Apr 2024 (01:14:17 am)"
"Yash Naik","naikyash057@gmail.com","91","9823913795","","","User","19 Apr 2024 (09:39:15 am)"
"Vaisakh","49vaisakh@gmail.com","91","9037777040","","","User","19 Apr 2024 (07:53:00 am)"
"Harjinder","user7774817834@gmail.com","44","7774817834","","","User","19 Apr 2024 (07:44:55 am)"
"MAnpreet kaur","manpreetkaur040494@gmail.com","91","9056264727","","","User","18 Apr 2024 (11:29:27 pm)"
"Shubham sharma ger","Sharmashubham6412@gmail.com","49","15771493742","","","User","18 Apr 2024 (11:16:02 pm)"
"Ravneet","User36177@Gmailcom","44","7459836177","","","User","18 Apr 2024 (08:54:18 pm)"
"Anoj","ajithsukibm@gmail.com","44","7778446027","","","User","18 Apr 2024 (08:19:43 pm)"
"Chandini","chandinims098@gmail.com","91","6238941482","","","User","18 Apr 2024 (07:58:44 pm)"
"Amanpreet","amanpreetrai3020@gmail.com","44","7741976074","","","User","18 Apr 2024 (02:51:59 pm)"
"Nisha Randhava","randhawakaram17@gmail.com","44","7960474588","","","User","17 Apr 2024 (11:03:39 am)"
"Kanchana","user7341691874@gmail.com","44","7341691874","","","User","17 Apr 2024 (10:12:42 am)"
"Shikha VIJAY","vijayshikha24@gmail.com","91","8777496753","","","User","17 Apr 2024 (09:34:09 am)"
"BALLA MOUSSA CONDE","conde13k@gmail.com","224","622919881","","","User","17 Apr 2024 (09:22:50 am)"
"Amandeep 1998","1998amansingh176@gmail.com","44","7435758711","91","9803966176","User","17 Apr 2024 (12:27:25 am)"
"Kuldeep Singh","kuldeep9jan@gmail.com","44","7393070371","","","User","17 Apr 2024 (12:25:42 am)"
"Evans biwott","Evansbiwott92@gmail.com","44","7950461690","","","User","17 Apr 2024 (12:22:23 am)"
"Tanzim","rajtanzim57034@gmail.com","44","7799192776","","","User","17 Apr 2024 (12:19:07 am)"
"Herberth Prada","herberth.prada@gmail.com","44","7809764078","","","User","16 Apr 2024 (02:57:15 pm)"
"VALERIA Piumatti","Valericioous@gmail.com","44","7869754690","","","User","16 Apr 2024 (01:22:03 pm)"
"Nishanth Oyyangadu Veeramani","ovnishanth@gmail.com","44","7767976330","","","User","16 Apr 2024 (12:18:10 am)"
"Gurjeet singh","gurjeetsingh965435@gmail.com","44","7741195020","","","User","16 Apr 2024 (12:06:37 am)"
"Ramandeep Singh","ramandeep31071998@gmail.com","44","7459166238","","","User","16 Apr 2024 (12:01:52 am)"
"Eric Gyimah Pimpong","ericgyimahpimpong@gmail.com","44","7931099665","","","User","15 Apr 2024 (04:44:13 pm)"
"Ankit","Ankit@warrgyizmorsch.com","","3458898","","","Sub Writer","15 Apr 2024 (11:23:01 am)"
"Shubham","shubham@warrgyizmorsch.com","","345678334","","","WriterTL","15 Apr 2024 (11:16:36 am)"
"Ruksarbibi Roomi","user7469002423@gmail.com","44","7469002423","","","User","15 Apr 2024 (11:08:39 am)"
"My Writer Team02","myTeam02@gmail.com","","","","","WriterTL","15 Apr 2024 (07:46:24 am)"
"Shubham Rathore","shubham.warrgyizmorsch@gmail.com","","","","","WriterTL","15 Apr 2024 (07:26:29 am)"
"Team 02","team02@warrgyizmorsch.com","","00000","","","Writer Admin","15 Apr 2024 (06:10:29 am)"
"Hafsa Rajan","hafsa_rajan@hotmail.co.uk","44","7424754317","","","User","14 Apr 2024 (09:58:27 pm)"
"GEORGEKUTTY AUGUSTINE","gkutty1998@gmail.com","44","7384086652","","","User","14 Apr 2024 (09:46:56 pm)"
"Israh Hussain","User57622@Gmailcom","44","7785357622","91","8137008532","User","14 Apr 2024 (09:34:11 pm)"
"Yonten Jamtsho","jamtshoyonten9@gmail.com","+61","0433414164","","","User","14 Apr 2024 (07:43:26 pm)"
"Kuldeep kaur chahal","Kchahal22222@gmail.com","44","7393169533","","","User","12 Apr 2024 (10:45:45 pm)"
"Naresh Komatigunta","nareshkomatigunta2001@gmail.com","91","8008284383","","","User","12 Apr 2024 (10:41:05 pm)"
"Prasanth Prasad","prasanthprasad198@gmail.com","91","9048178642","","","User","12 Apr 2024 (10:25:18 am)"
"Shiva Ragavendra chary kasha","Shivakasha.1997@gmail.com","44","7818951677","","","User","12 Apr 2024 (12:27:06 am)"
"Jim Joy","jimjoy577@gmail.com","91","6235630866","","","User","12 Apr 2024 (12:14:12 am)"
"Lakhwinder","kaurlakhwinder03121996@gmail.com","44","7402178728","","","User","11 Apr 2024 (11:59:05 pm)"
"Upinder kumar","Upinderkumar16@gmail.com","44","7843940464","","","User","11 Apr 2024 (11:45:58 pm)"
"Ajay Sangwan","ajaysangwan98@gmail.com","44","7438315559","","","User","11 Apr 2024 (02:31:44 pm)"
"user7424017257","user7424017257@gmail.com","44","7424017257","","","User","11 Apr 2024 (01:31:10 pm)"
"Satyam Kumar","kishanaug1708@gmail.com","91","7070785700","","","User","11 Apr 2024 (01:29:23 pm)"
"user1782533764","user1782533764@gmail.com","0","1782533764","","","User","11 Apr 2024 (01:28:36 pm)"
"Rajbir bains","rajbir57702@gmail.com","44","7586485677","91","7009080812","User","11 Apr 2024 (01:27:24 pm)"
"user15219650385","user15219650385@gmail.com","00","15219650385","","","User","11 Apr 2024 (01:24:39 pm)"
"Sagar Rathod","sagar78019@gmail.com","44","7767966930","","","User","11 Apr 2024 (11:35:12 am)"
"POOJA BHASKARAN","user9846971347@gmail.com","91","9846971347","","","User","11 Apr 2024 (08:52:38 am)"
"Jigarkumar Dineshbhai Patel","Pateljigar2691@gmail.com","91","9727388437","","","User","11 Apr 2024 (12:27:41 am)"
"hari krishnan biju nair","Krishnanhari50245@gmail.com","91","7994763030","","","User","11 Apr 2024 (12:03:25 am)"
"Raffaele Del Sorbo","Raffadelsorbo95@gmail.com","44","7367019676","","","User","10 Apr 2024 (01:21:12 pm)"
"Gianina Balazsi","Balazsigianina@gmail.com","44","7823829555","","","User","09 Apr 2024 (09:31:55 pm)"
"YOKENA MORAIS","Yokena_vanessa@hotmail.com","351","965838349","","","User","09 Apr 2024 (12:12:01 pm)"
"Arshpreet Singh","singharsh2205@gmail.com","91","9107436681","","","User","09 Apr 2024 (10:28:10 am)"
"Priya talwinder","Priyatalwinder09@gmail.com","44","7774679097","","","User","09 Apr 2024 (12:09:06 am)"
"Krishnaruban Kumarasamay","ruban141@yahoo.co.uk","44","7956907148","","","User","08 Apr 2024 (11:54:27 pm)"
"Parneet kaler","neetk2402@gmail.com","44","7459355560","","","User","08 Apr 2024 (11:32:11 pm)"
"Sijo jose","Sijojose8518@gmail.com","91","8138095127","","","User","08 Apr 2024 (11:27:45 pm)"
"simranchawla","simranchawla553@gmail.com","44","7741028612","","","User","08 Apr 2024 (11:22:53 pm)"
"Hawraa Al-OKBi","HawraaAl-OKBi@gmail.com","44","7387679730","","","User","08 Apr 2024 (06:47:25 pm)"
"Akhil Suresh","tonystark110099@gmail.com","49","15731370055","","","User","08 Apr 2024 (02:36:17 pm)"
"Suchita Kadbhane","suchitakadbhane1998@gmail.com","91","7083127771","","","User","08 Apr 2024 (11:20:35 am)"
"Neagu Culita","Culitaneagu1@gmail.com","44","7985125301","","","User","07 Apr 2024 (10:06:49 pm)"
"Ramandeep kaur","Jotraman29@gmail.com","49","17645962417","","","User","07 Apr 2024 (10:03:12 pm)"
"Mac","Saadgen15@gmail.com","92","3456167234","","","User","07 Apr 2024 (09:58:47 pm)"
"Jaismeen kaur aulakh","jaismeenaulakh187@gmail.com","44","7586468582","","","User","07 Apr 2024 (09:51:17 pm)"
"Manoj karki","subedianisha083@gmail.com","44","7880816890","","","User","07 Apr 2024 (09:36:00 pm)"
"Bony Boban","bonykoiply59@gmail.com","91","7560887753","","","User","07 Apr 2024 (09:26:58 pm)"
"Don Joseph","donjoseph585@gmail.com","91","9048222707","","","User","07 Apr 2024 (09:24:04 pm)"
"Mijin","User70655@gmail.com","91","7012470655","","","User","07 Apr 2024 (09:07:21 pm)"
"Sazib","sumi.vub@gmail.com","49","17622975175","","","User","07 Apr 2024 (11:11:55 am)"
"Abhishek","abhishek.r1850@gmail.com","44","7424073275","","","User","06 Apr 2024 (10:59:35 pm)"
"Girish Vishal's Friend","girishvekariya3@gmail.com","44","7747207826","","","User","06 Apr 2024 (03:28:51 pm)"
"Mridula Cleetus","mridulacleetus1308@gmail.com","91","8137821593","","","User","05 Apr 2024 (11:02:12 pm)"
"Gouri S M","sidekickxwaffles@gmail.com","91","7907829531","","","User","05 Apr 2024 (10:50:57 pm)"
"Yamini bojja","yaminibojja100@gmail.com","44","7586360346","","","User","05 Apr 2024 (10:49:00 pm)"
"JOBIN JOSE","juvana328@gmail.com","91","7012675418","","","User","05 Apr 2024 (10:41:17 pm)"
"Ajith Kumar Ambattu Rajan","ajithkumarar0123@gmail.com","91","7558862291","","","User","05 Apr 2024 (04:42:26 pm)"
"user7768427062","user7768427062@gmail.com","44","7768427062","","","User","05 Apr 2024 (11:03:04 am)"
"Vishal Solanki","s.vishal.s111@gmail.com","91","8530757416","","","User","04 Apr 2024 (10:57:44 pm)"
"Nuray","nurayakayy@gmail.com","90","5072156512","","","User","04 Apr 2024 (05:54:43 pm)"
"Geetakshi","Geet.girotra@gmail.com","91","9953723787","","","User","04 Apr 2024 (01:43:45 pm)"
"Eliana MarinLopez","Emarlo7@hotmail.com","44","7876634297","","","User","04 Apr 2024 (10:29:03 am)"
"Savio Attupuram Staines","saviostaines007@gmail.com","91","7594854643","","","User","04 Apr 2024 (12:04:01 am)"
"Alan Mathew Koothamattathil Shaibi","alanmathew23082005@gmail.com","91","7306825424","","","User","03 Apr 2024 (11:59:05 pm)"
"JERIN VALIYAKUNNIL LUKOSE","jerinlukose2002@gmail.com","91","7356736390","","","User","03 Apr 2024 (11:55:53 pm)"
"Manish Thakur","thakurroy89@gmail.com","44","7308050290","","","User","03 Apr 2024 (11:34:01 pm)"
"Victoria Cherdivara","vik2orita@outlook.com","91","7454689969","","","User","03 Apr 2024 (11:29:55 pm)"
"Savan balar","User06997@Gmail.com","49","17634506997","","","User","03 Apr 2024 (11:24:23 pm)"
"manan Self","Selfmanan@warrgyizmorsch.com","","","","","Sub Writer","03 Apr 2024 (04:41:11 pm)"
"avni Self","Selfavni@gmail.com","","","","","Sub Writer","03 Apr 2024 (04:35:10 pm)"
"Senkathir","kathiruchiha@gmail.com","44","8668078307","","","User","03 Apr 2024 (03:40:13 pm)"
"Niteesh ready pagidela","niteshpagidela@gmail.com","44","7833833423","","","User","03 Apr 2024 (03:09:02 pm)"
"Shuhaib Chitrampally","shuhaibcp8@gmail.com","44","7721867413","","","User","03 Apr 2024 (03:02:10 pm)"
"Taha","Taha@warrgyizmorsch.com","","123456787","","","Sub Admin","02 Apr 2024 (01:04:36 pm)"
"Pavel Ivanov","paffbg00@gmail.com","44","7756973315","","","User","02 Apr 2024 (09:37:37 am)"
"Adhwaith","Adhwaithzais@gmail.com","91","8111929480","","","User","01 Apr 2024 (12:51:11 pm)"
"Akhil jojo","akhiljojo2417@gmail.com","44","7909475089","","","User","31 Mar 2024 (10:04:19 pm)"
"Mirha","Saimahanif148@gmail.com","92","3438515377","","","User","31 Mar 2024 (09:34:30 pm)"
"Navneeth raj","navneethnr10@gmail.com","91","9207520527","","","User","31 Mar 2024 (09:25:00 pm)"
"jeslin joy","jeslinjoy1995@gmail.com","44","7747742497","","","User","31 Mar 2024 (07:35:33 pm)"
"Baldeep Singh","baldeep0609@gmail.com","49","1631203891","","","User","31 Mar 2024 (12:38:04 pm)"
"Aneeta","User78139@Gmailcom","91","6235178139","","","User","29 Mar 2024 (10:47:56 pm)"
"Bharath","Bharathsuresh96@gmail.com","971","502871297","","","User","29 Mar 2024 (08:57:15 pm)"
"Tarun bains","Bainst93@gmail.com","44","7466233252","","","User","29 Mar 2024 (08:51:13 pm)"
"Neha","User71519@Gmailcom","91","9915671519","","","User","29 Mar 2024 (08:46:39 pm)"
"Prince Ghevariya","User1100@Gmailcom","1","4376021100","","","User","29 Mar 2024 (05:37:43 pm)"
"Nikhil Kumar","User486121@Gmailcom","44","7300486121","","","User","29 Mar 2024 (05:03:31 pm)"
"Koushya Raju","koushyaraju@gmail.com","91","9148008155","","","User","29 Mar 2024 (12:51:03 pm)"
"Manju Reji","manjuvavee7891@gmail.com","91","7907539540","","","User","29 Mar 2024 (12:13:05 pm)"
"Habeeb kehinde","Kehindehabeeb66@gmail.com","44","7780783418","","","User","29 Mar 2024 (10:33:39 am)"
"Sanket","sanketdhandhukiya28@gmail.com","91","8866189859","","","User","28 Mar 2024 (10:47:39 pm)"
"Ahmed Hesham","Ahmed_96_h@hotmail.com","49","15754392658","","","User","28 Mar 2024 (10:40:08 pm)"
"Gaurav","gouravuk6@gmail.com","44","7586455633","","","User","28 Mar 2024 (09:38:16 pm)"
"user7393122378","user7393122378@gmail.com","+44","7393122378","","","User","28 Mar 2024 (03:23:37 pm)"
"Amit chopra","talonflame28@gmail.com","49","1791449078","","","User","28 Mar 2024 (01:33:40 pm)"
"user7983817905","user7983817905@gmail.com","44","7983817905","","","User","28 Mar 2024 (11:19:30 am)"
"Josna Thomas","josna333thomas@gmail.com","353","894842454","","","User","28 Mar 2024 (10:42:28 am)"
"Kinga molnar","kinga_ice@yahoo.com","44","7828898928","","","User","27 Mar 2024 (09:50:36 pm)"
"ZFovYObzSETQix","cooperjennifer6045@yahoo.com","91","8130669546","","","User","27 Mar 2024 (07:57:11 pm)"
"aman deep singh","amanpreetguru44@gmail.com","44","7479669700","","","User","27 Mar 2024 (03:47:46 pm)"
"Abhiram Ajith","abhiramajith38@gmail.com","91","9495791346","","","User","27 Mar 2024 (11:10:16 am)"
"Antony Dsilva","shijoyds@gmail.com","91","9207068098","","","User","27 Mar 2024 (10:47:26 am)"
"Sahil Saini","sahilsaini35133@gmail.com","91","8607935133","","","User","26 Mar 2024 (11:24:09 pm)"
"muhammad akif","akifpirzada892@gmail.com","44","7440213671","","","User","26 Mar 2024 (10:47:12 pm)"
"Mariya Tony","mariyatony2020@gmail.com","91","9745852286","","","User","26 Mar 2024 (10:37:15 pm)"
"manish","User96610@Gmailcom","49","1794196610","","","User","26 Mar 2024 (08:43:36 pm)"
"Ape","user8056382362@gmail.com","234","8056382362","","","User","26 Mar 2024 (03:08:27 pm)"
"Daniela Pintilie","negoitadaniela19@yahoo.com","44","7983549474","","","User","26 Mar 2024 (10:34:41 am)"
"Maria Baiju","mariabellab80@gmail.com","49","17663743472","","","User","25 Mar 2024 (10:51:39 pm)"
"Shiva Prasad Madhu","spshivaprasad775@gmail.com","91","9496262893","","","User","25 Mar 2024 (10:47:40 pm)"
"~Don Dennis","User29548@Gmailcom","91","8606429548","","","User","25 Mar 2024 (07:55:07 pm)"
"Benedicta okon","Benny.okon1@gmail.com","44","7376711213","","","User","24 Mar 2024 (05:45:44 pm)"
"Stil","Stelkomilchev@gmail.com","44","7473536053","","","User","24 Mar 2024 (01:55:50 pm)"
"Aryan Patel","aryanpatel99876@gmail.com","44","7586622715","","","User","23 Mar 2024 (10:59:42 pm)"
"Anna Harkabus Dirdova","pelush22@live.com","44","7497674294","44","7741426229","User","23 Mar 2024 (10:55:30 pm)"
"Gurbal","User47981@Gmailcom","91","6280747981","","","User","23 Mar 2024 (08:55:02 pm)"
"user84974649","user84974649@gmail.com","65","84974649","","","User","23 Mar 2024 (08:42:58 am)"
"Naseer Ahmad","naseerkpk786@gmail.com","44","7466169956","","","User","22 Mar 2024 (10:10:56 pm)"
"Himani","Himanisareen68@gmail.com","44","7828303132","","","User","22 Mar 2024 (10:07:46 pm)"
"Arwindpal Singh","Sandhuarwind09@gmail.com","44","7776515888","","","User","22 Mar 2024 (09:59:21 pm)"
"Anand S Prem","anandsprem1912@gmail.com","49","17674759941","","","User","22 Mar 2024 (09:52:25 pm)"
"Agwazie Fredrick","User14470@Gmailcom","44","7909114470","","","User","22 Mar 2024 (09:27:50 pm)"
"Varughese Jacob","jvarghese21de@gmail.com","+49","15213347385","","","User","22 Mar 2024 (02:43:15 pm)"
"wdddhjbwt.j","wdddhjbwt.j@monochord.xyz","1","1","","","User","22 Mar 2024 (12:26:06 pm)"
"daniel","testwm@gmail.com","+44","876342334","","","User","22 Mar 2024 (11:52:10 am)"
"Mamta Rani","mamtarrani0002@gmail.com","44","7407721731","","","User","22 Mar 2024 (10:24:37 am)"
"Reshma","reshmajoshy.rj@gmail.com","49","15222183117","","","User","21 Mar 2024 (09:55:10 pm)"
"Harkarn Deep Singh","Karnpannu42@gmail.com","44","7586585105","","","User","21 Mar 2024 (09:39:28 pm)"
"Sanna aslam","Sanna_1206@hotmail.co.uk","44","7715690260","","","User","21 Mar 2024 (01:23:00 pm)"
"Mariana Baltatescu","marianabaltatescu2018@gmail.com","44","7848981597","","","User","20 Mar 2024 (10:53:29 pm)"
"Ajay sandhu","Sandhuajay662@gmail.com","44","7767192203","","","User","20 Mar 2024 (10:50:38 pm)"
"JASHANPREET SINGH","jashanuk23@gmail.com","44","7901683551","","","User","20 Mar 2024 (10:46:54 pm)"
"Florentina Sobea","florrysofian@yahoo.com","44","7467348147","","","User","20 Mar 2024 (10:39:22 pm)"
"Charlie","chali007anirudh@gmail.com","91","8792618007","","","User","20 Mar 2024 (10:37:34 pm)"
"Reagan Reagan","reagan242023@gmail.com","44","7934911855","","","User","20 Mar 2024 (10:12:03 pm)"
"Nishanth Arukala","nishugoud007@gmail.com","44","7767596173","","","User","20 Mar 2024 (01:44:21 pm)"
"Karan singh","Bhatia97karan@gmail.com","44","7407604242","","","User","19 Mar 2024 (09:53:34 pm)"
"kamaldeep","User296863@gmail.com","44","7407296863","","","User","19 Mar 2024 (08:48:01 pm)"
"Thejas","emailme@thejasmn.com","49","17684349868","","","User","19 Mar 2024 (03:27:32 pm)"
"iqramalik","iqramalik2619@gmail.com","44","7474779653","","","User","19 Mar 2024 (03:26:10 pm)"
"Anurag Chaudhary","jassalanurag00@gmail.com","91","7696715741","","","User","18 Mar 2024 (10:33:02 pm)"
"Sivan cavusoglu","Sivancavus@gmail.com","44","7784329836","","","User","18 Mar 2024 (09:53:31 pm)"
"Jalal","User3245@Gmailcom","44","7535596511","","","User","18 Mar 2024 (07:15:39 pm)"
"Dhruvin Mangukiya","dhruvinmangukiya49@gmail.com","49","17647081609","","","User","18 Mar 2024 (01:51:22 pm)"
"Emefa. Arhin","dorisemefaarhin@yahoo.com","44","7938558085","","","User","18 Mar 2024 (01:06:16 pm)"
"Shamsher singh","Shamsher661@gmail.com","44","7407072442","","","User","17 Mar 2024 (06:20:06 pm)"
"Dc40","User3525@Gmailcom","44","7491035376","","","User","17 Mar 2024 (02:01:46 pm)"
"Mr.Sidhu","mrsidhu47965@gmail.com","91","9876647965","","","User","17 Mar 2024 (09:49:35 am)"
"Ferdinand Lodina","flodina4@gmail.com","44","7951001374","","","User","16 Mar 2024 (09:28:43 pm)"
"Vishu","Vishalgoyat5011@gmail.com","44","7796888274","","","User","16 Mar 2024 (09:26:17 pm)"
"Koma","User323@Gmailcom","1","5029568866","","","User","16 Mar 2024 (06:41:54 pm)"
"Not Updated","User1456@gmail.com","356","99561875","","","User","16 Mar 2024 (05:56:31 pm)"
"hbjhwdccp.j","hbjhwdccp.j@monochord.xyz","1","1","","","User","16 Mar 2024 (12:28:03 pm)"
"Saroj Shrestha","shresthasarojk64@gmail.com","44","7405900013","","","User","16 Mar 2024 (10:34:05 am)"
"user7404049183","user7404049183@gmail.com","44","7404049183","","","User","16 Mar 2024 (08:13:52 am)"
"new 85","xdcec@dd","91","8529783284","","","User","16 Mar 2024 (07:37:15 am)"
"test","test@gmail.com","91","7232392323","","","User","16 Mar 2024 (07:32:25 am)"
"Virender Singh","User7587816873@gmail.com","44","7587816873","","","User","15 Mar 2024 (07:42:49 pm)"
"Allen Joseph","allenjeese521@gmail.com","44","7423029770","","","User","15 Mar 2024 (07:31:11 pm)"
"Preeti bains","Pbainsx@gmail.com","44","7308968779","","","User","15 Mar 2024 (07:01:03 pm)"
"sareen Srishti","shallysareen988@gmail.com","91","7973119173","","","User","15 Mar 2024 (06:59:08 pm)"
"user7586584012","user7586584012","44","7586584012","","","User","15 Mar 2024 (06:52:30 pm)"
"Karan vir Singh","User56@Gmail.com","49","17641160001","","","User","13 Mar 2024 (08:25:27 pm)"
"Rimpy","rimpyrai1@gmail.com","44","7767729644","3","4747","User","12 Mar 2024 (02:23:51 pm)"
"moriss smith","morissmith14@gmail.com","+44","043708525","","","User","12 Mar 2024 (07:57:15 am)"
"sdfsdf","sdfsdf@gmail.com","+44","914295818","","","User","12 Mar 2024 (04:21:31 am)"
"Rashmi","rashmichaudhary977@gmail.com","44","7823455357","","","User","12 Mar 2024 (01:44:18 am)"
"Suraj","User3@gmail.com","44","7405465628","","","User","12 Mar 2024 (12:23:14 am)"
"Antonia nikolova","tony.nikolova96@gmail.com","359","885921546","","","User","12 Mar 2024 (12:02:55 am)"
"Jees Johnson","Jeesjohnsonk@gmail.com","49","1773332851","","","User","11 Mar 2024 (02:37:33 pm)"
"Sruthika Manoj","sruthikamanoj2001@gmail.com","44","7393099166","","","User","11 Mar 2024 (02:29:13 pm)"
"karunya","Karunya7869@gamil.com","44","7442054086","","","User","11 Mar 2024 (01:36:47 pm)"
"Taniya","taniyarattra544@gmail.com","44","7393123836","","","User","11 Mar 2024 (12:31:46 pm)"
"Dan Cristian Covaci","Dancristiancovaci@gmail.com","44","7861855781","","","User","10 Mar 2024 (07:53:56 pm)"
"Harsha erumbuzh","harshaerumbuzhi@gmail.com","44","7587746812","","","User","10 Mar 2024 (07:51:35 pm)"
"Pankaj","Pankaj122818@gmail.com","44","7578432648","","","User","10 Mar 2024 (07:48:11 pm)"
"Md shahjad hossain","sazzadhossainsoikat89@gmail.com","49","17623205130","","","User","10 Mar 2024 (07:38:41 pm)"
"Anca Roberta Maria Patru","patruroberta@yahoo.com","44","7467510363","","","User","10 Mar 2024 (06:27:29 pm)"
"Mayank","mayank@warrgyizmorsch.com","","","","","Marketing Team","09 Mar 2024 (04:42:06 pm)"
"Yuvraj Sethi","uvsethi2003@gmail.com","91","9718020888","","","User","09 Mar 2024 (04:32:38 pm)"
"Emmanuel Kayari","Identity4tribes@yahoo.com","44","7424143347","","","User","09 Mar 2024 (04:07:02 pm)"
"Dragos Titica","Dragosortega@gmail.com","44","7448942113","","","User","09 Mar 2024 (03:43:55 pm)"
"Nikhil Chaudhary","nikhil.chaudhary@warrgyizmorsch.com","","","","","Marketing Team","09 Mar 2024 (03:37:18 pm)"
"Satinder singh","ksatinder080494@gmail.com","44","7475390348","","","User","09 Mar 2024 (03:12:09 pm)"
"Grace etefia","Affiong17@hotmail.com","44","7445411166","","","User","09 Mar 2024 (01:40:24 pm)"
"Rashmi","sdg@gmail.com","91","9815865410","","","User","09 Mar 2024 (01:36:13 pm)"
"Price Viajy Kumar","Kumarprincevijay89@gmail.com","44","7438947633","","","User","09 Mar 2024 (12:42:23 pm)"
"~Vinu","vickytanujaat@gmail.com","91","7027796346","","","User","09 Mar 2024 (12:22:02 pm)"
"Elena Livadaru new","elenaliv887@gmail.com","44","7502010649","","","User","09 Mar 2024 (11:15:14 am)"
"00","user55521521@gmail.com","974","55521521","","","User","09 Mar 2024 (07:16:50 am)"
"user17648984801","A.officialprofessional25@gmail.com","49","17648984801","","","User","08 Mar 2024 (10:33:40 am)"
"Joseph Subair","josephsubair@gmail.com","44","7407618858","","","User","07 Mar 2024 (10:41:36 pm)"
"Claudia","klaudydumy@hotmail.com","44","7473550543","","","User","07 Mar 2024 (10:38:01 pm)"
"Paulo Mendy Mendes","paulomendy05@gmail.com","44","7920060293","","","User","07 Mar 2024 (10:29:49 pm)"
"Stefan Zaharia Ilescu","Ilescustefan@gmail.com","44","7435587520","","","User","07 Mar 2024 (10:11:59 pm)"
"Preet Sandhu","sandhuharmanpreet61@gmail.com","44","7586461772","","","User","07 Mar 2024 (03:05:02 pm)"
"Elena Onu","elenaonu30@gmail.com","44","7494886239","","","User","07 Mar 2024 (01:35:27 pm)"
"user9846455327","user9846455327@gmail.com","91","9846455327","","","User","07 Mar 2024 (09:49:21 am)"
"user7592446931","user7592446931@gmail.com","0","7592446931","","","User","07 Mar 2024 (09:08:52 am)"
"Mosa Atshan","atshanmoses@gmail.com","44","7473075782","","","User","06 Mar 2024 (10:53:22 pm)"
"Muskan","muskant329@gmail.com","44","7424478624","","","User","06 Mar 2024 (10:44:44 pm)"
"user15217534949","joexpat21@gmail.com","49","15217534949","","","User","06 Mar 2024 (09:46:46 pm)"
"Navneet Sharma","navneetsharma25899@gmail.com","44","7586450361","","","User","06 Mar 2024 (09:45:49 pm)"
"Frenzo Don","frenzokarchnak@gmail.com","44","7467232603","","","User","06 Mar 2024 (09:31:21 pm)"
"Ms Rameesa M Bashi","sailazeeshan078@gmail.com","44","7719302547","","","User","06 Mar 2024 (07:13:58 pm)"
"user7405796760","Kameliapana95@gmail.com","44","7405796760","","","User","06 Mar 2024 (04:36:49 pm)"
"Esther Adeniyi","Adeniyitolulope59@gmail.com","+234","8103316446","","","User","06 Mar 2024 (04:27:50 pm)"
"user8098615925","user8098615925@gmail.com","91","8098615925","","","User","06 Mar 2024 (04:25:15 pm)"
"Sreejith Murali","sreejithmurali555@gmail.com","91","9495957631","","","User","06 Mar 2024 (03:43:37 pm)"
"user7767943870","user7767943870@gmail.com","44","7767943870","","","User","06 Mar 2024 (03:35:36 pm)"
"Harish A Rajan","user9074965305@gmail.com","91","9074965305","","","User","06 Mar 2024 (01:59:37 pm)"
"Kiran","kiranraj2005@gmail.com","49","15166829659","","","User","06 Mar 2024 (07:06:50 am)"
"user7990260866","user7990260866@gmail.com","44","7990260866","","","User","06 Mar 2024 (06:15:27 am)"
"user7918906088","user7918906088@gmail.com","44","7918906088","","","User","06 Mar 2024 (05:51:59 am)"
"Mussab","user7311294889@gmail.com","44","7311294889","0","0","User","05 Mar 2024 (02:24:43 pm)"
"Prince Shrestha","sthaprince89@gmail.com","+44","7861242204","0","0","User","05 Mar 2024 (01:38:19 pm)"
"Akshay Jacob Mathew","Akshayjm97@gmail.com","44","7774530443","0","0","User","05 Mar 2024 (01:36:31 pm)"
"user3328464613","user3328464613@gmail.com","+92","3328464613","","","User","05 Mar 2024 (12:28:39 pm)"
"Salma99","cheeku457@gmail.com","44","7440721651","","","User","04 Mar 2024 (11:14:23 pm)"
"Vineeth","vineethmahendranmvk1997@gmail.com","91","9526473580","NA","NA","User","04 Mar 2024 (11:11:08 pm)"
"Navneet Kaur","kaur060693navneet@gmail.com","44","7405851428","NA","NA","User","04 Mar 2024 (11:02:58 pm)"
"Athira Arun","athiravmohandasan@gmail.com","91","9961274447","NA","NA","User","04 Mar 2024 (10:57:39 pm)"
"Viorel","Viorelparpalac@gmail.com","44","7404670749","","","User","04 Mar 2024 (03:38:51 pm)"
"Athira","athirasundaran5@gmail.com","44","7587679788","00","00","User","04 Mar 2024 (02:25:24 pm)"
"user3308193818","user3308193818@gmail.com","92","3308193818","0","0","User","04 Mar 2024 (08:42:29 am)"
"Nidhish Maheshwai","nidhishmaheshwari2802@gmail.com","49","17643250520","","","User","04 Mar 2024 (08:26:49 am)"
"Diya Padmanabhan","Diyapadmanabhan8888@gmail.com","44","7990652017","","NA","User","04 Mar 2024 (08:25:07 am)"
"Mathews Saju","user15168661910@gmail.com","49","15168661910","","","User","04 Mar 2024 (08:24:20 am)"
"Andrei Danila 74","andrei.danila22@yahoo.com","44","7424849367","","0","User","04 Mar 2024 (08:23:53 am)"
"Manan","manan.bhatnagar.warrgyizmorsche@gmail.com","","","","","WriterTL","04 Mar 2024 (07:24:47 am)"
"Luminita","zaharia.luminita001@gmail.com","44","7388867779","","","User","04 Mar 2024 (07:18:32 am)"
"Jay Kasodariya","Jaykasodariya47@gmail.com","91","8980874453","00","00","User","03 Mar 2024 (11:12:30 am)"
"Artur Konik","arturkonik@interia.eu","44","7955391738","00","00","User","02 Mar 2024 (07:58:12 pm)"
"Shivani Shetty","shanisthashetty@gmail.com","91","8296851987","00","00","User","02 Mar 2024 (04:45:44 pm)"
"Alexandra Plosnita","aplosnitauk@gmail.com","44","7459797159","","","User","01 Mar 2024 (11:10:52 am)"
"Anupama shaji","anupamashaji631@gmail.com","91","7907882836","","","User","01 Mar 2024 (08:58:28 am)"
"user7480956309","user7480956309@gmail.com","44","7480956309","","","User","01 Mar 2024 (07:37:21 am)"
"Mohit kumar","mk9405044@gmail.com","44","7448298708","NA","NA","User","01 Mar 2024 (12:42:10 am)"
"Mihaela Gheorghiasa","Mihaelamc31@yahoo.com","44","7384639420","NA","NA","User","01 Mar 2024 (12:09:21 am)"
"Subbu Naidu","budiredlalakshmisubbarao@gmail.com","91","9966004854","","NA","User","29 Feb 2024 (04:54:16 pm)"
"Rasna","rasnabishnoi729@gmail.com","91","8685828686","","","User","29 Feb 2024 (02:06:02 pm)"
"Ramandeep Kaur","rk0768904@gmail.com","91","9877948984","0","0","User","29 Feb 2024 (12:43:56 pm)"
"Dinis","bui@m","44","7869821907","0","0","User","29 Feb 2024 (11:10:25 am)"
"Sabrina Hussa","Jabz7867861@outlook.com","44","7446298049","44","7518950339","User","28 Feb 2024 (11:20:01 pm)"
"~Amrita Thakur","amritaswty6@gmail.com","977","9807189252","NA","NA","User","28 Feb 2024 (11:08:33 pm)"
"Sobia Bashir","Sobiazaki20@gmail.com","44","7423292701","NA","NA","User","28 Feb 2024 (11:02:11 pm)"
"Sanjida Manjur","s.monjur2013@gmail.com","880","1866071472","NA","NA","User","28 Feb 2024 (10:43:22 pm)"
"Gabriela","mrsgabriela@yahoo.com","44","7940958464","","","User","28 Feb 2024 (01:52:40 pm)"
"Frankie-Dolor Mercy","mercydolor@gmail.com","44","7918227872","234","7060420299","User","28 Feb 2024 (09:10:05 am)"
"Sudhir 89","sbhumbak3@gmail.com","91","8950711226","0","0","User","28 Feb 2024 (09:09:21 am)"
"user7015209653","user7015209653@gmail.com","91","7015209653","","","User","27 Feb 2024 (12:22:30 pm)"
"Sewa Ali","sewasoran1027@gmail.com","+49","17632066443","00","NA","User","26 Feb 2024 (07:55:10 pm)"
"Preethy","preethybabymol@gmail.com","44","7728530797","00","00","User","26 Feb 2024 (05:00:34 pm)"
"Abin Joy","abinjoy0208@gmail.com","44","7771215175","00","00","User","26 Feb 2024 (04:36:56 pm)"
"Andrada Fistic","andrada.fistic@gmail.com","44","7342961371","0","0","User","26 Feb 2024 (02:24:20 pm)"
"Iulia Dinu","dinuj79@gmail.com","44","7427393039","-","-","User","26 Feb 2024 (10:48:57 am)"
"Cham kaurPP","chamkaurbrar71@gmail.com","91","9878125994","","","User","26 Feb 2024 (08:14:00 am)"
"Anzam","khayazanzam@gmail.com","91","9895762601","NA","NA","User","25 Feb 2024 (08:25:23 pm)"
"Palak","palak18sep1991@gmail.com","44","7438437584","","NA","User","25 Feb 2024 (03:31:24 pm)"
"Srikanth kommu","srikanthkommusrikanth4@gmail.com","44","7424705491","NA","NA","User","25 Feb 2024 (09:48:43 am)"
"sibi philip","sibivarghesephilip@gmail.com","44","7423028319","","NA","User","25 Feb 2024 (09:09:16 am)"
"krishnapreetha","krishnathriveni33@gmail.com","44","7407423001","","","User","24 Feb 2024 (01:23:55 pm)"
"Vydehi","vydhu000@gmail.co","+44","7587656465","00","00","User","24 Feb 2024 (10:03:03 am)"
"Preet Cheema","balpreet307@gmail.com","NA","NA","00","9056485869","User","24 Feb 2024 (09:30:23 am)"
"Tochukwu Jeremiah Brendan","brendanjerrytc9@gmail.com","44","7780052808","","","User","24 Feb 2024 (07:56:43 am)"
"Aashwin Antony","user8137056902@gmail.com","91","8137056902","","","User","23 Feb 2024 (09:23:39 pm)"
"user6725513020","user6725513020@gmail.com","1","6725513020","","","User","23 Feb 2024 (09:22:45 pm)"
"ANTONY KIRAN SONI","soniantonykiran77@gmail.com","44","7513106595","NA","NA","User","23 Feb 2024 (08:05:12 pm)"
"user1774859170","user1774859170@gmail.com","49","1774859170","","","User","23 Feb 2024 (02:02:26 pm)"
"MOHAMMED SHAMEEM MATTIL","mattilmohammedshameem@gmail.com","44","7990261018","0","0","User","23 Feb 2024 (12:46:08 pm)"
"Preet Cheema","balpreetk307@gmail.com","91","9056485869","","00","User","23 Feb 2024 (12:42:38 pm)"
"user09610092","user09610092@gmail.com","India1","09610092","2","2","User","23 Feb 2024 (06:55:41 am)"
"Manikandan MURUGANANTHAM","Oksmile001@gmail.com","NA","7438818536","44","77485311090","User","22 Feb 2024 (10:31:55 pm)"
"Cristina Proca","cebanugheorghe533@gmail.com","44","7862148248","","","User","26 Oct 2024 (08:50:30 am)"
"Amandeep kaur","amandpkaur271@gmail.com","44","7448391329","NA","07741036370","User","22 Feb 2024 (05:36:16 pm)"
"Maneesh David","maneeshdavid1995@gmail.com","44","7387778370","","0","User","22 Feb 2024 (04:59:30 pm)"
"Prabhjot kaur 15","prabhjotkaur15984@gmail.com","91","8427237386","44","7990668440","User","22 Feb 2024 (04:53:16 pm)"
"~Muskan Sharma","itsmuskan08032001@gmail.com","44","7774647851","NA","NA","User","22 Feb 2024 (04:21:54 pm)"
"Sarita Suman","Saritasuman59@gmail.com","44","7767186689","","","User","22 Feb 2024 (04:16:09 pm)"
"J L Hylton","Hylton1treasures1@gmail.com","44","7365299084","","0","User","22 Feb 2024 (12:44:32 pm)"
"Mariya naaz","mariyanaaz2001@gmail.com","44","7774645598","","","User","22 Feb 2024 (12:36:21 pm)"
"user7440045318","user7440045318@gmail.com","44","7440045318","","","User","22 Feb 2024 (12:00:03 pm)"
"user9796271973","user9796271973@gmail.com","91","9796271973","","","User","22 Feb 2024 (08:22:57 am)"
"Loredana","loredanahosu2016@gmail.com","44","7522032868","","","User","21 Feb 2024 (03:20:08 pm)"
"Simran Singh","04singh.simran@gmail.com","44","7741996762","","NA","User","21 Feb 2024 (03:14:39 pm)"
"HarPreeT Kaur 7","Harpreeetk4@gmail.com","44","7741965150","","NA","User","21 Feb 2024 (02:27:50 pm)"
"Alexandru Ion Hategan","leagueofs@yahoo.com","44","7902411172","NA","NA","User","21 Feb 2024 (01:49:19 pm)"
"Sarath Santosh","saratsanthosh7@gmail.com","91","8921796453","-","-","User","21 Feb 2024 (01:41:08 pm)"
"user17631131615","user17631131615@gmail.com","49","17631131615","","","User","21 Feb 2024 (01:39:15 pm)"
"Dumitru Edmundo Banuti","edmundobanuti@gmail.com","44","7856161885","NA","NA","User","20 Feb 2024 (10:25:03 pm)"
"Asha maria","Bibinshaju434@gmail.com","91","9562560964","Na","NA","User","20 Feb 2024 (10:13:24 pm)"
"Arwindpal Singh","Arwindsandhu12@gmail.com","91","9463742050","Na","NA","User","20 Feb 2024 (10:08:23 pm)"
"user7716891515","user7716891515@gmail.com","44","7716891515","","","User","20 Feb 2024 (10:07:07 pm)"
"user6728664282","user6728664282@gmail.com","1","6728664282","","","User","20 Feb 2024 (10:06:11 pm)"
"user6376933497","user6376933497@gmail.com","91","6376933497","","","User","20 Feb 2024 (10:05:14 pm)"
"user3400420003","user3400420003@gmail.com","92","3400420003","","","User","20 Feb 2024 (10:03:38 pm)"
"Samuel Odudare","Sportysam2000@yahoo.com","44","7458952229","","","User","20 Feb 2024 (09:54:54 pm)"
"user7867102351","user7867102351@gmail.com","44","7867102351","","","User","20 Feb 2024 (09:52:20 pm)"
"user7481517882","user7481517882@gmail.com","44","7481517882","","","User","20 Feb 2024 (09:22:37 pm)"
"Prabhjot singh","jotprabh2002@gmail.com","91","8307514846","0","0","User","20 Feb 2024 (08:03:57 pm)"
"user7538780476","user7538780476@gmail.com","44","7538780476","","","User","20 Feb 2024 (07:10:55 pm)"
"Nishith Alla","Nishith97alla@gmail.com","44","7867257301","","","User","20 Feb 2024 (01:41:47 pm)"
"Jade Xavier","jx.force.2020@gmail.com","44","7342287575","","-","User","20 Feb 2024 (12:44:40 pm)"
"Mariana pitaru","marianapitaru9@gmail.com","44","7393301737","","","User","20 Feb 2024 (09:04:56 am)"
"Heteshi","Heteshisharma121@gmail.com","91","7379031963","NA","NA","User","19 Feb 2024 (11:16:10 pm)"
"Dan iulian Ciumberica","Iulian.cdi@yahoo.com","44","7746651558","NA","NA","User","19 Feb 2024 (11:08:26 pm)"
"Elena Claudia Nuica","caudiadeedee04@gmail.com","44","7523832559","NA","NA","User","19 Feb 2024 (10:59:10 pm)"
"Nafisa Hussain","naf0719@outlook.com","44","7739464175","NA","NA","User","19 Feb 2024 (10:46:23 pm)"
"Waqas Waqas","iamwaqas99@gmail.com","44","7832735798","-","-","User","19 Feb 2024 (01:43:55 pm)"
"Gurpreet  Khera","kaurg0128@gmail.com","44","7404167365","","","User","19 Feb 2024 (01:06:00 pm)"
"Akshay Unagar","uakshay889@gmail.com","49","17661945717","","","User","19 Feb 2024 (12:58:17 pm)"
"Harleen kaur Bajw","hk5224613@gmail.com","44","7721816300","","NA","User","19 Feb 2024 (11:08:09 am)"
"Kunal","ks832248@gmail.com","44","7405861291","","-","User","19 Feb 2024 (09:20:50 am)"
"Remy Manualjoy","manualjoyremy@gmail.com","91","6282885302","0","NA","User","18 Feb 2024 (04:12:20 pm)"
"user710756746","user710756746@gmail.com","94","710756746","","","User","18 Feb 2024 (03:01:15 pm)"
"Pallavi","user7776640642@gmail.com","44","7776640642","","3","User","18 Feb 2024 (09:51:17 am)"
"Iulia Valentina","izadearobi98@gmail.com","44","7780577855","Na","NA","User","17 Feb 2024 (10:47:21 pm)"
"Vishesh Varia","visheshvaria2212@gmail.com","49","17693109723","","","User","17 Feb 2024 (12:35:41 pm)"
"Emana Emy","Stevenbrown6@yahoo.co.uk","44","7917396355","","NA","User","17 Feb 2024 (10:19:27 am)"
"Bilal ramzan","user15738053691@gmail.com","49","15738053691","NA","NA","User","16 Feb 2024 (10:29:56 pm)"
"Shaji David","dominictoretto.sd@gmail.com","971","555019407","49","17615412770","User","16 Feb 2024 (08:17:48 pm)"
"Maninder singh","ngrewal611@gmail.com","44","7407448350","","-","User","16 Feb 2024 (12:53:06 pm)"
"Prosper Emenike Anyaogu","anyaoguprosper@gmail.com","44","7879157060","-","-","User","16 Feb 2024 (08:54:52 am)"
"Madhavi Puri","user7587678003@gmail.com","44","7587678003","","","User","15 Feb 2024 (02:16:28 pm)"
"Raghula shivacharan goud","shivacharangoudraghula@gmail.com","+44","7717160083","","","User","15 Feb 2024 (11:41:59 am)"
"Ifeanyi Ernie chidume","Favouraify@yahoo.com","44","7438591154","","","User","15 Feb 2024 (09:28:51 am)"
"user830988213","user830988213@gmail.com","353","830988213","","","User","14 Feb 2024 (04:51:16 pm)"
"Nivedita Sathya","Nivedithasathya27@gmail.com","44","7587588006","","","User","14 Feb 2024 (04:39:52 pm)"
"user7425850866","user7425850866@gmail.com","44","7425850866","","","User","14 Feb 2024 (10:20:44 am)"
"Hardeep Kaur","hardeep123kaurhsp@gmail.com","44","7741746842","","","User","14 Feb 2024 (08:36:28 am)"
"Serghei Borta","Sergifritchi@gmail.com","44","7417512056","44","7549208060","User","14 Feb 2024 (08:18:30 am)"
"Robin","Robinsonnmassey@gmail.com","91","7838274620","","","User","14 Feb 2024 (07:59:25 am)"
"Onur Shakir","onurshakir2004@gmail.com","44","7460011070","","","User","14 Feb 2024 (07:58:55 am)"
"Ranjit singh","user7404185506@gmail.com","91","7404185506","","","User","14 Feb 2024 (06:59:14 am)"
"user6284845218","user6284845218@gmail.com","91","6284845218","","","User","13 Feb 2024 (09:33:04 pm)"
"Juna Joseph","junamariya57@gmail.com","49","15210914129","","","User","13 Feb 2024 (09:15:18 pm)"
"Issac Kezhake","Issac.kezhake@gmail.com","44","7867256600","","","User","13 Feb 2024 (03:10:55 pm)"
"~Sukhpreet singh","s.randhawas15.8@gmail.com","44","7776514257","","","User","13 Feb 2024 (01:29:35 pm)"
"user9878850249","user9878850249@gmail.com","91","9878850249","","","User","13 Feb 2024 (12:21:36 pm)"
"Eddie Bongo","user7719814485@gmail.com","44","7719814485","","","User","13 Feb 2024 (12:10:39 pm)"
"Daniel Procopio","robert_a@hotmail.it","44","7442104680","","-","User","13 Feb 2024 (11:32:28 am)"
"Ivan tanev","Atanaskolev105@gmail.com","44","7824555801","","","User","13 Feb 2024 (10:30:25 am)"
"Alvin Vilson","alvinvilson2002@gmail.com","44","7990261126","","","User","13 Feb 2024 (07:12:47 am)"
"Vyshnavi Gonuguntla","vyshugonuguntla@gmail.com","91","7396418238","","","User","12 Feb 2024 (11:33:32 pm)"
"Nadia Iorga","iorganadia@gmail.com","44","7784780863","","0","User","12 Feb 2024 (11:21:52 pm)"
"~Faiz Mohamed","faiz.obadi@gmail.com","44","7831689183","","","User","12 Feb 2024 (11:03:49 pm)"
"Pavan Goud Alwala","alwalapavangouduk@gmail.com","44","7586475817","","","User","12 Feb 2024 (02:10:14 pm)"
"Aisha Shafana Kallan","aishashafanakallan@outlook.com","44","7717004527","","","User","12 Feb 2024 (01:32:51 pm)"
"Gauri devi","gaurijindal97@outlook.com","44","7407282896","","","User","12 Feb 2024 (01:27:03 pm)"
"user7025609886","user7025609886@gmail.com","91","7025609886","","","User","12 Feb 2024 (11:38:41 am)"
"user7448947605","user7448947605@gmail.com","44","7448947605","","","User","12 Feb 2024 (11:38:08 am)"
"Ranjeet singh 77","rahmatdeep67@gmail.com","44","7799393694","","0","User","12 Feb 2024 (11:36:45 am)"
"Asha Maria","Aswinpmathews22@gmail.com","371","27903847","","","User","12 Feb 2024 (11:35:14 am)"
"Meenakshi Kalyan","Meenakshi19910928uk@gmail.com","44","7741983947","","","User","12 Feb 2024 (11:28:40 am)"
"Nimisha","nimishajimmy767@gmail.com","49","1795257847","","","User","11 Feb 2024 (06:18:37 pm)"
"Nisha","nishabidla0817@gmail.com","49","15758199217","","","User","11 Feb 2024 (02:38:48 pm)"
"Vijaya Sri Kalal","vijayasriuk24@gmail.com","91","9390264600","","","User","11 Feb 2024 (12:39:15 pm)"
"rajwinder","user7466835358@gmail.com","44","7466835358","","","User","11 Feb 2024 (11:49:05 am)"
"Prince Bhingaradiya","princebhingaradiya4193@gmail.com","49","17685972343","","","User","11 Feb 2024 (11:43:49 am)"
"Fuhad sanin","Fuhadvp1122@gmail.com","91","9744922570","","","User","11 Feb 2024 (11:18:10 am)"
"Deepa","deepapardhan088@gmail.com","44","7393120659","","","User","10 Feb 2024 (05:47:08 pm)"
"Punendra ghaskata","punendraghaskata17@gmail.com","+49","17621804119","","","User","10 Feb 2024 (01:04:20 pm)"
"user9784710046","user9784710046@gmail.com","91","9784710046","","","User","10 Feb 2024 (12:58:53 pm)"
"Rah","rah01acn@gmail.com","91","87098776543","","","User","10 Feb 2024 (12:58:05 pm)"
"Kajal 777","k9188781@gmail.com","44","7775410674","","0","User","10 Feb 2024 (12:56:40 pm)"
"Raj Ain","raj_senthooran@yahoo.com","+44","7737243345","","","User","10 Feb 2024 (12:51:39 pm)"
"ankurchohan","ankurchohan1@gmail.com","44","7437043590","44","7437043590","User","10 Feb 2024 (09:25:45 am)"
"~Parth Patel","pthptl23@gmail.com","91","9586080658","","","User","10 Feb 2024 (07:58:01 am)"
"user798257546","user798257546@gmail.com","962","798257546","","","User","10 Feb 2024 (06:48:44 am)"
"user9610092582","user9610092582@gmail.com","91","9610092582","","","User","10 Feb 2024 (06:47:14 am)"
"","user8791745677@gmail.com","91","8791745677","","","User","10 Feb 2024 (05:35:10 am)"
"Majinder Kaur","dhaliwalmanjinderkaur787@gmail.com","91","7652946033","44","7901384569","User","09 Feb 2024 (07:43:47 pm)"
"Parminder Deogun","parminderdeogun1996@gmail.com","+44","7362412975","","NA","User","09 Feb 2024 (07:28:02 pm)"
"Jaspreet rathore","Jassirathore46@icloud.com","44","7587542094","","NA","User","09 Feb 2024 (06:39:19 pm)"
"","user8943888567@gmail.com","91","8943888567","","","User","09 Feb 2024 (05:21:54 pm)"
"Kirandeep kaur sandhu","ksdeepsandhu00@gmail.com","44","7741049724","","","User","09 Feb 2024 (03:40:25 pm)"
"Artimisa Monteiro","artimisamonteiro20@gmail.com","44","7789473046","","","User","09 Feb 2024 (03:03:53 pm)"
"Golaf Uddin","golaf1981@hotmail.co.uk","44","7817549078","","Na","User","09 Feb 2024 (02:42:50 pm)"
"Svenja","Svenja.hallmann@hotmail.de","+49","15222016587","","","User","09 Feb 2024 (02:41:05 pm)"
"NOBLE BABU ARRAKKAL POULOSE","noblebabuap@gmail.com","+91","9846875088","","0","User","09 Feb 2024 (02:32:41 pm)"
"Wisdom","user9031107209@gmail.com","234","9031107209","","","User","09 Feb 2024 (12:23:51 pm)"
"Nisha Rana","nisharana1670@gmail.com","91","7404961670","","","User","09 Feb 2024 (10:47:28 am)"
"Jari Ain","user7534867866@gmail.com","+44","7534867866","","","User","09 Feb 2024 (10:40:24 am)"
"mahipal singh","anshsuthar03@gmail.com","+91","09610092299","","","User","08 Feb 2024 (11:22:00 am)"
"Alex Cherian","alexcherian96@gmail.com","91","8943237006","","","User","08 Feb 2024 (10:13:18 am)"
"Sylwia KRZYZANOWSKA","malamoonie@gmail.com","44","7432126189","","","User","07 Feb 2024 (03:56:47 pm)"
"Athul","athulpknew@gmail.com","+91","9400139857","","","User","07 Feb 2024 (01:31:34 pm)"
"Sebin Jose","Sebinjose110@gmail.com","49","17635439682","","","User","07 Feb 2024 (01:07:04 pm)"
"Lenuta Fistic","fisticlenuta@gmail.com","+44","7748979748","","0","User","07 Feb 2024 (12:47:05 pm)"
"Zamil abedin","Zamilabedin1508@gmail.com","+44","7719195768","","","User","07 Feb 2024 (12:12:13 pm)"
"Anjana Prasad","anjanaprasad546@gmail.com","44","7917251645","","","User","07 Feb 2024 (10:17:53 am)"
"Naouel ayadi","Naouel.jerbi@hotmail.co.uk","44","7475708869","","","User","06 Feb 2024 (11:29:52 pm)"
"Aygyun Shakir","aygyunshakir@gmail.com","44","7488964601","","","User","06 Feb 2024 (11:27:23 pm)"
"Marks Akentjevs","M.akentjevs@gmail.com","44","7399461280","","","User","06 Feb 2024 (11:24:49 pm)"
"Vishali kondal","vishaligautam762@gmail.com","44","7990255941","","0","User","06 Feb 2024 (11:02:40 pm)"
"Vishu","vishusahota60@gmail.com","91","7087797243","","","User","06 Feb 2024 (10:57:38 pm)"
"Ronish Parhbagga","ronishbagga88@outlook.com","44","7467270430","","","User","06 Feb 2024 (10:51:57 pm)"
"Taís Spina","Tsparanhos@gmail.com","44","7367274854","","","User","06 Feb 2024 (02:39:23 pm)"
"Robin Joseph","robinmnr@gmail.com","+49","15753628566","","","User","06 Feb 2024 (11:15:40 am)"
"Md Mojammel Hossain Bijoy","Bijoyhossain755@gmail.com","+49","17670527683","","","User","06 Feb 2024 (11:00:55 am)"
"Anila Pulliyath Unnikrishnan","anilaunni94@gmail.com","91","9446435698","","","User","06 Feb 2024 (10:50:39 am)"
"Navaneeth Krishnan","navaneethgkrishnan@gmail.com","+49","1781850123","","","User","05 Feb 2024 (02:13:12 pm)"
"Xavier Shibu","Xaviershibu330@gmail.com","+91","9961048896","","","User","05 Feb 2024 (01:57:38 pm)"
"Ludmila Biaggio","user7840048914@gmail.com","+44","7840048914","","","User","05 Feb 2024 (12:26:04 pm)"
"New client","user7470574261@gmail.com","+44","7470574261","","","User","05 Feb 2024 (10:11:35 am)"
"Lavisha sharma","lavishasharma895@gmail.com","+44","7990269757","","","User","05 Feb 2024 (08:56:19 am)"
"Sorin Iordache","Corinacorii@yahoo.com","+44","7405334518","","0","User","05 Feb 2024 (08:40:57 am)"
"Gintota Nirosha Vitharana","niroshavitharana@yahoo.com","44","7401575100","","","User","04 Feb 2024 (08:40:50 pm)"
"Archana Raju","archanaraju9962@gmail.com","49","17670353248","","","User","04 Feb 2024 (08:29:41 pm)"
"Hangu Alin","hangualin@gmail.com","44","7566833563","","","User","04 Feb 2024 (08:22:12 pm)"
"Dinesh Boddu","dineshboddu1015@gmail.com","49","17685979315","91","8341416337","User","04 Feb 2024 (02:51:42 pm)"
"ALEXANDRU CATALIN STOICA","alexandrustoica99@yahoo.com","44","7311212191","","","User","04 Feb 2024 (11:47:19 am)"
"GOMATAM PAVAN YATHINDRA","pavanyathindra@gmail.com","49","1773025156","","","User","03 Feb 2024 (08:24:19 pm)"
"Kiranpreet khaira","kiramkhaira99@gmail.com","44","7424867846","","","User","03 Feb 2024 (08:03:28 pm)"
"Sergiu","user7444658067@gmail.com","+44","7444658067","","","User","03 Feb 2024 (11:06:02 am)"
"Reshuz","telyreshu@gmail.com","91","8086944694","","","User","02 Feb 2024 (10:41:10 pm)"
"Rajwinder Kaur 77","rajwindernagra69@gmail.com","+44","7721704541","","","User","02 Feb 2024 (01:55:17 pm)"
"pawan","pawan@warrgyizmorsch.com","","123454321","","","Project Team","02 Feb 2024 (01:43:27 pm)"
"Tochi","Tochionyeise@gmail.com","234","8030926833","44","7469506258","User","02 Feb 2024 (12:10:30 pm)"
"Kirandeep Kaur","user7727353166@gmail.com","+44","7727353166","","","User","02 Feb 2024 (11:55:59 am)"
"Sebin joseph","Sebinjk17297@gmail.com","49","17680651485","","","User",""
"Josi Biaggio","josi.biaggio16@gmail.com","44","7511046007","","","User",""
"Shaina","shainabrotia@gmail.com","44","7587808501","","","User",""
"~Ramununna","user470617","49","17670470617","","","User",""
"~Rabia","user331559","44","7455331559","","","User",""
"Aneena","user685424@gmail.com","91","8590685424","","","User",""
"Divyadhanush Rai","divyadhanushrai@gmail.com","49","17658102132","","","User",""
"Patricia","Beylisia28@gmail.com","44","7307069504","","","User",""
"Akash Babu","meakashbabu@gmail.com","91","7510172669","","","User",""
"Nadia Malik","user256231@gmail.com","44","7534256231","","","User",""
"Jijin","user139795@d","49","17693139795","","","User",""
"Sanjay","Sanjay@warrgyizmorsch.com","91","123456789","","","Marketing Team",""
"Junaid Ummathoor Anakkallil","junu7575@gmail.com","49","17675015293","","","User",""
"~Hady","hady.tarabeih@gmail.com","49","17631160517","","","User",""
"Hira Anwaar","hiraanwaar36@gmail.com","44","7360016135","","","User",""
"Damilola Ologun","user323810","91","7032323810","","","User",""
"Melbin Kunnumpurath","Melbinkb07@gmail.com","91","8606059865","","","User",""
"Sreeraj Suresh","sreyassreekuttan@gmail.com","49","15781098929","","","User",""
"Amandeep","amandeeppkaurr123@gmail.com","44","7438246675","","","User",""
"Georgiana Stefan","Georgianastefan994@yahoo.com","44","7862891085","","","User",""
"Ayomide Babalola","midebabs17@gmail.com","44","7470413152","","","User",""
"Sameenakareem75@gmail.com","Sameenakareem75@gmail.com","91","8078985011","","","User",""
"Diksha Thakur","dikshathakur4234p@gmail.com","44","7440393351","","","User",""
"Parvathy Manoj","parvathymanoj292@gmail.com","91","8921544028","","","User",""
"Kirti Sharma","sharmakriti841@gmail.com","44","7760358328","","","User",""
"Jaspreet Dilawer","dilawer25@gmail.com","44","7436312136","","","User",""
"Nirbhe singh","rajwinderkaur120398@gmail.com","44","7443812997","","-","User",""
"Jagdeep Singh","singhjag847@gmail.com","44","7466680203","","","User",""
"Felix Thinius","F.c.thinius@gmail.com","49","1749392900","","","User",""
"Dominik Hrnciar","hrnciardominik931@gmail.com","44","7561006314","44","7951 168246","User",""
"Rakesh","rkumartvla@gmail.com","91","9496732041","","","User",""
"Simran Sekhon","kaursimran12uk@gmail.com","44","7393109714","","","User",""
"Komal battan","Komalbattan369@gmail.com","44","7393131472","","00","User",""
"Sebin Mathew","m.sebin@gmail.com","49","1777810899","","","User",""
"Andreea Gabriela Onofrei","andreea_neagra@yahoo.com","44","7553987040","","","User",""
"~Upadesh Shahi","jamesrock750@gmail.com","91","7864099024","","00","User",""
"Sydney","Puppy@14567","+44","7453915260","","","User",""
"STEPHANIE KYEREMAA","stephaniekyeremaa@gmail.com","233","246975884","","","User",""
"jomit jophy","jomitjophy@gmail.com","91","7025657207","","","User",""
"Sunoy sujatha","lijotj321@gmail.com","49","1608186775","","","User",""
"Arvinder singh","arvindersingh25102003@gmail.com","44","7379322330","","NA","User",""
"Jeol Jose","Joeljosearikkat45@gmail.com","91","9048427953","","","User",""
"~Shreyas Reddy","shreyasreddygsr@gmail.com","91","9902889944","","","User",""
"Harpreet mal","kauraman8553@gmail.com","44","7424489455","","","User",""
"Rinku Kumari","rrk68700@gmail.com","44","7748455053","","","User",""
"Sukhveer kaur","Kkaursukhveer258@gmail.com","44","7741028790","","","User",""
"user703265","user703265@gmail.com","91","7607703265","","","User",""
"Prabhjot kaur 97","prabhjotkaur8880@gmail.com","91","9781173424","","","User",""
"Abdul Ghouse","abdulghouse96@gmail.com","49","1728067690","","","User",""
"~Sharandeep Bhullar","kaursharandeep616@gmail.com","91","7986922897","44","7407 061724","User",""
"abhay gupta","abhaygupta.ag644@gmail.com","44","7466542756","","","User",""
"Isabella spinu","spinuisabela2004@gmail.com","44","7585388195","","","User",""
"Yaseen","yaseenkamarudheen@gmail.com","91","9539530944","","","User",""
"Savani Ravi Ganeshbhai","ravisavani9657@gmail.com","49","17662156790","","","User",""
"Chirag Bhatia","chirag.bhatia2410@gmail.com","49","17674974085","","","User",""
"Navdeep pabla","Nvdeepsaini4@gmail.com","91","7384203686","","NA","User",""
"Pankaj Dogra","pankajdogra099@gmail.com","44","7917331528","","","User",""
"Gaurav Sharma","gauravsharma472016@gmail.com","44","7768023230","","","User",""
"Nidhi Nidhi","nidhiinfermiera@gmail.com","91","7015615841","","","User",""
"Nadia maria","nadiavaz74@gmail.com","44","7368992814","","0","User",""
"Prateek Jagannath","prateekbj14@gmail.com","91","9686840692","","","User",""
"Mayank ","mayank@gmail.com","91","00000000","","","Marketing Team",""
"Sophiya Jahan","sofia@warrgyizmorsch.com","91","00000000","","","Unknown",""
"Mihaela Dutu","mikyss_s@yahoo.com","44","7501106433","","","User",""
"Aanand muralidhara kurup","anandmk2897@gmail.com","91","9072002990","","","User",""
"~Jesly Jolly","jeslyjolly24@gmail.com","91","8606155624","49","17631235801","User",""
"Akhil meleth","akhil3480@gmail.com","49","15223143494","","","User",""
"","liubovi.chetrusca87@gmail.com ","91","7307428861","","","User",""
"Sabrine","user533902@cdf","49","1608533902","","","User",""
"Vibisha 66","user999377@s","66","927999377","","","User",""
"MAJA TODOSOVA ACHESKI","majamatejat@gmail.com","44","7455872404","","","User",""
"Harsimran kaur","user398257","91","7442398257","","","User",""
"Milena Rataj","milena.rataj16@gmail.com","44","7551615698","","00","User",""
"Adlin Dessa","adlinlima@gmail.com","44","7467256270","","","User",""
"Alexia","alexialisneanu@gmail.com","40","755526039","","","User",""
"ABHISHEK THIYYAKKANDY","abhithiyyakkandy@gmail.com","49","1638542926","","","User",""
"Onyeise Ikenna Nelson","ikennaonyeise@yahoo.com","44","7867741728","","","User",""
"Kaustubh Ketan Tambe","ktambe2000@outlook.com","49","15259768816","","","User",""
"Mohamed Hamza","mwhamza@hotmail.com","20","1144440086","","","User",""
"Kotegowdara Kushal","kotegowdarakushal@gmail.com","91","9902527610","","","User",""
"Irina Domentean","irinuchia1992@gmail.com","44","7440561399","","NA","User",""
"Syed Ali","aligohar78687@gmail.com","49","1731428929","","","User",""
"Sourabh Sourabh","Sourabhsonu671@gmail.com","91","9480509276","","","User",""
"avni","avni.warrgyizmorsch@gmail.com","91","123456789","","","WriterTL",""
"Arshpreet Kaur 81","Kaurarshpreet980@gmail.com","91","8146808848","","","User",""
"AngaRose Benny","angabennythalumkal@gmail.com","44","7927407002","","","User",""
"Hasnain nawaz","user330***","92","3038330791","","","User",""
"BENSON PUTHENPARAMBIL VARGHESE ","bensonvarghese999@gmail.com","49","17627540064","","","User",""
"Ramandeep kaur","rk3910750@gmail.com","44","7741974167","","","User",""
"Karanjit Kaur","Karanjitkaur2344@gmail.com","91","7347678847","","","User",""
"Albert Gyamf","Ogyaa@yahoo.co.uk","44","7930305492","","00","User",""
"Vyshak Nallatt","vyshaknallatt650@gmail.com","91","9895885619","","","User",""
"Shelly","Shellysalhotra07@gmail.com","44","7823611414","44","7721972541","User",""
"nikhilchandranb1226@gmail.com","nikhilchandranb1226@gmail.com","91","7510831226","","","User",""
"Sabehya Rahman","Tanya1980_1980@icloud.com","91","7566852471","","","User",""
"sukhraj kaur Randhawa","kaursukhraj891@gmail.com","44","7475081292","","","User",""
"Harshita ","Harshitaaa.chouhan7@gmail.com","91","7877621361","","","User",""
"Queen Efosa","Efosaeseosa@gmail.com","234","8075309778","","","User",""
"Vipin Ravi","Vipinravi27@gmail.com","44","7741104766","","","User",""
"Amandeep kaur Soora","Amandeepkaursoora@gmail.com","44","7776641657","","","User",""
"Ani Dimitrova","anidim3@icloud.com","44","7482352305","","-","User",""
"Maria Giovanna Scata","Maria.gio.s@hotmail.it","44","7879394770","","NA","User",""
"Dheepthaa Gnanasundaram","dheepthaa95@gmail.com","91","8344525754","","","User",""
"Nishmita Kotian","user1941**","91","9731941340","","","User",""
"Wisam Al Sweidan","Wisamsweidan@gmail.com","49","17662779189","","","User",""
"Ruchika Chauhan","chauhanruchika62@gmail.com","44","7407742540","","","User",""
"Trupthi Sk","Sktrupthi31@gmail.com","49","17662537647","","","User",""
"Esther","user090950","49","15228090950","","","User",""
"Niru Jimba","user503180@gmail.com","44","7503503180","","","User",""
"Saajan","saajan.2023@live.rhul.ac.uk","91","7355529402","","","User",""
"Lakhwinder Singh","lakhwinder04091994@gmail.com","44","7587563699","","","User",""
"Devansh Rathod","drathod3936@gmail.com","91","9427150600","","","User",""
"Neha Kaur","user235689@s","44","7586235689","","","User",""
"john jose","johnnereparambil@gmail.com","91","8281528323","","","User",""
"Jacob Roshen George","jacobroshen88@gmail.com","91","8289935598","","","User",""
"Diego dias da silva","Domdiego069@gmail.com","44","7931109450","","","User",""
"Bibek rai","bbkrai123@gmail.com","44","7503534076","","","User",""
"Rahul Kalia","Rahulkalia0212@gmail.com","44","7404325547","","","User",""
"Evie","evichapwanya@gmail.com","44","7960085209","","","User",""
"Abhijith Joshy","abhijiththekkan09@gmail.com","91","7034154032","","","User",""
"Mihaela Cordoneanu","cordoneanu.mihaela14@gmail.com","44","7380556258","","","User",""
"Srishti Baghel ","srishti.discord@gmail.com","91","7000047741","","","User",""
"Suruthi Rajangam","suruthirajangam1999@gmail.com","91","8807570905","","","User",""
"~Arbaz Khan","arbu786khan@gmail.com","44","7411636450","","00","User",""
"Damini bhatia","daminibhatia91@gmail.com","91","7973372238","","","User",""
"Jomin Joy","tintupalakkad1991@gmail.com","49","17666231288","","","User",""
"Bhagwoti thapa","bhagwati_thapa@yahoo.com","44","7388524878","","","User",""
"Prena Rai","prenachamling0@gmail.com","44","7768285069","","","User",""
"Indira Malik ","Indira.malik3707@gmail.com","49","17683149074","","","User",""
"Abirami Arunachalam","abirami.petha@gmail.com","44","7407007228","","","User",""
"hina","user205702","91","7600205702","","","User",""
"Akhil abraham","akhilabraham135@gmail.com","91","7034627938","","","User",""
"Mandeep kaur 777","mandeepkaurg179@gmail.com","44","7774468058","","","User",""
"~Gora Kiran","kirandeepkkaur0002@gmail.com","44","7851401793","","","User",""
"jass","user5973**","91","9815973957","","","User",""
"Baljinder Singh","Baljindersingh0820@gmail.com","44","7748377515","","","User",""
"Safah Sait","user822269","49","15212822269","","","User",""
"~Fareena Rafique","Fareenarafique@yahoo.com","91","7300502601","","","User",""
"Chandan mittal","mittalchandaneu@gmail.com","49","15750107977","","","User",""
"athiraa","athira70411@gmail.com","91","7902242410","","","User",""
"Bright Kwarteng Amoah","blessedbright2@gmail.com","49","17674119936","","","User",""
"alvii","alvinantony4646@gmail.com","91","9744949963","","","User",""
"sam","dhamijazz68@gmail.com","49","17688386984","65","84974649","User",""
"Taranjeet kaur","taran0504@gmail.com","44","7440654080","","","User",""
"Amandeep Singh","ar.askauli@gmail.com","44","7407820949","","","User",""
"Arzoo","Arzoo@warrgyizmorsch.com","91","123456789","","","Sub Writer",""
"Powell Kitaka","powellkitaka@gmail.com","44","7867583892","","","User",""
"Avinash Chaudhary","avirsingh1509@gmail.com","91","8108010989","","","User",""
"Francy varghese","painadath.francis@gmail.com","44","7429259116","","","User",""
"Sunil K yadav","Sunilkyadav182@gmail.com","91","7989533676","","","User",""
"Clinton C Nwogu","user907661@s","49","15211907661","","","User",""
"Nikita Roy","Nikitaroy.nr147@gmail.com","44","7393123103","","","User",""
"Harmandeep Singh","harmadeepbhullar73@gmail.com","44","7741987422","","","User",""
"Nour","n_shami82@hotmail.com","962","799991461","","","User",""
"priyanka  parajuli","priyankaparajuli124@gmail.com","44","7818637105","","","User",""
"~Sanchit","sanchit2491999@gmail.com","44","7768002350","","","User",""
"Jerrin James","jerinjamesinchiparambil@gmail.com","49","15217865730","","","User",""
"Ardra Sathya Prakash","user017***","44","7769017584","","","User",""
"Sourav badalia","souravbadalia72@gmail.com","91","6283760443","","NA","User",""
"Neha Gulati","Nehagulati31192@gmail.com","44","7775451689","","","User",""
"Valentina Hristova","valensiq25@gmail.com","44","7548353373","","","User",""
"Mithun Murali","Mithunmurali615@gmail.com","49","17631711048","","","User",""
"Elena Tinea","elenatsinea@gmail.com","44","7448499652","","-","User",""
"Ashna Johnson","ashnajohnson066@gmail.com","91","7510171849","","","User",""
"himanshu rana","user582468@gmail.com","44","7480582468","","","User",""
"Syeda Bano","errambano@gmail.com","91","7330789663","","","User",""
"adnan shakir","adnan.shakir@gmail.com","44","7305807936","","","User",""
"Praveen Thelakkadan devassy","praveenpraveenzz766@gmail.com","91","9961962656","","","User",""
"~Dilpreet Singh","dilpreetsingh26022001@gmail.com","44","7767322986","","","User",""
"Tefelo Judah","tdunaflo@gmail.com","49","15153412583","49","17625828244","User",""
"amal","amaljosephmaniyakupara@gmail.com","49","17637745562","","","User",""
"camii","user084477@gmail.com","44","7739084477","","","User",""
"Mandeep Singh Brar","Brarmandeep54@gmail.com","44","7300846234","","","User",""
"Manpreet 740","mk069953@gmail.com","44","7407276382","","","User",""
"jaleel","jaleelhussain07sm@gmail.com","91","9562097745","","","User",""
"joyel","user357229","49","17680357230","","","User",""
"Ayushman Kashyap","ayushmankashyap1@gmail.com","91","8638577415","","","User",""
"zahra","user713109","91","9737713109","","","User",""
"Priyanka Moradiya","priyankamoradiya217@gmail.com","49","15227625010","","","User",""
"~Jithender","jithenderbalagoni9@gmail.com","44","7733731561","","","User",""
"Kinza Ahmed","Kinzaahmed1997@gmail.com","44","7473344142","","","User",""
"Akhil CU","akhilcu70@gmail.com","91","9562407606","","","User",""
"Nisha Jalora","nisha10jalora@gmail.com","91","9909286490","","","User",""
"mohammed Abrar Ahmed khan","abrarkn8464@gmail.com","44","7438414900","","","User",""
"Sonali kadam","user318138","91","8149318138","","","User",""
"binson","binsonthomas99@gmail.com","44","9497826619","","","User",""
"Archana sangal","user252854@s","44","7748252854","","","User",""
"mhd siraj","user250220@gmail.com","44","7748250220","","","User",""
"Dilpreet","dilpreetm50@gmail.com","91","7405389569","","","User",""
"Gurjant Singh","dimpledimple5661@gmail.com","44","7741973937","","","User",""
"Farhath Yasmeen","anabiyanaveed25@gmail.com","91","6304341749","","","User",""
"Anchal Sharma 06","anchalsharma06959@gmail.com","44","7767180094","","","User",""
"Jobanjit","jobanjit31@yahoo.com","91","8283085591","","","User",""
"Ehimen","user068585@w","234","8068068585","","","User",""
"stank ibrahimi","Stanko.ibrahem@yahoo.com","49","1631190829","","Na","User",""
"harpreet singh","user849216@gmail.com","44","7311849216","","","User",""
"Mr B V TRUSE","Viviantruse@yahoo.com","44","7395309170","","","User",""
"Nkeiruka","nwaordulilibeth65@gmail.com","44","7780559263","","","User",""
"Aarthi Shree Chandiran,","aarthichandru99@gmail.com","49","17674199920","","","User",""
"Shafeeq Ummer","Shafeeqummerofficial007@gmail.com","49","1784917055","","","User",""
"~Lubna Fatima","Lubnafatima704@gmail.com","44","7887246420","","","User",""
"Simran kariyaniya","simiii1704@gmail.com","91","9727640356","","","User",""
"Rakshith Nagaraj","rakshithn67@gmail.com","91","7022844406","","","User",""
"John Sebastian Thomas","Email.johnsebthomas@gmail.com","91","7799295179","","","User",""
"Marin Betco","marinbetco91@gmail.com","44","7804523049","","","User",""
"Juganpreet singh","juganpreets866@gmail.com","44","7407607673","","","User",""
"kaurjitkawal","kaurjitkawal97@gmail.com","44","7459479776","","","User",""
"Disna Xavier","xavierdisna@gmail.com","44","7760728328","","","User",""
"Sharad Pal","sharad9432@gmail.com","49","17685151934","","","User",""
"Priya 77","Ps754679@gmail.com","44","7767944726","","NA","User",""
"Andrea Felegyhazi","felegyandi@gmail.com","44","7450258758","","","User",""
"Jaskamal Singh","Jassjaswal2@gmail.com","44","7729444439","","","User",""
"Nimra Mushtaq","nimrahaseeb13@gmail.com","91","7587518748","","","User",""
"Shakemohammed abdulhakkim","Shakemohammedbe@gmail.com","91","8973673655","","","User",""
"Paramjit Singh","Ps6227197@gmail.com","44","7774810020","","","User",""
"Aiyaz Khan","Aiyazahmedkhan998@gmail.com","91","7479486208","","","User",""
"Akhil machampilly rameshan","akhilramesh57@gmail.com","91","9747980299","","","User",""
"Jasmeet kaur 79","jaswaljass231@gmail.com","44","7915231830","","","User",""
"Vishal rahal","Meenusinhmaar@gmail.com","44","7384102543","","","User",""
"Subramanian","subramanian.natarajan@yahoo.com","971","527061945","","","User",""
"Sandeep Singh","Singhsandeep21236@gmail.com","44","7775475244","","","User",""
"Kirat sekhon","Kiratsekhon321@gmail.com","91","7741035746","","","User",""
"Neeraj Kumar","neerajkumar3960b@gmail.com","91","9041515887","","7407054737","User",""
"Ramandeep kaur","harpreetpandori321@gmail.com","44","7741035918","","","User",""
"Jaskirat Singh","jaskiratsingh3380ptl@gmail.com","44","7407054687","","","User",""
"Divya","d.kuntal16@gmail.com","91","7986491889","","","User",""
"Ravinder Singh","ravinder.na6443@gmail.com","91","8837697919","","","User",""
"Talwinder kaur","Windertal1508@gmail.com","44","7407114049","","","User",""
"~Veerpal","Veerpal.kaur1@study.beds.ac.uk","44","7438662956","","","User",""
"Farha","naazf0902@gmail.com","91","9391337502","","","User",""
"Maria Jehanzeb","Jehanzebmaria18@gmail.com","44","7424555727","","","User",""
"Lovedeep Singh 777","Singhlovedeep6630@gmail.com","44","7774647126","","","User",""
"Dignakumari","Dignapatel11551@gmail.com","44","7774713081","","NA","User",""
"Simranpreet kaur","Simranpreetk6789@gmail.com","91","7309457322","","","User",""
"Tannya","Tatianaonica2@gmail.com","44","7309068606","","","User",""
"Razvan Tataru","user411636@gmail.com","44","7401411636","","","User",""
"Andy Asante","kwabenaasante517@gmail.com","233","266646454","","","User",""
"PRITPAL KAUR","ms9090192@gmail.com","44","7538434159","","","User",""
"ramandeep","user014059","91","8727014059","","","User",""
"ritu","ritusaini260694@gmail.com","44","7469729602","","","User",""
"Shanthosh kanna Mudiyarasan","shanthosharasan@gmail.com","44","7587734155","","","User",""
"VIGNESH ","Vickyramesh1120@gmail.com","49","17688475601","","","User",""
"Anjusree ","anjusreebkrishna@gmail.com","91","9061285456","","","User",""
"~Pooja","poojabagga505@gmail.com","49","1723136060","","","User",""
"~Gopika Haridas","gopika1127@gmail.com","49","15510603301","","","User",""
"Martina Pavlikova","tinulka271@gmail.com","44","7436237496","","","User",""
"Sheron shajan","sheronbackup@gmail.com","91","9072891285","","","User",""
"Gurpreet Kaur 74","gurpreetkaur75273@gmail.com","44","7407684673","","","User",""
"garry","mangatgarry095@gmail.com","44","7775331642","","","User",""
"Ram","royal.ram16@icloud.com","44","7768378657","","","User",""
"Mandeep Sandhu 81","M.k.sandhu7994@gmail.com","91","8194843567","","","User",""
"user511840","devanarayanan883@gmail.com","44","7741511840","","","User",""
"Aleem syed","aleemp758@gmail.com","44","7405810685","","","User",""
"Tsenka Ivanova","ivanova1192@abv.bg","44","7469477330","","","User",""
"davinder","user179083@gmail.com","44","7901179083","","","User",""
"Aneesh Ajithkumar Suni","aneeshaeron96@gmail.com","91","9495700125","","","User",""
"Rahul Kataria","rahulkataria941@gmail.com","91","9899145325","","","User",""
"Ankita Gaikwad","ankyg20@gmail.com","91","7775915799","","","User",""
"Bayo Festus","bayoaruna1@yahoo.com","44","7466619823","","","User",""
"Prince Sagar","prince.sagar9010@gmail.com","91","9010767976","","","User",""
"Akhil sagi","Sagiiakhil@gmail.com","91","7702835041","","0","User",""
"Vishnu Kollezhath Rajesh","vishnukrajesh31@gmail.com","49","17662510556","","","User",""
"Drishti Goradia","drishti.goradia@gmail.com","91","9892026802","","","User",""
"sushmita singh","sushmitasingh255255@gmail.com","44","7534001153","","","User",""
"Rizwan Ullah","raja_razi2000@yahoo.com","44","7525290731","","","User",""
"Jono joly","okbro9882@gmail.com","91","9562621435","","","User",""
"Andriya Seby","andriyaseby2203@gmail.com","44","7388410143","","","User",""
"chand","chandc0619@gmail.com","91","7778062027","","","User",""
"Navdeep kaur","navdeepsra89@gmail.com","91","7888996293","44","7775478670","User",""
"Alphonsa","alphonsajohn66@gmail.com","353","872065561","","","User",""
"Saly","Sallygocalves1985@gmail.com","44","7590045595","","","User",""
"user032577","user032577@gmail.com","44","7407032577","","","User",""
"user543970","user543970@gmail.com","44","7775543970","","","User",""
"Mihai Ciprian Munteanu","bmx4life_cip@yahoo.com","44","7711221986","","","User",""
"Satya Athukuri","saiaathukuri445@gmail.com","44","7747260696","","","User",""
"Amandeep singh 70","adeep84696@gmail.com","91","7051843073","","","User",""
"user980976","user980976","91","9417980976","","","User",""
"~Sanjay Jadhav","sanjaymahadev1993@gmail.com","44","7587736062","","","User",""
"jas","Jasveer0779@gmail.com","91","8196057936","","","User",""
"ritu","user836699@gmail.com","44","7407836699","","","User",""
"priya","user877536@gmail.com","44","7774877536","","","User",""
"Nikhil Reddy Doma","domanikhilreddy19@gmail.com","44","7767964889","","","User",""
"Arjun Pradeep","arjunpradeep025@gmail.com","49","15510031924","","","User",""
"Muhammed Mushthaq","Mushthaqpvktd@gmail.com","91","7907836637","","","User",""
"Arash 19","19arash@gmail.com","49","17684853646","","6280891917","User",""
"Ismail","ismailanh@gmail.com","91","9846975619","44","7721969821","User",""
"Justin Dikshan","justin.dikshan@gmail.com","94","775062638","44","7578650002","User",""
"Vanita","Vanitakeshwala5@gmail.com","44","7384027495","","","User",""
"Testimony","Testimonyoluwadamilare146@gmail.com","234","8087952747","","","User",""
"Amrinder Singh","as2858352@gmail.com","44","7440562398","","","User",""
"sainath","user678659@gmail.com","44","7767678659","","","User",""
"Manikandan Anilkumar","amanikandan342@gmail.com","91","7510934589","","","User",""
"Ehiz","ekpenehiz442@gmail.com","234","8072386519","","","User",""
"~Neha Thakur","nehasehgal360@gmail.com","91","7986512158","","","User",""
"user695282","user695282@gmail.com","44","7341695282","","","User",""
"Poonam Khangura","poonampreetk07@gmail.com","44","7407282363","","","User",""
"Jass","jashansarao76@gmail.com","44","7448531542","","","User",""
"Yohannes Zewde","yohannesalemtayezewde@googlemail.com","44","7342973438","","","User",""
"PRINCE bawa","bawaprince892@gmail.com","49","17620704758","","-","User",""
"Simran Siyu","simran149v@gmail.com","44","7392390272","","","User",""
"Sukh bhullar","sukhpreetkaurbhullar21@gmail.com","91","8360499313","","","User",""
"Tasleem","Tasleemkhandhilwan99@gmail.com","44","7448381423","","","User",""
"ansh","Chadmber2077@gmail.com","44","7442071180","","","User",""
"Hamdat Joy Lawal","lawalhamdat515@gmail.com","44","7823603215","","","User",""
"verghese paul","user436366","91","9605436366","","","User",""
"Prabhjit singh","Prabhhsangar@gmail.com","44","7440020502","","","User",""
"Sreejith Sreekumar","sreejithskumar83@gmail.com","44","7741516192","","","User",""
"parveen","uzmaparveen510@gmail.com","91","8074550929","","","User",""
"Sai Hemant","Saihemanthbotta9978@gmail.com","91","9921176073","","","User",""
"","user975505","91","8999975505","","","User",""
"Gulsah Dursun","gulsah_dursun@hotmail.co.uk","44","7889542812","","","User",""
"","ranjeetkaurlamme@gmail.com","44","7823455729","","","User",""
"Divyangi Sureshbhai Mesariya","mesariyad13@gmail.com","91","8141210903","","","User",""
"Vishnu","vishnu.soccer1994@gmail.com","8","7293731139","","","User",""
"Vivek Patel","Pv34133@gmail.com","44","7405261848","","","User",""
"natia","natinikabadze@yahoo.co.uk","91","7500938058","","","User",""
"helna","Helnauppoottil@gmail.com","91","7724852766","","","User",""
"~Krishnaragh","Krishnaragh88@gmail.com","91","9744693045","","","User",""
"Eby Mathew ","ebymathewjoseph@gmail.com","91","8606802089","","","User",""
"damanjot singh","mydamanjot@gmail.com","44","7300309482","","","User",""
"Neeraj Anjiliyil Jaikumar","neerajaj000@gmail.com","91","9995211157","","","User",""
"gurwinder","user526960@gmail.com","44","7767526960","","","User",""
"rishi","user310063@gmail.com","44","7458310063","","","User",""
"Mr Hristiyan V Myankov","hristiyanmyankov3@gmail.com","44","7375131045","44","7862061148","User",""
"user983100","dandinga94@mail.ru","44","7477983100","","","User",""
"santo","santosabu52880@gmail.com","44","7438951562","","","User",""
"Abishek Thankachen","abishekoth3344@gmail.com","49","17671654929","","","User",""
"Deborah Ikem","deborahikem10@gmail.com","234","8038009782","","","User",""
"Jaskaran Walia","jaskaranwalia1999@gmail.com","44","7767636653","","","User",""
"Suthamathy Shivathas","mithushshivathaas@gmail.com","44","7716684271","","","User",""
"Himanshu Rana ","rajputan123@gmail.com","91","7411695464","","","User",""
"Aanchal Dinesh","aanchaldinesh234@gmail.com","44","7774736985","","","User",""
"Sergio Brighenti","Sergiobrighenti@yahoo.com","44","7404665571","","","User",""
"Pooja Shankar","teynampetpooja93@gmail.com","91","6302299327","","00","User",""
"Bindu","bindu021998@gmail.com","44","7776502788","","","User",""
"Siddhartha Roy","roysiddhartha238@gmail.com","91","7259898378","","","User",""
"Larisa Jeleapova","user04693844@gmail.com","44","7708046938","","","User",""
"Sabih Mirza","Mirzasabih2@gmail.com","92","3351657635","","","User",""
"Muhammed Shahid","m.shahid41097@gmail.com","44","7388303459","","","User",""
"Rida Yaqoob","ridachaudharysr@gmail.com","92","3030897021","","NA","User",""
"KAPILA WICKRAMA ACHCHIGE","kapilachami@yahoo.co.uk","44","7469186433","","","User",""
"Chikeziri Nnodum","cnnodum@gmail.com","44","7901182511","","","User",""
"BIBIN MELEDATHPARAMBIL BALA","Bibinbalan69@gmail.com","91","9048721464","","","User",""
"Vijay Kumar","vijaykumar185208235@gmail.com","44","7442110456","","","User",""
"danzee","user784044","91","9539784044","","","User",""
"saddamul rasheed","Sadamulr@gmail.com.","49","17621613920","","","User",""
"user199307","kulwinder8252000@gmail.com","44","7767199307","","","User",""
"Dimple","Singhhardeep30482@gmail.com","91","9855997611","","","User",""
"Oluwaseun Afowowe","boluwaseun220@gmail.com","44","7399891845","","","User",""
"Obi","krisobi2u@yahoo.com","44","7840788333","","","User",""
"Blessing","Blessing.ayeni@hotmail.com","44","7960401633","","","User",""
"gagan","user467458","91","7407467458","","","User",""
"cosmin","user427185@gmail.com","44","7931427185","","","User",""
"Ishaan","Ishaan@warrgyizmorsch.com","","1234567890","","","Marketing Team",""
"Kiran Shibu","kiranpshibu@gmail.com","49","1791106341","","","User",""
"Keduse fikre","Keduse190@gmail.com","44","7481040661","","","User",""
"Raman 77","Kaurdeep1210@gmail.com","91","7767906546","","","User",""
"~Redy","redi_amaral@hotmail.com","44","7367767647","","NA","User",""
"","Nidheeshnandakumar225@gmail.com","49","1792075623","","","User",""
"Alexandra Panait","baciu.alexandra3@yahoo.co.uk","44","7429329021","","","User",""
"Ashwaraj Ravindran","aswarajraveendran96@gmail.com","91","7034424426","","","User",""
"aswath","ashok2871999@gmail.com","44","7717669546","","","User",""
"Shibin","shibinpp321@gmail.com","91","7736983311","","","User",""
"Gurjeet Singh","singhgurjeet34567@gmail.com","44","7448283569","","","User",""
"Rajath","sanju086sanju@gmail.com","91","8111893107","","","User",""
"Anandu","user520153@gmail.com","44","7741520153","","00","User",""
"Abhilash Vijayakumar","vabhilash0014@gmail.com","44","7597046444","","","User",""
"Sajjad Ali Mirza","sajjadalimirza556@gmail.com","44","7810876068","","0","User",""
"Saleem Abdul Ajeem","saleemech@gmail.com","49","17674155036","","","User",""
"Sarah Arthur","Sarakwat09@gmail.com","91","7398890013","","","User",""
"harry","Pardeep.jack2012@gmail.com","44","7425856005","","","User",""
"Timileyin","busayookeowo12@gmail.com","91","8103502050","","","User",""
"Reshmi","reshmipaul222@gmail.com","49","17641994836","","","User",""
"Bonys Roy","dewdew@s","49","17623756514","","","User",""
"Mariya Jose 49","mariyajosechakiath@gmail.com","49","1791122335","","","User",""
"Sukhdeep Singh","sukhdeep.singh12504@gmail.com","44","7466277122","","NA","User",""
"Vijay Chinna","Vijaychinna770@gmail.com","91","9959277939","","","User",""
"Rohit","15pardeepsingh56@gmail.com","91","9914648374","","","User",""
"Sherin","user426554W@d","91","9567426554","","","User",""
"VARUN SIVADAS","varunsivadas90@gmail.com","91","9567683121","","","User",""
"ANU CHITTEDATHU SHAJI","Anucs2004@gmail.com","91","9496983945","","","User",""
"Maya Pashova","maia.rozi77@gmail.com","44","7547911768","","","User",""
"Carmen Rascanu","carmenrascanu21@gmail.com","44","7522666234","","0","User",""
"Prokshith","prokshithpro@gmail.com","91","7880115755","","","User",""
"Simran Gill","rajinderuk98@gmail.com","44","7748385174","","","User",""
"Mohammed Kasim","kasim3254134@gmail.com","91","8086039944","","","User",""
"Raghav Abrol","raghavabroal123@gmail.com","44","7424975540","","","User",""
"Eeman","eemaankamboj200@gmail.com","91","6280625201","","","User",""
"Rohil","rohilsajeev15@gmail.com","44","7747894891","","","User",""
"Joanna Kryspin","joannakryspin1@gmail.com","91","7898269456","","","User",""
"Sergiu-Florin Munteanu","munteanusergiuflorin@gmail.com","44","7435018076","","","User",""
"Manjeet kaur sidhu","jeetkaursidhu00030@gmail.com","91","7087810370","","","User",""
"Navdeep Kaur 77","navdeepkr605@gmail.com","44","7741738977","","","User",""
"Prakashmanivannan","prakashlucas03@gmail.com","44","7587996124","","","User",""
"Plamena fotachi","plamena.fotachi@gmail.com","44","7841201225","","","User",""
"Prem Murugaiyan","premkumarktc@gmail.com","44","7587715396","","","User",""
"aswath","aswath0001@gmail.com","44","7308 535369","","","User",""
"Delna","user441402","91","9539441402","","","User",""
"Prashant Gondaliya","prashant.g20113@gmail.com","44","7423547160","","","User",""
"Hardeep Kaur 77","user162913@w","91","7710162913","","","User",""
"Saheed Bashir","bashoff086@gmail.com","91","7780250823","","","User",""
"tojo","user767887","49","17646767887","","","User",""
"Kawaljit kaur","Kawaljitsandu1996@gmail.com","44","7767178207","91","8264468204","User",""
"Noor","user319951","44","7385319951","","","User",""
"AKu","akuabese@gmail.com","233","555841990","","","User",""
"Syam Sivadasan","user303945@w","91","9645303945","","","User",""
"oleg","olegbelash508@gmail.com","44","7493914822","","","User",""
"Kiran dhillon","Kirandeep3630zira@gmail.com","91","6284664531","","","User",""
"Christin Varghese","christinvarghese096@gmail.com","91","9995877203","","","User",""
"Glory omorogbe Newton","glorynewton110@gmail.com","234","9049460979","","","User",""
"arsha","arshanair00983@gmail.com","49","17614622575","","","User",""
"Navjot kalsi","navjotkalsi00@gmail.com","44","7876421412","","","User",""
"Cynthia","Cynthiaeriakha@gmail.com","234","9030580198","","","User",""
"Imran","azherimran76@gmail.com","44","7859391302","","","User",""
"Ajit Kr Thapa","Ajitkthapa222@gmail.com","977","9841055848","","","User",""
"Chris Antony","user296939@cc","44","7385296939","","","User",""
"Alin apavaloaei","alin_apavaloaei@yahoo.co.uk","44","7774004798","44","7468612926","User",""
"","amrithavdileep72@gmail.com","49","17673841973","","","User",""
"Dikshya Bhagat","dikshya301@gmail.com","49","17630386881","","","User",""
"Bharat das","Bharatdas27@gmail.com","44","7833851900","","","User",""
"Sebin Joseph","sebinjoseph347@gmail.com","49","17637069934","","","User",""
"jairose","Jairosejoy06@gmail.com","44","7384181063","","","User",""
"Jashan Kaur","Jashank6575@gmail.com","44","7417526087","","","User",""
"Ragaventhar Rajasekaran","ragaventhar007@yahoo.com","91","9840365368","","","User",""
"Erdney Dearaujodoespiritosan","erdneysantos@gmail.com","44","7399599089","","","User",""
"MAX","Max@warrgyizmorsch.com","","000000000","","","Marketing Team",""
"sidhu kamalkeet Kaur","kkamalsidhu506@gmail.com","44","7384102103","","","User",""
"Jaskaran singh","js74857534@gmail.com","91","8968677361","","","User",""
"DEEVA","daviddonnet.shake@gmail.com","44","7494966081","91","7494966081","User",""
"Preeti Sharma","rhul43900@gmail.com","44","7404399847","","NA","User",""
"santhir","user877582","91","7768877582","","","User",""
"Manan","Vedmessi10@gmail.com","91","9004330866","","","User",""
"Monica kothapalli","monica.k524@gmail.com","44","7774628044","","","User",""
"Manjinder kaur","manjiez321@gmail.com","44","7747487299","","","User",""
"Gurpreet singh","gurpreetkauruk90@gmail.com","44","7440186322","","","User",""
"Tanaya 98","tanaya.nimonkar@gmail.com","91","9850998536","","","User",""
"Sefat Ahmed Nasim Kulsum","Sefatahmed10@gmail.com","44","7931480061","","","User",""
"Tanja Trpeska Angelovska","tanja.angelovska7@gmail.com","44","7305537006","","","User",""
"Sree harshita","user597471@s","44","7776597471","","","User",""
"Sahana","anbarasimanivannan@gmail.com","91","7094040487","","","User",""
"Samith Ranjith Hegde","samithhegde04@gmail.com","44","7741529266","","","User",""
"","user056496@gmail.com","44","7407056496","","","User",""
"Savi Khurmi","Savikhurmi78@gmail.com","49","17661382009","","","User",""
"Bawa Semirat","user271018","44","7398271018","","","User",""
"Ivaylo ivanov","Ivakapk590@gmail.com","44","7722387546","","NA","User",""
"Ayhan Ismail","antonkrasimirov10@gmail.com","44","7477617447","","00","User",""
"Jessica Ciubotariu","pomohacijessica@gmail.com","44","7467450475","","","User",""
"Sindhu Shetty","Sindhushetty1998@gmail.com","91","7204890050","","","User",""
"Syed Bokhari","Ahmedbukhari82@gmail.com","44","7768411813","","","User",""
"Srikanth Masgalle","Mameenabhal31@gmail.com","44","7717218968","","","User",""
"savani","savani.workspace@gmail.com","91","9422059493","","","User",""
"Sanyu Roni","sanyuroni23@gmail.com","8","15753303596","","","User",""
"RAJWINDER SINGH","hunjanrajwindersingh@gmail.com","44","7341919812","","","User",""
"Anandkumar Makwana","user047947@w","44","7867047947","","","User",""
"Rajita","user444914@gmail.com","44","7771444914","","","User",""
"Krishna Priya","priya1999krishna@gmail.com","44","7407059264","","","User",""
"Nazia tabassum","shaiknaziatabassum03@gmail.com","44","7407059143","","","User",""
"Bhagwan","patilbhagvan9957@gmail.com","44","7393493038","","","User",""
"Horia Sbenghea","horiasbenghea@yahoo.com","44","7475069266","","","User",""
"Izabela","Izabelaiza865@gmail.com","44","7466805494","","","User",""
"Ankur chohan","user372690@ws","91","7446372690","","","User",""
"Amanpreet Singh","gagandeepkaur71p@gmail.com","91","7986220249","","","User",""
"Poornima Sharma","successpoornima786@gmail.com","91","7719649520","","","User",""
"Elvira Munteanu","elviramunteanu@hotnail.com","44","7490163273","","","User",""
"kamalpreet kaur","kamalpreet26dec1992@gmail.com","44","7771292819","","NA","User",""
"Alex mailene","Alex.mailene@gmail.com","44","7701063975","","","User",""
"asma outferdine","outferdine1708@outlook.com","44","7340104911","","","User",""
"Puteri Liyana ","puteriliyanaa02@gmail.com","132","1161236418","","","User",""
"A somasundaram","mrdaughter10@gmail.com","44","7480169506","","","User",""
"Rakesh Varma","rakeshvarmakosuri.ms@gmail.com","44","7879762999","","","User",""
"Annet rose","annetrose200@outlook.com","49","15217231830","","","User",""
"Minty","user946566","91","9501946566","","","User",""
"niya’s friend","user650279","49","17661650279","","","User",""
"Akshay Gulia","user122690@gmail.com","44","7376122690","","","User",""
"Raman","raman78270@gmail.com","44","7384128072","","","User",""
"Sandeep","sk8413372@gmail.com","44","7960948638","","","User",""
"Manpreetsingh Boparai","singhmanpreet13131@gmail.com","44","7435375605","","","User",""
"Uwais","user012924@s","44","7418012924","","","User",""
"Naeem khalid","Meharfy577@gmail.com","91","7709017771","","NA","User",""
"Aswal","aswalvinoj17@gmail.com","49","17684765952","","","User",""
"savya anil","user793700","91","9061793700","","","User",""
"Delayo","cndjiocn@user603216","234","8101603216","","","User",""
"adhil","aadhilmrahuman@gmail.com","49","17622762887","","","User",""
"nanu","nanucalin1984@gmail.com","44","7944875369","","","User",""
"Anvesh","nagaanveshkothapalli@gmail.com","91","8309618660","","","User",""
"~kaur","anmoldeepk55@gmail.com","91","7741030094","","","User",""
"Bitty Paul","bittyjiril22@gmail.com","44","7741836542","","0","User",""
"mahima","mahimatitron@gmail.com","91","7678577358","","","User",""
"Arjun Raj Ruma","arjunraj2692000@gmail.com","44","7385293226","","","User",""
"Ajo paul","Sheethalbabu8@gmail.com","49","1793941080","","","User",""
"Collins Ekogobe","Ekocollins1@hotmail.com","44","7456548051","","","User",""
"","jestojoy19929877@gmail.com","49","1783486365","","","User",""
"Fahad Ali","fahadali.fa9@gmail.com","92","3217412992","","","User",""
"Basitt","basitawais83@gmail.com","44","7474382935","","","User",""
"Karina Mattu","user081413@w","977","9815081413","","","User",""
"Ramyakrishna Nannuri","user556986","91","6300556986","","","User",""
"Simran verma 77","user907057@s","44","7741907057","","","User",""
"Sekhon Navjot","novjotsekhon2010@gmail.com","44","7747197316","","","User",""
"Haritha","harithablogger@gmail.com","49","17685325550","","","User",""
"Rachel Mary Gomes","rachelmarygomes9@gmail.com","49","15752645113","","","User",""
"Uchenna Uyanwune","uyanwune1@gmail.com","44","7424427488","","","User",""
"Jatin Khanna","Khannaj386@gmail.com","44","7767342147","","","User",""
"Sreejith vasudevan","jithudevan880@gmail.com","91","9633680605","","","User",""
"Monika Mahey","Monikamahey36@gmail.com","44","7440651513","","","User",""
"Prince 777","Prince0798@hotmail.com","44","7775473996","","","User",""
"Nesin Aleksandrov","nesin7577@gmail.com","44","7466600712","","","User",""
"Amaan Farooq","amaan0106@hotmail.com","44","7496281167","","","User",""
"Chidiebere Achilihu","chidiebereachilihu@gmail.com","44","7909110659","","","User",""
"Jaspreet Angrala","Jaspreetangrala1@gmail.com","44","7487868862","","","User",""
"Rachel 777","rachelpais05@gmail.com","44","7774737019","","-","User",""
"~Radhika Verma","rverma777212@gmail.com","44","7741732932","","","User",""
"Bharadwaj Alpaj Narayanaswamy","user981502@gmail.com","91","8197981502","","","User",""
"Inderbir Kaur","inderkaurbir@gmail.com","44","7405907126","","","User",""
"Mohith Pathuru","mohithpsharma@gmail.com","44","7961864405","","","User",""
"Leslita Treeza Serrao","user538801@s","91","9632538801","","","User",""
"Cristina Gliga","g.cristina68@yahoo.com","44","7552698407","","","User",""
"Jeevan Abraham","Jeevan5abraham11@gmail.com","44","7361716764","","","User",""
"Aman Attli","Amanattli13@gmail.com","44","7818360572","","","User",""
"saria Jahanra","sariajahanra2001@gmail.com","91","9985207157","","","User",""
"Tanyo Tanev","tanyo94@abv.bg","44","7448263803","","","User",""
"Akhil","user447375@gmail.com","91","9526447375","","","User",""
"Emmanuel Obinna Olisah","dandydarl@gmail.com","234","8062230004","","","User",""
"Gunjan Mittal","user918490@ds","91","7767918490","","","User",""
"GaganDeep Singh 743","mgunjan030@gmail.com","44","7438118056","","","User",""
"Shobil Bhaskar 49","erfre@s","49","17624660506","","","User",""
"Davinder kaur","davisamplay147@gmail.com","91","8725892934","","","User",""
"Umang Italiya","user021343@w","91","8140021343","","","User",""
"Amardeep Kaur","aamardeep.kaur@gmail.com","91","7407842906","","","User",""
"Friday Uhumwangho","fridaypaul76@gmail.com","234","9135741202","","","User",""
"Bhoomika pandya","bhoomikapandya242@gmail.com","44","7587533883","","","User",""
"Sonam sharma","aru.sona27@gmail.com","91","9780858449","","","User",""
"Dheeraj puri","user789352","91","9780789352","","","User",""
"Fadhi Rafeeque","fadhizain@gmail.com","44","7767182209","","","User",""
"Alka Devi","Alkadevi4808@gmail.com","44","7719536475","","","User",""
"Jasmeet Kaur 74","jazzkaur15@gmail.com","44","7415154047","","","User",""
"Usama Bin Anees","usamabinanees60@gmail.com","44","7459373995","","NA","User",""
"Jaswinder kaur 98","user266197@ED","91","9876266197","","","User",""
"gagan shergill","kaur23gagandeep566@gmail.com","91","7710705344","","NA","User",""
"Sonu Kumar 77","ssonukkumar2233@gmail.com","44","7768148857","","","User",""
"Naveen Gunda","gundanaveen1998@gmail.com","44","7774280703","","","User",""
"Hassan Raza","hasanraza4775@gmail.com","44","7407159268","","","User",""
"Dinoy Devassy","dinoyberlin2023@gmail.com","49","17685037415","","","User",""
"Alsid","m.alsid@outlook.com","49","17659689899","","","User",""
"Damayanthi Paul","damayanthipaul@gmail.com","44","7809590808","","","User",""
"tanisha","user495704@gmail.com","44","7858495704","","","User",""
"Gourav Gargal","gargalgourav501@gmail.com","91","7889898637","","","User",""
"ugochukwu orji","orjisan134real@gmail.com","44","7863627758","","","User",""
"Kanwal Malik","kanwalmalik167@gmail.com","44","7405407982","","","User",""
"Manisha Pawar","pawarmanisha304@gmail.com","44","7728616226","","","User",""
"Navpreet Kaur 740","Navpreetkaur09@hotmail.com","44","7405658573","","","User",""
"Karanveer Singh Jamwal","kvsj911@gmail.com","44","7341618262","","","User",""
"Joye Numa","Joynuma2018@gmail.com","44","7904064580","","","User",""
"Carmen Robu","adicarmen32@yahoo.co.uk","44","7464969136","","","User",""
"Daljeet Sandhu","user145261","91","9815145261","","","User",""
"Mandy Eberi","Mandyeberikalu@gmail.com"," ","5527351260","","","User",""
"Arun chandy","arunchandy07@gmail.com","91","9061506021","","","User",""
"Anna Mariam Alex","annamariam251098@gmail.com","49","15209415292","","","User",""
"Sukh Kaur","sukhwinderkaur13601@gmail.com","44","7384166425","","","User",""
"simranjeet","Simzdaddra@gmail.com","91","6283236646","","","User",""
"Priyambada Acharya","priya2811acharya@gmail.com","91","7573939610","","","User",""
"Ann Thomas","user225399","44","7880225399","","","User",""
"~Nayanika Sharma","nayanikasharma85@gmail.com","44","7810295940","","","User",""
"Varkey jose","varkeyjose99@gmail.com","91","9526699330","","0","User",""
"Gagandeep 774","gaganndeep01singh@yahoo.com","44","7741968528","","","User",""
"Jotika Sharma","jotikasharma1998@gmail.com","91","9780280252","","0","User",""
"Lino Joseph","Linojoseph777@gmail.com","91","9633653768","","","User",""
"Jaina Joy","jaina21joy@gmail.com","91","7012146961","","","User",""
"Mehakdeep kaur","Mehakdeepdeep990@gmail.com","44","7341700065","","","User",""
"Asad Khan","Asadkhn2003@gmail.com","92","3457457001","","","User",""
"kamal 74","gurdial.nitw@gmail.com","44","7436235132","","0","User",""
"Adrian Cernatoiu","cerny.adi@gmail.com","44","7445548848","","","User",""
"Shubham Raviraj Jadhav","S.r.jadhav560@gmail.com","49","1623486941","","","User",""
"uchechi","uchechinwankwo94@yahoo.com","971","527046569","","","User",""
"Abhilash","user804158","44","7741804158","","","User",""
"Hajeet mahal","user941395","91","7528941395","","","User",""
"Sourav Dhillon","Dhillonsourav3@gmail.com","91","7837988652","","","User",""
"Pallvi puri","Puripallvi6@gmail.com","91","6284584924","","","User",""
"Gideon Chame","Paachame1568@gmail.com","233","245451428","","","User",""
"Amandeep Kaur 742","Amandeep08102001@gmail.com","44","7424480897","","","User",""
"Jomin Joy","jominjoyparvelikudy@gmail.com","49","17668240992","","","User",""
"Vibin Clarence","Vibin.clarence@gmail.com","353","894529186","","","User",""
"Madalina Popovici","Ruby499@yahoo.com","44","7442776989","","","User",""
"Pavan Kumar Thulasiramaiah","pavan90422@gmail.com","91","9944080995","","","User",""
"GITA","msgita777@gmail.com","44","7767736689","","","User",""
"Garima banga","garimabanga10071998@gmail.Com","44","7384100814","","","User",""
"Fabio Valloni","Fabiovalloni87@gmail.com","44","7749781611","","","User",""
"Sukhwinder Kaur 74","sukhdhot1318@gmail.com","44","7438204034","","","User",""
"Ananthakrishnan","ananthanchmd@gmail.com","91","9446593292","","","User",""
"Aman Kumar","amankumarshahid@gmail.com","49","15755496570","","","User",""
"John Tony","tonyjohn.tj33@gmail.com","91","9633300929","","","User",""
"Simran Sharma","sim2002sharma@gmail.com","44","7424319745","","","User",""
"Sajjan Muttathuparambil Sivadasan","sajjansivadasan@gmail.com","91","7907413805","","","User",""
"Adina cipca","adinaiulia374@gmail.com","44","7538319900","","","User",""
"","user818585","91","7559818585","","","User",""
"Manpreet Kaur","manpreetkaur1552000@gmail.com","91","7009791757","","","User",""
"Anjaly Shaju","anjalyshaju2223@gmail.com","91","8089634421","","","User",""
"Madhava reddy","madhavareddy4146@gmail.com","91","9381496772","","NA","User",""
"Heenu Taneja","heenutaneja1616@gmail.com","44","7748405902","","00","User",""
"R rajni","phougatrajni@gmail.com","44","7741988091","","","User",""
"Cezar Petrea","ttnelena@yahoo.com","44","7435926892","","","User",""
"Naveen","maliknaveen059@gmail.com","49","17684763149","","","User",""
"Dilpreet singh","Pandherlovey9@gmail.com","44","7384170036","","","User",""
"Harpreet 98","harpreetk0106@gmail.com","91","9899997348","","","User",""
"Ajmal Muhammed","ajmaliqbalm@gmail.com","91","8281269086","","","User",""
"Elbin kodakkaparambil Eldo","Elbinkeldo10@gmail.com","91","9486606713","","","User",""
"Vibisha Rajin Rajan","Vibisha1990@gmail.com","49","1773865802","","","User",""
"Rohit Warr","rohit@warrgyizmorsch.com","","0000012345678","","","Marketing Team",""
"Costel Florin Ciobotaru","06111987f@gmail.com","44","7307525220","","","User",""
"ONKAR PRAKASH SHINDE","shindeonkar57@gmail.com","91","8855079199","","","User",""
"Kartik Bhandari","Kartikbhandari00@gmail.com","44","7775245952","","","User",""
"user931142","user931142","8","9384931142","","","User",""
"apoorva","apoorvamj123@gmail.com","49","1786314780","","","User",""
"pallavi","Pallviuk786@gmail.com","44","7868674970","","","User",""
"Tanzin Mahmood Siddiquei ","tanzinmahmood92@gmail.com","132","173471863","","","User",""
"Ademiju ","Oluwaseunadebowale4@gmail.com","44","7835740261","","","User",""
"Akhil Alby","akhilalbyredif@gmail.com","49","17684856462","","","User",""
"Sipli Sangha","Siplisangha822@gmail.com","44","7776809959","","","User",""
"Adarsh Mohan","adarshmohan433@gmail.com","44","7741507682","","0","User",""
"Devika","devikasasi1722@gmail.com","91","9447916670","","","User",""
"Manpreet kaur","Manpreet15april1997@gmail.com","44","7901180492","","","User",""
"Madalina Irina Butnaru","madalinairina.butnaru98@gmail.com","44","7466939886","","","User",""
"Priyanka Sharma","priyankasharma1126@gmail.com","44","7384123838","","","User",""
"Abhishek Sreekumar","abhiinaction006@gmail.com","91","9747416938","","","User",""
"Himmat Dhillon","dhillonsukh968@gmail.com","91","9888708662","","","User",""
"Vibhisha","vibi1524@gmail.com","91","9731768161","","","User",""
"GARIMA","user832187","44","7741832187","","","User",""
"Mihaela Nafareanu","Mihaelanaf@gmail.com","44","7305934329","","","User",""
"Megha Thekkandathil","MeghaThekkandathil@sg","91","8129719374","","","User",""
"Deepak shaji","user197325@w","49","17664197325","","","User",""
"Pardeep Kumar","Pardeep76541@gmail.com","44","7342144326","","","User",""
"VISHNU SANTHOSH","vishnups187@gmail.com","91","7994738317","","","User",""
"Simranjit Kaur 7767","simranjeetkaur26092001@gmail.com","44","7767192195","","","User",""
"Adegoke Becky","Becky2scopwitu@yahoo.com","44","7459462284","","","User",""
"Harshad Surve","harshadsurve13@yahoo.com","44","7774985741","","","User",""
"Karan singh satveersingh parmar","karansinghparmar8954@gmail.com","44","7576366693","","","User",""
"Kurian Jebin","Jebinkurian15@gmail.com","49","17624660488","91","9539723651","User",""
"Rohit Kukreja","Rohittaroari@gmail.com","44","7442320254","","","User",""
"Rita Nakato","rita_nakato@yahoo.com","44","7523889855","","00","User",""
"Ashar javaid","asharhunjra786@gmail.com","44","7417502219","","","User",""
"Noid Francis","noidfrancis122@gmail.com","49","17664075333","","","User",""
"chamkaur grewal","chamkaurkulrian0001@gmail.com","91","7889252696","","","User",""
"Ataa ur Rehman","attarehman421.ar@outlook.com","44","7438560070","","","User",""
"Fernando Dos Santos","Fernandobpdossantos@hotmail.com","44","7450257178","","","User",""
"Nihal Ahammed","nihalkv97@gmail.com","49","17683157083","","","User",""
"Aswin Latheesh","aswinlathish@gmail.com","44","7570306674","","","User",""
"Ragasudha Raveendran","ragasudhar4@gmail.com","44","7570303669","","","User",""
"Dhaduk kaushikkumar g","dhadukkaushik38@gmail.com","49","17676951646","","","User",""
"Sibin","sibinssm07@gmail.com","49","17684100881","","","User",""
"Muhammad Usman","Usman_ash5@hotmail.com","44","7532718347","","","User",""
"Karan Hirapara","Karanhirapara010@gmail.com","91","8733995112","","","User",""
"Sharnpal","sharnshergill9099@gmail.com","91","6280745717","44","7909 233256","User",""
"Marshal Antony","marshalpvp@gmail.com","91","8907476722","","","User",""
"Jesly","user053580","49","16095053580","","","User",""
"Aditya Mehta","mehta.aditya580@gmail.com","91","7973303408","","","User",""
"~Amandeep Kaur????","amandeepdeep17122000@gmail.com","44","7740016521","","","User",""
"Nurettin Aslan","nurettin-aslan97@hotmail.com","49","17614354762","","","User",""
"Randeep Kaur 78","Randeepkaur71216@gmail.com","44","7818915022","","","User",""
"Abdul Nasir","kanberabdulnaser@gmail.com","91","9860502888","","","User",""
"user494113","Latika@gmail.com","44","7394494113","","","User",""
"Komaljot kaur","komaljotkaur157@gmail.com","91","9781413673","","","User",""
"Maria Thomas","Marialismy27111996 @gmail.com","91","9846377578","","","User",""
"Aman Basi","Basiaman086@gmail.com","44","7440380836","","","User",""
"anmoldeep singh","thindanmol43@gmail.com","1","6725882081","","-","User",""
"Navjot kaur ","navuday7502@gmail.com","44","7435844531","","","User",""
"Aaron Andrews","andrewsaaron121@gmail.com","49","1796110866","","","User",""
"Anamika gupta","1992anamika26@gmail.com","49","1783207171","","","User",""
"Mayank Kamboj","mayankkamboj6296@gmail.com","91","8929807077","","","User",""
"Tanmay Tonape","baneshfene20@gmail.com","91","9689994544","","","User",""
"Tahmin sony","tahminasony486@gmail.com","44","7405368805","","","User",""
"zeeshan Attar","zeeshan.attar2591@gmail.com","49","17624706029","49","15731389146","User",""
"Nabi Caner Ayba?","caneraybas@gmail.com","49","15231629440","","","User",""
"Manpreet Pourh","Manpreetpourh4@gmail.com","44","7379353677","","","User",""
"Akhil Joy","akhiljoy1034@gmail.com","49","15510428605","","","User",""
"Caty","user555113@ds","91","7311555113","","","User",""
"Atharva Chandrakant Ghate","atharvaghate46@gmail.com","44","7300440771","","","User",""
"John","user141735","49","17693141735","","","User",""
"Asfiya khuteja","afrozeasfiya@gmail.com","44","7766978313","","","User",""
"Manpreet Kumari","manpreetmanu503@gmail.com","44","7774647749","","","User",""
"Jeffin Joseph","Jeffinjosephsm07@gmail.com","91","8943611530","","","User",""
"Deepa Kirupakaran","Kirupakaranayyavoo74@gmail.com","49","15219394603","","","User",""
"Md Jahangir Hossain","info.wolfkat@gmail.com","49","1608319181","","","User",""
"Gabriel Antony","21gabruu@gmail.com","91","7561897977","","","User",""
"Jomon Madaserry Avarachan","jomonavarachan3773@gmail.com","91","8592099672","","","User",""
"Monica Tandoh","monireal167@gmail.com","44","7496095586","","","User",""
"Adhish Suresh","adhishanu02@gmail.com","91","7736303578","","","User",""
"Jatinder Singh Germany","jatinderroyal12@gmail.com","49","15906150372","","","User",""
"Parvesh","parvesh1654@gmail.com","44","7908189504","","","User",""
"Suraj Tiwari","user643199@s","49","15778643199","","","User",""
"Mandeep Kaur 79","Mandeep.kaur94a@gmail.com","91","7988528395","","0","User",""
"Andreea Parjol","andreeaparjol24@yahoo.com","44","7984879981","","","User",""
"Ajay Thakur","Ateesingh26@gmail.com","49","17664222126","","","User",""
"Savita singh","Savitasingh4700@gmail.com","91","7901271777","","","User",""
"Deepak sah","dipakswift@gmail.com","44","7810460488","","","User",""
"Gina Maria Bucatica","gina_bucatica@yahoo.com","44","7385570072","44","7927012057","User",""
"LAL singh","lallylally294@gmail.com","44","7440658096","","","User",""
"Gurdeep singh","Sohaldeep936@gmail.com","44","7741973704","","","User",""
"Amal Siva","amalshiva83@gmail.com","91","7034660465","","7867104949","User",""
"Simranjeet Kaur","simimalhi8356@gmail.com","44","7767997180","","","User",""
"MWANA Joseph","Mwanalabaz@gmail.com","86","13083975167","","","User",""
"Ihekaibeya chibueze Joseph","WalterJames483@gmail.com","234","8070813135","","","User",""
"Suzan Mathew","suzanmathew5@gmail.com","91","9035750858","","","User",""
"Taranjit Singh","tsupersingh@gmail.com","44","7384203788","","","User",""
"Akhil","Akhilsharma0132@gmail.com","44","7387438798","","","User",""
"Jobin Jones","Jobinjk.546@gmail.com","91","9633128298","","","User",""
"Saniya Tabassum","syedsaniya32@gmail.com","49","1787564067","","","User",""
"Rahul Raju Jumde","rahul.jumde12@gmail.com","44","7833889665","","","User",""
"Sneha V S","snehavs.svs@gmail.com","91","8138070598","","","User",""
"salman hanif","s_hanif@live.com ","49","1726578592","","","User",""
"Lovepreet singh","Singhlovepreet1421999@gmail.com","44","7404923422","","","User",""
"Charanjit Kaur 77","Charanjitkaur739@gmail.com","44","7767903681","","","User",""
"Prabhdeep kaur","Prabhk07071999@gmail.com","44","7767951484","","","User",""
"mohammed elboudi","mohammed.elboudi68@gmail.com","148","0667468709","","","User",""
"Anarkha Babu","anarkha2829@gmail.com","91","9744382829","","","User",""
"Renuka Prasad ","rpkurudimutt@gmail.com","49","17648734897","","","User",""
"Joel jose","joeljose2211@gmail.com","91","9633643138","","","User",""
"Akshai Judson","akshaijudson77@gmail.com","91","9539296218","","","User",""
"Shahina manthoor samad","Sshahina671@gmail.com","44","7438744122","","","User",""
"Hasanpreet kaur","hasanpreetkaur19@gmail.com","44","7498733173","","","User",""
"Manpreet Kamboj","Kambojmanpreet377@gmail.com","44","7387437462","","","User",""
"Thomaskutty James","thomaskuttyjames95@gmail.com","49","17658992547","","","User",""
"Johny Mathew","Johnymathewy53@gmail.com","49","17687018368","","","User",""
"Renu bala","renujaglan03024@gmail.com","44","7768743550","","","User",""
"Jalpa Babariya","jrpatl4542@gmail.com","44","7768030514","","","User",""
"Jisto Jinson","jistojinson03@gmail.com","91","7510959535","","","User",""
"Keval patel","Keval.kakadiya99@gmail.com","49","17648068350","","","User",""
"Dunsin Oladipo","oladipooluwadunsin95@gmail.com","44","7769026108","","","User",""
"Daniel Florin Brindusa","besomafiotu@yahoo.com","44","7450876085","","","User",""
"Himanshu Khurana","Khuranahimanshu130@gmail.com","91","8373932734","","","User",""
"Mayur jain","jainmayur706@gmail.com","91","9044040407","","","User",""
"paramsandhu","paramsandhu1256@gmail.com","44","7818921774","","","User",""
"Aivreen ","Avigilllgillavi@gmail.com","44","7466053665","","","User",""
"Eldho Keerikkadan","user966636@gmail.com","91","8136966636","","","User",""
"Shital Thote","shital.thote@gmail.com","91","8056005867","","","User",""
"Diljot kaur","diljotkaur15@gmail.com","44","07767190682","","","User",""
"Diljot Kaur","user329063","91","7347329063","","","User",""
"Prabhjot rangi","rangiprabh216@gmail.com","44","7726426630","","","User",""
"Nadya Dimchova","dimchovanadya@gmail.com","44","7878391444","","","User",""
"Tsvetelina Nikolaeva Nikolova","Tsvetinikoloova@gmail.com","44","7498431706","","","User",""
"Siljan baiju","Siljanbaiju9000@gmail.com","91","8086207471","","","User",""
"Simranjeet Kaur Malhi","Simranmalhi1100@gmail.com","44","7384168375","","","User",""
"Ayesha Qureshi","anqureshi64@gmail.com","44","7487603064","","","User",""
"Renuka Chambani","renukachambani@gmail.com","44","7455390240","","","User",""
"Kalidas Vakkayil Radhakrishnan ","Kalidas2825@gmail.com","91","9544242825","","","User",""
"Researchers","Team13@warrgyizmorsch.com","91","********","","","Writer Admin",""
"Fathima Karimbayil Abdul Azeez","fathimaka.369@gmail.com","44","7559044070","","","User",""
"Tanu Bhatia","bhatia.tanu2@gmail.com","91","9205256276","","","User",""
"Prabhjot kaur 501","Kaurprabhjotkaur501@gmail.com","44","7818922190","","","User",""
"Diana Maria Ionica Gheorghita","ionicagheorghitadianamaria@gmail.com","44","7467378059","","","User",""
"Joel Varghese","joelvarghese95@gmail.com","91","9789688653","49","17659239403","User",""
"Mohit Attri ","Attrim95@gmail.com","49","17662906838","","","User",""
"Manisha Panwar","manishapawar9238@gmail.com","44","7901161892","","","User",""
"Aanchal","joshiaanchal63@gmail.com","91","7384190431","","","User",""
"Anjana rani 2","anjanachopra9381@gmail.com","44","7436236424","","","User",""
"Prasanth Prakash","prasanthprakash1212@gmail.com","44","7833886114","","","User",""
"sajjad khan","Sajjadfazal66@gmail.com","49","17620963360","","","User",""
"Savio Pereira","s17savio@gmail.com","49","17679026489","","","User",""
"Vinod","vinodindia71@gmail.com","91","09680552271","","","User",""
"Shama Devi","akshmachaudhary07@gmail.com","44","7402522985","","","User",""
"Rina Patel","rinugohil.94@gmail.com","44","7442106805","","","User",""
"Keval Brahmbhatt","kevalbrahmbhatt25@gmail.com","44","7407855837","","","User",""
"Jasmeet Mehndiratta","myramehndiratta@icloud.com","91","9915566449","","","User",""
"Meenakshi Durairaj","meenunambi96@gmail.com","44","7442121605","","","User",""
"Sparsha Seth","sparshaseth99@gmail.com","61","493763267","","","User",""
"Akshay Patel","akshaypatel883@gmail.com","91","9106705081","","","User",""
"Charles Chinedu Esemene","Charleschineduesemene@yahoo.com","44","7469300719","","","User",""
"Sourav sandha","Souravsandha72@gmail.com","44","7867250668","","","User",""
"Amaefule chinyere Grace","Chichigrace93@gmail.com","234","8039149938","","","User",""
"Arshpreet kaur 744","gillarshpreetkaur36@gmail.com","44","7442052656","","","User",""
"Rekha Samra","rekhasamra108@gmail.com","44","7404403739","","-","User",""
"Alex Thankachan","alexthankachan345@gmail.com","44","7438835393","","","User",""
"Damini","user381630","44","7818381630","","","User",""
"Nicoleta Gheorghe","Nicoletagheorghe250@yahoo.com","44","7787254885","","","User",""
"Shraddha jaiswal","user790013@gmail.com","91","9044790013","","","User",""
"Navjot singh","Navjott1947@gmail.com","44","7990857544","","","User",""
"Reshma","reshma080888@gmail.com","44","7570285297","","","User",""
"JOHN BIJU","johnbiju9991@gmail.com","91","9539608137","","","User",""
"Harpreet Kaur Gill","Nirmalg652@gmail.com","44","7448985771","","","User",""
"Pooja khosla","user982428@sd","91","8264982428","","","User",""
"Oboise Enearu","bigladyj2001@yahoo.com","234","7036939474","","","User",""
"Nabila Shafique","nabia.ch186@gmail.com","44","7762377280","","","User",""
"Mithun Reddy","reddimithun@gmail.com","44","7747589820","","","User",""
"Arshpreet Virk","Kaurarshpreet56uk@gmail.com","44","7771450121","","","User",""
"Dhruv Singh","dhruvsingh150396@gmail.com","44","7424659435","","","User",""
"Amanjot Kaur","kauramanjot1407@gmail.com","44","7393070510","","","User",""
"Sanjay sathyan ger","Sanjayberlin13@gmail.com","49","1605673994","","","User",""
"Aakash shrestha","aakashshrestha2016@gmail.com","44","7435381349","","","User",""
"Geethu Mariya Paul","geethumariya1995@gmail.com","91","9495427957","","","User",""
"Anjali P Kumar","anjalipkumar1306@gmail.com","44","7881021441","","","User",""
"jaskaran kaur","kaurkiran4170@gmail.com","91","7657957468","","","User",""
"Shalu","Shalu@warrgyizmorsch.com","91","123456789","","","Sub Admin",""
"Vinay","Vinay@warrgyizmorsch.com","91","123456789","","","Sub Writer",""
"Tejaswini","Tejaswini@warrgyizmorsch.com","91","123456789","","","Sub Writer",""
"Charmee","Charmee@warrgyizmorsch.com","91","123456789","","","Sub Writer",""
"Urvashi","Urvashi@warrgyizmorsch.com","91","123456789","","","Sub Admin",""
"kirandeep kaur","kirandeepkaurneor@gmail.com","44","7442270958","","","User",""
"Lovepreet kaur","kaursukhwinder01855@gmail.com","91","9855359962","","","User",""
"Jaspreet Bhatti","Jasbhatti0027@gmail.com","44","7721569190","","","User",""
"Saadiya","Khan.falak521@gmail.com","49","17646688196","","","User",""
"Navjot Kaur","navjotpunjab1996@gmail.com","44","7741838499","","","User",""
"kumari kirandeep","kumarikirandeepjal1@gmail.com","91","7901958063","","","User",""
"Rajanjeet","rajanjeetkaur1313@gmail.com","91","9501808813","","","User",""
"POOJA Ajitha Kumari","Poojaganesh102@gmail.com","44","7575143443","","","User",""
"Cheema 2","user970474@d","44","7741970474","","","User",""
"Sriya Reju","sriyareju.sr@gmail.com","49","17662455502","","","User",""
"Sajin Kooliyattail Kamarudheen","Pmfathima1991@gmail.com","49","17662457428","","","User",""
"Sweet Eguah","sweetbaby.ebai@gmail.com","44","7786839357","","","User",""
"Jasveer kaur","user427363","91","9914427363","","","User",""
"Amishna Ajaykumar","amishnaca1995@gmail.com","91","9544347596","","","User",""
"~Diksha Sharma","dikshashrmadob2000@gmail.com","91","7351021132","","","User",""
"Sheeza Ali","sheeza.ali5@gmail.com","44","7929360662","","","User",""
"Edwin Saj","edwinsaj007@gamil.com","44","7388390318","","","User",""
"Rajani Jackson ","rajanijackson10@gmail.com","91","9745610113","","","User",""
"Jaspreet kaur","user640441","44","7539640441","","","User",""
"Harpreet kaur gulab","user032905@dd","44","7384032905","","","User",""
"Elizabeth shajan","elizabethshajan285@gmail.com","49","17621052152","","","User",""
"Jatin Vaghasiya","jatin469jk@gmail.com","44","7767946369","","","User",""
"Neelakshi patel","neelakshi32@gmail.com","44","7769055127","","","User",""
"SREEKUTTY ASHISHkumar","pssreekutty1996@gmail.com","44","7833879189","","","User",""
"Anurag Surendran","anurags7991@gmail.com","91","9633477615","","","User",""
"Fameeda iqbal","fameedaiqbal2234@yahoo.com","44","7459854205","","","User",""
"Ankit singodia","anisingodia38@gmail.com","44","7796119473","","","User",""
"Sukhbittu Sharma","kaursukhjeetbhooma@gmail.com","91","9876840423","","","User",""
"Kajal devi","gowithkajal@gmail.com","44","7384094145","","","User",""
"Ganesh pasupuleti","ganeshpasupuleti8@gmail.com","91","9550343324","","","User",""
"Yash Patil","yashojeetpatil7783@outlook.com","49","17672526220","","","User",""
"Nancy","nancy.872k@gmail.com","44","7771273605","","","User",""
"Bharat Balusupati","user290301","44","7747290301","","","User",""
"RItika Khana","khannareet33@gmail.com","91","7858090819","","","User",""
"Iftikhaar hussain","Iftikhaarh@hotmail.com","44","7538920373","","","User",""
"Debby","user863828@gmail.com","44","7877863828","","","User",""
"Ajet ","Tejacalling3539@gmail.com","91","9833929274","","","User",""
"Antony Shaji","santonyshaji708@gmail.com","49","15175559064","","","User",""
"Gurpreet singh","gsingh77419@gmail.com","44","7741990271","","","User",""
"Ismgh ","Asmarabdel7@gmail.com","75","0615491801","","","User",""
"Shahadot Hossain Shadhin","shahadotshabiha@gmail.com","49","1742062981","","","User",""
"~VIVEK NAVADIYA","vlnavadiya25@gmail.com","49","17683014973","","","User",""
"Chaitanya Vemula","chaitanyakumarvemula39@gmail.com","44","7984739763","","7767963037","User",""
"Sukhpal Singh","user161110@d","91","9803161110","","","User",""
"Navdeep 90","nidhi20rk@gmail.com","91","9056509580","","","User",""
"Harman Kaur","harm1101999@gmail.com","44","7867078286","","","User",""
"~Stefan Butuc","bogdan.s.butuc@gmail.com","44","7842148118","","","User",""
"Simranjit kaur 62","simranjitkaursk62@gmail.com","44","7466512152","","","User",""
"Shivani Pahwa","user994617@s","44","7741994617","","","User",""
"Anamika sharma Manghera","sunnaanm59@gmail.com","44","7448077232","","","User",""
"Tushant batra","batratushant21aug@gmail.com","44","7908400162","","","User",""
"Rubeena Khan","rubeenakhanuk7@gmail.com","44","7440069293","","","User",""
"Veronika Tretinova","tretinovav@yahoo.co.uk","44","7442951012","","","User",""
"Muppana Sri sai Lokesh ","msslokesh98@gmail.com","44","7774848189","","","User",""
"Amrit Dhaliwal","amritdhaliwal087@gmail.com","44","7384167803","","","User",""
"Wilson joe","Wilsonjoe999@gmail.com","44","7756020512","","","User",""
"Bathish","bathishbathiee2@gmail.com","91","7384059187","","","User",""
"Artila Zizaj","Artila.zizajhealthcareassistant@yahoo.com","44","7365437937","","","User",""
"Ravi Thummar","ravirameshbhai2@gmail.com","49","17643696896","","","User",""
"Marta Tiru","martatiru@hotmail.com","44","7429433163","","","User",""
"Jhanavi Jyani","Jyanijhanavi1996@gmail.com","44","7833816618","","","User",""
"Akash Sajeev Kudilil","data@adta.com","49","15166226404","","","User",""
"Evans Asante","evansasante751@gmail.com","233","541906832","","NA","User",""
"Edward Amuzie","Edwardamuzie@yahoo.com","234","8136718875","","","User",""
"Ama Ofori","amaagyemanofori95523@gmail.com","44","7862209909","","","User",""
"Priya kamboj","Priyakamboj6463@gmail.com","44","7404977713","","","User",""
"Chioma","c.vnwogu@gmail.com","234","8166767593","","","User",""
"Jahan Govinda","gjahan71221@gmail.com","91","7447797792","","","User",""
"ABDUL-AZEEZ ALAMUTU","abdulazeez.alamutu@gmail.com","234","8139534000","","","User",""
"Amarachi Duru","gabbyamarachi@gmail.com","44","7823872963","","","User",""
"Jasmin kaushikbhai pambhar","Jasminpambhar778@gmail.com","91","9979618174","","","User",""
"Md Ebrahim Khan","mdkhanebrahim00@gmail.com","44","7405574069","","","User",""
"SAYED BILAL","Contact.oneclickpick@gmail.com","44","7429603766","","","User",""
"Ishpreet kaur","Ishpreetkaur99@gmail.com","49","17661247860","","","User",""
"Sheetal patil","Sheetu0801@gmail.com","44","7436361305","","","User",""
"Natalia","natalia.vatraleva77@gmail.com","44","7466154313","","","User",""
"Criss Barbutu","barbutu_cristi@icloud.com","44","7904932550","","","User",""
"Rashid Nassar ","rashidnasser45@gmail.com","91","9946112893","","","User",""
"Midhusha Kandanpillil Ghosh","midhushag@gmail.com","49","15210505411","","","User",""
"Tinu Thomas","tinuthomas63@gmail.com","49","15216893450","","","User",""
"Saya Sudheer","sayasudheer@gmail.com","44","7436553879","","","User",""
"Tarandeep kaur","Tarandeepkaur625@gmail.com","44","7459770193","","","User",""
"Sandeep kaur","sandeepkaur71096@gmail.com","44","7818576765","","","User",""
"Arjun Raj Ruma","user674809@sd","91","9605674809","","","User",""
"Sai Krishnan Harilal","Sai4sai619@gmail.com","91","9496368476","","","User",""
"Mehakdeep singh","dhillonpb18@icloud.com","44","7818929291","","","User",""
"swatiben patel","user086208@s","44","7442086208","","","User",""
"Kulmeet kaur","21kulmeet1992@gmail.com","44","7463603223","","","User",""
"Edwin saj","edwinsaj007@gmail.com","91","7034383678","","","User",""
"Mariamma Thomas","tmariathomas323@gmail.com","91","8891873336","","","User",""
"Akhil George nithyadhar","nithyadhar.ac@gmail.com","91","8943888612","","","User",""
"Naveed khan","naveedkhan0027@gmail.com","44","7404437842","","","User",""
"Anna duman","Anna.duman@icloud.com","44","7867243644","","","User",""
"Emeka Anthony isinka","emekaisinka@yahoo.com","44","7405911979","","","User",""
"kirti","kirtisinghkalerontj@gmail.com","91","7818042640","","","User",""
"Joe 90","Mervjoer@gmail.com","91","9035935092","","","User",""
"Nishant arora","aroranishant2016@gmail.com","44","7901159476","","","User",""
"Poonam kumari","pk7372245@gmail.com","91","6280101136","","","User",""
"Joshua Odigie","joepinpeee@gmail.com","234","7082526113","","","User",""
"Piyu Sharma","user486638","44","7774486638","","","User",""
"Rajwant Dhillon","rajwantkaur0139@gmail.com","44","7442396361","","","User",""
"Tulla Priyanka","user158866","44","7384158866","","","User",""
"Taran","Taransidhu8087@gmail.com","44","7448319400","","NA","User",""
"Dixon Davis","dixondavis18@gmail.com","91","7025500194","","","User",""
"Meetkumar Rajeshbhai Patel","patelmeet5255@gmail.com"," ","7587357834","","","User",""
"Rumen Kovachev","rumen.kovachev@yahoo.com","359","890551066","","","User",""
"Christo Varghese","Christo2595@gmail.com","49","15125557928","","","User",""
"Nischitha Reddy Nagaraj","fvbgff@d","44","7776797010","","","User",""
"Jay Mundra","jaymundra89@gmail.com","91","8849875725","","","User",""
"Arti Magar","user244146","44","7867244146","","","User",""
"Mihaela Alina GLOGOJEANU","Kimora_007@yahoo.com","44","7751596826","","","User",""
"Midhun Varghese Palamittathu","midhunvarghese46@gmail.com","49","17662817904","","","User",""
"Simranjeet kaur","officialguri315@gmail.com","44","7586236852","","","User",""
"Sumitpal Singh","Sumitpalsingh47@gmail.com","44","7490539009","","","User",""
"Monica Mihaila","m2monyka@gmail.com","44","7361569665","","","User",""
"Fathimath Murshida koppath","muneerkolakkat7011@gmail.com","44","7767182674","","","User",""
"Yadhuraj Sobharajan","swathyyadhuraj@gmail.com","91","9544863596","","","User",""
"Gurpreet Kaur","preetmeet5577@gmail.com","91","7833822384","","","User",""
"Haneen Mariyam","haneenmariyam2004@gmail.com","44","7909323868","","","User",""
"Ashin Vareeth","avashin247@gmail.com","49","17667317709","","","User",""
"Jatinder Gill","2222jatindersingh@gmail.com","44","7767746855","","","User",""
"Gurwinder Singh","Ggsgurwinder@gmail.com","91","8195843470","","","User",""
"AKHIL RAJ","akhilraj6059@gmail.com","49","17684674909","","","User",""
"Abisola Oladipo ","Oladipo19@gmail.com","44","7405281603","","","User",""
"Benedicta Amoah","benglisy@yahoo.com","233","209499327","","","User",""
"Corina Titan BUZDUGAN","corinatitan@yahoo.com","44","7389192576","","00","User",""
"Beven Biju","bevenbijupalackan@gmail.com","91","8547345121","","","User",""
"Ancuta Nastasa","ancutalidianastasa@yahoo.co.uk","44","7459808275","","","User",""
"Fahma kadalundi","beevifahma@gmail.com","91","9995739054","","","User",""
"Tatyana Boycheva","tatyanaboycheva13@gmail.com","44","7760923201","","","User",""
"Ameetsing Girase","ameet5817@gmail.com","91","7507938464","","","User",""
"Olaide","larafatoke@gmail.com","44","7831781865","","","User",""
"Pranav sharma","pranavsharma260898@gmail.com","44","7442781433","","","User",""
"Akshay Vijayan","akshaymvijay@gmail.com","49","17624138196","","","User",""
"~Radhakrishnan Tamilalagan","Rktamil2505@gmail.com","91","8220660882","","","User",""
"ISRA","israaslam_m@icloud.com","44","7404507886","","","User",""
"Astin baby","astinbaby@gmail.com","49","1782679618","","","User",""
"NIVED DINESH MELEKANDY","niveddineshmelekandy@gmail.com","91","9633309275","","","User",""
"Jomon Joseph","jomonjoseph582@gmail.com","91","9846642283","","NA","User",""
"Marius Constantin Butnariu","mariusctyn79@icloud.com","44","7460206760","","","User",""
"Iustina Elena Butnariu","Iustina.e.b21@gmail.com","44","7584914783","","","User",""
"pardeep kaur chahal","pardeepkaurchahal07071998@gmail.com","44","7767976744","","","User",""
"lovepreet kaur Kalsi","lovepreetkaurkalsi001@gmail.com","91","7657818859","","","User",""
"~parminder Kaur","kaurparam5234@gmail.com","44","7767177778","","","User",""
"Harwinder Kaur","harwindrer6@gmail.com","44","7436235316","","","User",""
"Vithushan vigneswaran","edcdfc@ss","44","7375996614","","","User",""
"Adrian","Adrian5pandele11@icloud.com","44","7494791621","","","User",""
"Preethi Sasankan","preethisasankan2011@gmail.com","91","8592929261","","","User",""
"Lovisa","mlovicer@gmail.com","44","7445226043","","","User",""
"Olorunnisola Oluwakemi Mary","olorunisolaoluwakemi3@gmail.com","44","7423093537","","","User",""
"Afiya","afiyapathan1996@gmail.com","44","7867052712","","","User",""
"Monika ","06monkia1996@gmail.com","44","7960078533","","","User",""
"Kawal","Kawal98uk@gmail.com","44","7404754941","","","User",""
"Rudra Bhende","rudrakhare99@gmail.com","44","7442254176","","","User",""
"Albin kuriakose 78","Contactalbin123@gmail.com","44","7833842164","","","User",""
"Susan Elvis","Susanitohanelvis123@gmail.com","234","8162242547","","","User",""
"Ekta Rani","ektarani398@gmail.com","44","7907743334","","","User",""
"Jorge GEMAJO","user713985@gmail.com","44","7480713985","","","User",""
"Aloysius Babu","aloysiusbabu706@gmail.com","91","9526365669","","","User",""
"Salman Mohammed","Mohdsalman8v67@gmail.com","44","7572611090","","","User",""
"Jincy Bruno","jincybrunogomez@gmail.com","91","9656988254","","","User",""
"SAKTHIVEL","sakthisan89@gmail.com","49","17668784653","","","User",""
"Laura","Laurared733@gmail.com","44","7832864842","","","User",""
"Judith","judithejike@ymail.com","44","7399291265","","","User",""
"NIKHIL 45","nikhil145950@gmail.com","49","17631789883","","","User",""
"SANTHOSH SIVAPANDI","santhoshsubash10@gmail.com","44","7440520202","","","User",""
"Faiza Suzain","Faizasuzain.1812@gmail.com","44","7392378743","","NA","User",""
"Kiran prathap","Kiranprathap007@gmail.com","49","15166109806","","","User",""
"Suraj K Yadav","surajkyadav892@gmail.com","49","1784775179","","","User",""
"Prince Devarajan shylaja","princedevan1097@gmail.com","91","6282484972","","","User",""
"Marius Cristinel Preda","marius.preda85@gmail.com","44","7459387346","","","User",""
"Dhruvi ","dhruvigosai2806@gmail.com","44","7570274547","","","User",""
"Kathy Ntiniu","GLODIEJAELELIZABETH@YAHOO.FR","44","7488399715","","","User",""
"Ashwin selvam","ashwin.selvam@yahoo.com","44","7459058060","","","User",""
"Nagesh","user850720@gmail.com","91","9036850720","","","User",""
"Isha Gidwani","ishams2005@gmail.com","91","8764232287","","","User",""
"Neha Saini","saini05neha@gmail.com","49","15222739955","","","User",""
"Balamma","balammajoseph@gmail.com","49","17677102588","","","User",""
"YUVASRI VENKATESAN","Yuvavenkatesh002@gmail.com","44","7934179347","","","User",""
"Muhammed Shafi Abdul Jabbar","shafivadakkedath@gmail.com","91","9961999575","","","User",""
"Geetanjali Agupatro","Geetanjali.agupatro666@gmail.com","44","7503576690","","","User",""
"Gurpreet Singh","gurpreet5singh.bl@gmail.com","44","7767916567","","","User",""
"Jibi john","user922114","44","7767922114","","","User",""
"Mohamed Masthan","masthan.akj@gmail.com","44","7442116929","","","User",""
"Kamalpreet Kaur 777","therabiavirdi@gmail.com","44","7776810118","","","User",""
"Orleans igbinosa","igbinosaorleans@gmail.com","44","7448309047","","","User",""
"Haritha Shibu","harithashibu@gmail.com","44","7810271055","","","User",""
"Navpreet kaur ","Dhillonnavpreet66@gmail.com","91","8360536087","","","User",""
"Chukwuemeka Nnodum","ikennannodum@gmail.com","234","8137807644","","","User",""
"Sonia Rani","Soniakhurmi5@gmail.com","44","7867080366","","","User",""
"rajesh Mali","rajeshmali1118@gmail.com","49","17646799460","","","User",""
"Sunny Date","sunnydate31@gmail.com","91","7276318729","","","User",""
"Sukhdeep Kaur Dhillon","Sukdeepkaur2000@gmail.com","91","9814116326","","7823428350","User",""
"Lydia Susan Raju","Lydiaraju98@gmail.com","44","7767993703","","","User",""
"Yamuna Murugesan","user144412","91","8870144412","","","User",""
"Niya eapen","niya.1928@gmail.com","91","7558927017","","","User",""
"Hema","Hedwinjayasingh@gmail.com","49","15218071352","","","User",""
"Josina john","josnajoe77@gmail.com","91","7796558051","","","User",""
"Deepak Biju","deepak1762002g@gmail.con","91","9995667267","","","User",""
"Ramandeep Kaur","redmiremi4@gmail.com","44","7867067079","","","User",""
"Twinkle Sandhu","twinklerr549@gmail.com","44","7721698044","","","User",""
"Nuzhat Qadeer","nuzi252@gmail.com","44","7424834363","","","User",""
"Fahas Vattiyam Veettil","nasweeba1002@gmail.com","44","7833828817","","","User",""
"Swathi Allamneni","swathirao2022@gmail.com","44","7438386717","","","User",""
"Viorica Firu","Alessioantonio0@gmail.com","44","7405187300","","","User",""
"shivam shivam","aarzooarora2014@gmail.com","44","7767192140","","","User",""
"Manpreet Malana","Manpreetmalana120596@gmail.com","44","7440274735","","","User",""
"Ahmad raza","ahmadraza2856malik@gmail.com","44","7360933821","","","User",""
"Lidia Marin","Lidiamarin1988@gmail.com","44","7472364537","","","User",""
"Mirela Chirita","mmirela262@yahoo.co.uk","44","7475930909","","","User",""
"Tommy","Olatomiwakazeem1998@gmail.com","44","7949831249","","","User",""
"Abhinanth Krishnakumar","abhinanthkrishna@gmail.com","44","7767752567","","","User",""
"Chetna Sharma","s.chetnaa11@gmail.com","44","7384036788","","","User",""
"kamal ","28101999kamal@gmail.com","91","9991214308","","","User",""
"Philip Akanwan ","philangelo9@gmail.com","44","7442806353","","","User",""
"Udaya Malathati","bhanuramana11@gmail.com","44","7487815413","","","User",""
"Saravjeet bajwa","saravjeet87@yahoo.com","44","7448379702","","","User",""
"Maninder singh","Singhmaninder1108@gmail.com","44","7404435953","","NA","User",""
"Mohga Assal (Egypt)","mohga.assal@gmail.com","49","15221425642","","","User",""
"Divya Sahadevan","divyasahadevan2017@gmail.com","91","8848959886","","","User",""
"Meghanath Reddy yeruva","meghanathreddy0725@gmail.com","44","7466585787","","","User",""
"Jostna reddy Gottam","jostnareddygottam0308@gmail.com","44","7496510017","","","User",""
"Sriya Reju","http://sriyareju.sr","91","8330074434","","","User",""
"savez pathan","shavez.pathan1@gmail.com","91","9759996040","","","User",""
"Festus Ehikioya Lawrence","Festiz2000@yahoo.com","44","7424923058","","","User",""
"Afsha Shaikh","afzajshaikh1997@gmail.com","49","15510453056","","","User",""
"Anandhan Girija","anandhanganil1951@gmail.com","91","9946701951","","","User",""
"Supriya pamdurthi","Pamdurthis14@gmail.com","44","7424968465","","","User",""
"Muhammed azar M.J.","azar.mohammed33@gmail.com","91","8921292825","","","User",""
"Andreea Robu","04andreea04@gmail.com","44","7475941441","","","User",""
"bittu kumar","bittukumar98964@gmail.com","44","7442588958","","","User",""
"Psy_zoombiee","user528948","91","7510528948","","","User",""
"Nishanth Arukala","nishanthgoudarukala@gmail.com","91","9666627078","","","User",""
"Happy Patel","patelhappy27698@gmail.com","44","7442095108","","","User",""
"Andreea Bratu","Andreea.bratu1@yahoo.com","44","7930631930","","","User",""
"Saniya ","user469878","91","8606469878","","","User",""
"Banke Adekunle","labaketestimony2016@gmail.com","44","7823717285","","","User",""
"Rakesh kumar","Rakesh46113@gmail.com","44","7423147531","","","User",""
"Dona Oshiana","user341563","49","15145341563","","","User",""
"Jospeh","efejoen@gmail.com","44","7438895346","","","User",""
"Johnny Antonio lopez","Johnny.lopez@hotmail.com","44","7869157955","","","User",""
"Irina(Edward Trans)","irina.craciun89@gmail.com","44","7438833780","","","User",""
"Fawad Khan","fk0493412@gmail.com","91","8787016804","","","User",""
"Zaheen Khan","zaheenkhan450@gmail.com","44","7867054670","","","User",""
"Rajwinder sallh","Rajwindersallh1995@gmail.com","44","7767178087","","","User",""
"Amal dev","amaldevus4u@gmail.com","91","9744592865","","","User",""
"Steve Remold Anamakkal Justin","stevejustin8@gmail.com","91","9744243237","","","User",""
"Ecaterina Marinescu","Kati_kati2127@yahoo.com","44","7378890069","","","User",""
"Ajay Kumar 9882","ajayk9882@gmail.com","44","7747206536","","","User",""
"A Mishra","makanksha0103@gmail.com","44","7766925192","","","User",""
"Arvind K Molath","user434630W@d","91","9995434630","","","User",""
"Gideon Ireigwe","Princegideon7@gmail.com","234","8022093078","","00","User",""
"Midhun Angels","midhunangels@gmail.com","49","17620484380","","","User",""
"Gursahib Sandhu","gursahibsandhu82@gmail.com","49","17664879949","","","User",""
"Abdullah","alazania95@gmail.com","49","17672838190","","","User",""
"harish sharma","harishsharma1986yahoo@gmail.com","91","7527959555","","","User",""
"Mandeep Kaur","mksandhuuk@gmail.com","44","7768207132","","","User",""
"Hardeep singh","Manpreettoora007@gmail.com","44","7796960141","","","User",""
"Nikita Vadher","nikitamvadher1603@gmail.com","44","7767945956","","","User",""
"Gurpreet Singh","njgill17@gmail.com","91","7889217072","","","User",""
"Mitesh vasava","user871707","44","7833871707","","","User",""
"Gurjeet Kaur 744","gurisama99@gmail.com","44","7440111692","","-","User",""
"Anisha Mittal","anisha2908mittal@gmail.com","91","9549021430","","","User",""
"Sunday Kelly Maclaire Binui","sundaymaclaire31@gmail.com","44","7534642827","","","User",""
"Memunat Balogun Saliu","queenmemoy2k@yahoo.co.uk","44","7424531917","","","User",""
"Georgiana Stratina","user193630@sd","44","7495193630","","","User",""
"Vishu Malhotra ","manishmalhotra.uk@gmail.com","44","7823391490","","","User",""
"Amrit Pal Singh","user232057@d","44","7424232057","","","User",""
"Jijith jeevan","jijith6666@gmail.com","91","9746341615","","","User",""
"Sanveer ankilla","Sanveerreddyankilla@gmail.com","44","7384099326","","","User",""
"Karamjit kaur","karamkaur1509@gmail.com","44","7384033572","","","User",""
"Roxana Mihaela Balauca","Roxybalauca@gmail.com","44","7857777749","","","User",""
"Tanja Dimitrovska","td75@hotmail.co.uk","44","7765801013","","","User",""
"Manpreet Kaur","preetman98765@gmail.com","44","7438104834","","","User",""
"Magdalena Masiuk","masiukmagdalena@gmail.com","44","7979307055","","","User",""
"Navjot Kaur Dhillon","navjotkaurdhillon786@gmail.com","44","7366455769","","","User",""
"Dominic Christo","christodominic4@gmail.com","91","9633292627","","","User",""
"ridhwan","kalyansawan37@gmail.com","91","8950500003","","","User",""
"Igbinosa matthew osemwegie","Igbinosaosemwegie@gmail.com","91","9033918080","","","User",""
"Anie Bansal","anie.Bansal.13@gmail.com","49","17683089447","","","User",""
"Samreen singh","Samreensingh7@gmail.com","91","8595024970","","","User",""
"Natalina Silva","Natalinasilva27@hotmail.com","44","7923468170","","","User",""
"Alzira","bikode24@gmail.com","44","7448550778","","","User",""
"Soprinye Clinton Philip","clintonsoprinye1993@gmail.com","234","8062771477","","","User",""
"Precious Ogonna Nwadike","Nwadykeprecious01@gmail.com","234","8136582728","","","User",""
"Ronald Rodrigues","ronaldino998@gmail.com","49","1783592182","","7012611050","User",""
"Drishya","user721453","49","17671721453","","","User",""
"Daniela bandeira","danielabandeira100@gmail.com","44","7587264600","","","User",""
"Deeksha Tripathi","tripathi2swati@gmail.com","91","7991211811","","","User",""
"Bhawna ","user976873@s","44","7767976873","","","User",""
"Manju Lather Raman","manju98uk@gmail.com","44","7721503405","","","User",""
"Kiran Deep Bath","kiran0deep1@gmail.com","44","7740048668","","","User",""
"Anel Suranchieva","anelaud@gmail.com","112","77018019997","","","User",""
"Bini Xavier","binixavier16@gmail.com","91","9567218348","","","User",""
"Adarsh Nair","adarshnair3260@gmail.com","49","15214445794","","","User",""
"NANDU KRISHNAN","nandukrishnan655@gmail.com","49","17682017756","","","User",""
"annajdavidson","yibasi1843@rockdian.com","231","3233373889","","","User",""
"Bozhidar Karadenizov","ibozhidar476@gmail.com","91","7873647430","","","User",""
"Gurjit kaur","Gurjitsaini350@gmail.com","49","17624333056","","","User",""
"IBHAZE OMOYEMEN JOYCE","ibhazejoyce@gmail.com","44","7423014484","44","7061717761","User",""
"Nithin nandakumar","nithin_nandakumar@outlook.com","44","7799029486","","","User",""
"Jaspreet Singh","sandhujas06913@gmail.com","44","7471382991","44","7424966846","User",""
"parminder singh","15parmindersingh1@gmail.com","91","8264305324","","0","User",""
"Anshul sharma","anshulsharma14092000@gmail.com"," ","7973804430","","","User",""
"Cheema","sumandeep00804@gmail.com","91","6284470129","","","User",""
"Asif Dogar","Asifsohna477@gmail.com","92","3001812350","","","User",""
"Raman","ramandeepk15071999@gmail.com","44","7747074902","","","User",""
"Veerppal","veerpaldaur01@gmail.com","44","7810401694","","","User",""
"Love Aulakh","loveaulakh2007@Gmail.com","91","9914361652","","","User",""
"Abhishek johnson","abijohnabhishek@gmail.com","91","9400097531","","","User",""
"Rohit Thomas","rohitthomas97@icloud.com","91","9633735825","","","User",""
"Shadab Ali Khan","shadabkhan2079@gmail.com","91","9793097999","","","User",""
"Sheethal Sabu ","Sheethalsabu1010@gmail.com","91","9946600085","","","User",""
"Diana sandu","Sandud73@icloud.com","44","7703440199","","","User",""
"Mubaris cheriya","mubarispkc2015@gmail.com","44","7767596522","","NA","User",""
"Andrei Danila","astan9820@gmail.com","44","7849852377","","","User",""
"Bony roy","bonyroy567@gmail.com","91","8086953749","","","User",""
"Balinder Singh","Singhinder291996@gmail.com","44","7818953907","","","User",""
"athul sebastian","athulsebastian777@gmail.com","91","7907738148","","","User",""
"Bianca Argesanu","argesanubianca@icloud.com","44","7802303933","","0","User",""
"Abishay Tom","abishaytom@gmail.com","44","7376387643","","","User",""
"Athul Prabhakaran Syamala","athulps.de@gmail.com","49","17666360714","","","User",""
"Malavika Sridhar","malavikasridhar07@gmail.com","49","1792001890","","","User",""
"Tejasprakashsingh Gungah","Gungahketan@gmail.com","230","57262266","","","User",""
"Anila Anna Varughese","user972948","44","7818972948","","","User",""
"Jessy Palanken Jacob","jessiesojo3@gmail.com","44","7443550751","","","User",""
"Tahmina Sumi","tahminasumi234@gmail.com","49","1791165068","","","User",""
"Cherry","Cherryathwan3@gmail.com","91","6239459885","","","User",""
"Tanya ","tanyabansal999@gmail.com","91","9818062636","","","User",""
"Fadhil pattaniparambil Faizel","fadhilpf111@gmail.com","44","7561881546","","","User",""
"Harshita","harshitasood659@gmail.com","44","7767188249","","","User",""
"Akshay Balu Krishnan","Akkubalu45@gmail.com","91","9745495121","","","User",""
"Ajay kumar","ajkumar.ps@gmail.com","91","8848827150","","","User",""
"Muthanna","muthanna06@gmail.com","49","17684742701","","","User",""
"mansa","Sagavkutty1129@gmail.com","91","9037418239","","","User",""
"Daris Jose","craterzwei@gmail.com","49","17672746155","","","User",""
"Lalbhai Desai","Lpdesai3613@gmail.com","44","7442151261","","","User",""
"Timmy","user274857","44","7899274857","","","User",""
"vishnu prakash velamparambil prakasan","vishnuprakashvp1996@gmail.com","49","1628207593","","","User",""
"Abin Biju","user241855","49","17623241855","","","User",""
"Anu Bindhu","Anunoyal75@gmail.com","91","8921851067","","","User",""
"Govind Babu","user893984","49","17676893984","","","User",""
"Vishnuprasad","vishnuprasad.1181@gmail.com","91","8547052141","","","User",""
"Sajivkumar","Sajivkumar1993@gmail.com","91","9633388055","","","User",""
"Bakare Aishat Adebanke","Adebankeaisha@gmail.com","91","7052403928","","","User",""
"Georgiana Roxana Marinescu","georgiana_ceausene@yahoo.com","44","7711962645","","","User",""
"Amal C Biju","amalchennattubiju@gmail.com","44","7721702571","","","User",""
"Fevina Mosses","fevinamosses@gmail.com","49","17632067259","","","User",""
"Krishnendu thaivalappil jayadevan","krishnendutj2@gmail.com","91","8075687051","","","User",""
"Sanju Maharjan","mhrzsandy@gmail.com","49","15254308602","","","User",""
"Daison Davis","daisonmaippan@gmail.com","49","17684704614","","","User",""
"Mohamed Fayis Karimbanakkal","faizymon84@gmail.com","49","1787202483","","","User",""
"Basil Biju","bazilbiju13@gmail.com","91","7025645337","","","User",""
"Amal Ullas ","amalullas607@gmail.com","49","17687032378","","","User",""
"Sachin varghese ayrookuzhiyil","ar.sachin31@gmail.com","91","9562554001","","","User",""
"Abin Antony","abinantony149@gmail.com","91","9947263106","","","User",""
"Rutvik Hihoriya","Rutvikhihoriya1234@gmail.com","44","7361542758","","","User",""
"Archna","archna19011989@gmail.com","91","8699241946","","","User",""
"Sanal Mathews","Sanalmathew87@gmail.com","44","7443795498","","","User",""
"Harpreet kaur","deolp3046@gmail.com","44","7436964433","","","User",""
"Haseeb shaan","haseebshaanek@gmail.com","91","9207189587","","","User",""
"sharon john","sharonjohnnov29@gmail.com","49","17636401565","91","9562099109","User",""
"Athira Anirudhan","athiraashik3@gmail.com","49","15175385794","","","User",""
"Meenu Dcruz","meenudcruz06@gmail.com","91","7994073929","","","User",""
"Belagatta Lingaraju Venkat","venkatnikhil619@gmail.com","91","9066637770","","","User",""
"Manpreet 88","gurjawandha514@gmail.com","91","8872740610","","","User",""
"Roxana placinta","Alinutza19822000@yahoo.com","44","7902779508","","","User",""
"Ana Cristina Balauta","bubulyna26@yahoo.com","44","7930154388","","","User",""
"Ranjith TN Alchemist","v","44","7767950640","","","User",""
"Aakarsh Rajesh Krishna","user082597","44","7867082597","","","User",""
"Isham singh","ishamsingh123456@gmail.com","49","1631230566","","","User",""
"Deepthi","jdeepthi34@gmail.com","49","17624275534","","","User",""
"Antony nevin dmorris","antonynevinss@gmail.com","49","1791106256","","","User",""
"Fatima Awoyomi","user083367@gmail.com","44","7958083367","","00","User",""
"Ajis Asharaf","Ajisjisu18@gmail.com","44","7769016027","","","User",""
"Nakul sharma","Nakulsharma000093@gmail.com","44","7424693236","","","User",""
"Koshika Gaur","gaurkoshika7@gmail.com","91","8882058077","","","User",""
"Saddam ansari","decefcv@dx","44","7940021969","","","User",""
"Zakeeya Farween","alfaazakiya@gmail.com","44","7435658443","","","User",""
"Basil Kurian","basilkurianmbyz@gmail.com","91","9744639389","","","User",""
"Gowtham Krishnamoorthy","gowthamvisha@gmail.com","44","7823421127","","","User",""
"Denka Ivanova","denka_ivanova@yahoo.com","44","7565190048","","","User",""
"Farhaan Ahmed","farhaanahmed219@gmail.com","44","7825036433","","","User",""
"Karn kooner","Karnkooner@dc","91","9779060825","","","User",""
"Ana Golea","anamaryagolea9@gmail.com","44","7494171325","","","User",""
"K krishna","user938526","44","7469938526","","","User",""
"Adarsh Puthenpurackal nair","adarshpnair350@gmail.com","91","7558001442","","","User",""
"Raman Mehta","Mehtaraman670@gmail.com","49","17624664868","","","User",""
"Lekshmipriya Kandathil Kanesh","lekshmipriyakk076@gmail.com","44","7774430537","","","User",""
"Chipo Muchara","chipomuchara31@gmail.com"," ","721292007","","","User",""
"Radhika","rb5465745@gmail.com","44","7455321325","","","User",""
"Pooja Nagra","Pooja17nagra@gmail.com","91","7589050163","","","User",""
"Thomas george","thomastgeorgenj@gmail.com","91","9745464946","","","User",""
"Bittu Kumar","user131407","44","7407131407","","","User",""
"Ann Merin Jose","annjose2717@gmail.com","49","17624615406","","","User",""
"Karina Bhadage","user596015@sd","44","7776596015","","","User",""
"Miguel Furtado De Barros","miguelbaarros@hotmail.com","44","7492708094","","","User",""
"Rajini Devi","Nitin143ruhela@gmail.com","91","9050618957","","","User",""
"Venkatesh Karumuri","Venkateshguptha1309@gmail.com","44","7774803530","","","User",""
"Harpreet Kaur Gill","user987385","91","8872987385","","","User",""
"Catalina Alexandra","Alexandracatalina1912@gmail.com","44","7543073652","","","User",""
"Amarachi Obi","amarachiprecious39@gmail.com","234","8171912524","","","User",""
"Samneet singh","samneetsingh97@gmail.com","49","17671515144","","","User",""
"Anchal sharma","anchalsharma9501@gmail.com","44","7909223748","","","User",""
"praveen kaur","kaurparveen7009@gmail.com"," ","6283876059","","","User",""
"Ionela copae","yochiar2006@gmail.com","44","7551907762","","","User",""
"Kostandina Paco","ntina1426ntina@gmail.com","30","6934297709","","","User",""
"Manpreet kaur mani","user959094@d","44","7767959094","","","User",""
"Imene guremat","imene.guermat@yahoo.com","49","15734208344","","","User",""
"Aparna Parambikkattil Rajan","aparnarajan912@gmail.com","44","7909100552","","","User",""
"ghhhh","haidarali.net@gmail.com","880","1917259597","","","User",""
"Gurleen Kaur Dhillon","gurleenkdhillon1211@gmail.com","49","17682152146","","","User",""
"Divanshi Rungta ","divanshirungta27@gmail.com","44","7887677851","","","User",""
"Albert cheradai anto","albertanto32@gmail.com","49","17643407136","101","9061752503","User",""
"Ionut Lovin","nt_lovin@yahoo.com","44","7459483819","","NA","User",""
"Kunal Agarwal","Kunalag31@gmail.com","91","7073326477","","","User",""
"Trisha Khaitan","user825919","91","8117825919","","","User",""
"Sarath Binu","sarathbinu1994@gmail.com","49","17684117588","","","User",""
"Divya gediya","divyagediya1998@gmail.com","91","7043517880","","","User",""
"Cyril Fabian","Cyril94fabian@gmail.com","44","7587291900","","","User",""
"Akshaya shiju","akshayashiju2000@gmail.com","91","9778326163","","00","User",""
"Sharanjeet kaur","Sharanjit14121997@gmail.com","44","7405770539","","","User",""
"Aamer mohammed","aamerkhan2810@gmail.com","44","7466064100","","","User",""
"Reena AUCHARAGRAM","don40@live.co.uk","44","7398991002","","","User",""
"Raajkiran ravi","raaajkiraan@gmail.com","91","9003065744","","","User",""
"Manvi","manvi.duhan1@gmail.com","44","7442051733","","","User",""
"Akshaykumar THAYAVALLIYIL","atakshay48@gmail.com","91","9400437200","","","User",""
" Sanampreet singh","sanambath8@gmail.com","91","7717298177","","","User",""
"Sahil","sahildahiya2810@gmail.com","44","7957531484","","8800627100","User",""
"Chirayu jain","jainchirayu95@gmail.com","44","7442324515","","","User",""
"Danish babbar","Danishbabbar23@gmail.com","49","17664917560","","","User",""
"Mitkovska Spasikova","natashamspasikova@yahoo.co.uk","44","7583899118","","","User",""
"Anmol","Anmol184@hotmail.com","91","8847057353","","","User",""
"Buta Singh","user782282","91","9592782282","","","User",""
"Kusam Rani","ranikusam815@gmail.com","44","7311326721","","","User",""
"Ionelia Popoiu","ipopoiu78@gmail.com","44","7730347123","","","User",""
"Nigitha Xavier","nigithaxavier07@gmail.com","44","7901288384","","","User",""
"Ephraim Nwakama","Eudechukwu@gmail.com","234","8083503302","","","User",""
"Vijay Shanmugam","kspvijay2003@gmail.com","44","7442110487","","","User",""
"Atinder pal singh ","Atinderpalsingh24031990@gmail.com","44","7466049727","","","User",""
"Akash Mehra","akashmehrao836@gmail.com","44","7826266733","","NA","User",""
"Vishal Rana","Vishalrana12998@gmail.com","44","7901040889","","","User",""
"Linda Kanor","lindakanor30@gmail.com","49","15215793381","","NA","User",""
"Dolly","sirichow753@gmail.com","44","7917713955","","","User",""
"Muhammed danish kappungal","danishdani02955@gmail.com","91","9400862627","","","User",""
"Sohail malik","00000","44","7375709269","","","User",""
"Neeha","neehaaman04@gmail.com","44","7868633867","","","User",""
"Megha D","meghagajjar25@gmail.com","44","7442130321","","","User",""
"Namrata raval","Namrataraval72@gmail.com","44","7442083214","","","User",""
"Harsimran Kaur","Sethisimran090@gmail.com","44","7442398256","","","User",""
"Emmanuel chimah uzoma","Emmanuelchimah60@gmail.com","44","7518518137","","","User",""
"Allen V Thomas","alenvthomas98@gmail.com","91","9544459628","","","User",""
"Kamalkumar Gundaraniya","kamal232309@gmail.com","44","7442082258","","","User",""
"Andreea Burta","Andreeamihaelaburta@gmail.com","44","7424457699","","","User",""
"Catiana Bonifácio","Catianinha89@gmail.com","44","7752606402","","","User",""
"Kiranjeet kaur","kaurkiranjeet200394@gmail.com","44","7440313957","","","User",""
"Mohit Manoj Dube","mohitm14dube@gmail.com","91","9049811801","","","User",""
"Jay Shah","jayshah2707@gmail.com","44","7833817034","","","User",""
"Rahul Babu","rahulbabu02019@gmail.com","49","17632891810","49","15510076751","User",""
"Alsu gimranova","alsugimranova@nhn"," ","7444748053","","","User",""
"Gurlal Singh 74","gurpreet1993104@gmail.com","91","7440447532","","","User",""
"Pragya Somkuwar","somkuwar.pragya@gmail.com","44","7436352573","","","User",""
"Rishi","rishiram1993chowdary@gmail.com","44","7488958085","","na","User",""
"Roy Aruldas","royaruldas123@gmail.com","91","9061338759","","","User",""
"Sesi Toyon","Sesitoyon@gmail.com","44","7340193618","","","User",""
"Karan verma","karan.kverma2@gmail.com","44","7341695295","","","User",""
"Bakhshinder kaur ","Bakhshinderkaur2602@gmail.com","91","8146403499","","","User",""
"Dr. LEKSHMI S KUMAR","drlekshmisk@gmail.com","91","9746749915","","","User",""
"Denisa nisipeanu","denisa.nisipeanu@yahoo.com","44","7405757875","","","User",""
"Marvin Antony","marvinantony111@gmail.com","49","1774495698","","","User",""
"Yash Kathiriya","yashkathiriya123@gmail.com","91","8849746981","","","User",""
"Maninder Kaur","mk2181618@gmail.com","44","7818976294","","","User",""
"Muslim veettil Asharaf azhar","azharma0703@gmail.com","44","7443798706","","","User",""
"Shivani saroha","shivanidbco@gmail.com","91","9034427522","","","User",""
"Manju Padma Kallamparambu Mani ","manjupadmakm@yahoo.com","49","15774826213","","","User",""
"Shubham Kumar","shubhamkumar4603@gmail.com","44","7387429364","","","User",""
"Amandeep kaur","amanpreet0967@gmail.com","44","7557969215","","","User",""
"Manpreet Kaur","manpreetthind898@gmail.com","44","7481428050","","","User",""
"kamaljit singh","kamaljit76117@gmail.com","91","6280062504","","","User",""
"Aswinpelappillybaiju","aswinpb7878@gmail.com","49","17623204348","","","User",""
"FALOMO OLUWASEUN Samuel","falomooluwaseun@gmail.com","44","7879233551","","","User",""
"Sadhana Priya","Sadhanapriya23@gmail.com","44","7442251142","","","User",""
"Apraku Miki","aprakumi1407@gmail.com","233","248286360","","","User",""
"Sidant gurung","Sidantgrg@gmail.com","44","7378849011","","","User",""
"Tarnpreet kaur Lahoria","tarnpreetkaur1999@gmail.com","44","7404971431","","","User",""
"Muhammad zubiar","mynextgoalis31919@gmail.com","44","7405079498","","","User",""
"Mohamed Suhail","Suhailbasheer96@gmail.com","91","7736640506","","","User",""
"Asad javed","user282687","44","7780282687","","","User",""
"Reshma Shibu","reshmashibu222@gmail.com","91","7593975387","","","User",""
"Aman","Amandeepbaharwal1992@gmail.com","91","9671132213","","","User",""
"Ash","user064389","44","7384064389","","","User",""
"Atufa Khanam","atufakhanam.ak@gmail.com","91","9052871869","","","User",""
"Kamaljeet Singh","kamalsaggi24@gmail.com","49","17680606994","","","User",""
"Rolson Pereira","Rolson488@gmail.com","91","9008609653","","","User",""
"Sadaf Batool","sadafbatool135@gmail.com","44","7440724906","","","User",""
"Himaya Gunasekara","Himaya_96@hotmail.co.uk","44","7311320827","","","User",""
"Akash bhasi","akashbhasi1963@gmail.com","44","7384171731","","","User",""
"Raluca Noje","ralucanoje95@yahoo.com","44","7459814474","","","User",""
"manpret kaur ","mk8874130@gmail.com","44","7774929002","","","User",""
"Aditya Satam","asatam5422@gmail.com","44","7810787905","","","User",""
"Kanta devi","Kantamahre.km@gmail.com","49","1791186222","","","User",""
"Mirela Ciochina","mirelaciochina99@gmail.com","44","7460357532","","","User",""
"Rohith Acharya","rohithacharya109@gmail.com","49","15510196971","","","User",""
"Ogundele Rashidat Abisoye","bisoye.babatunde@gmail.com","234","8022394982","","","User",""
"Manoj Chhetri","manojchhetri585@gmail.com","44","7818689619","","","User",""
"Shawn","user929532","44","7519929532","","","User",""
"Chetan Kumar Kamble","cinta87@protonmail.com","49","17684947223","","","User",""
"Iqra Hassan","i.shoukat05@gmail.com","92","3354581687","","","User",""
"Sagar Tala","sagartala24@gmail.com","44","7767935693","","","User",""
"Krishna kaur","23Krishnakaur27@gmail.com","44","7425654202","","","User",""
"Jassi Rathor","jassirathor79@gmail.com","44","7442063828","","","User",""
"kamalpreet kaur 95","mndpsingh214@gmail.com","91","9592114768","","","User",""
"Annu verma","Anuv6611@gmail.com","91","8053526333","","","User",""
"Riya karampel","riyajohnykarampel@gmail.com","49","17662462394","","","User",""
"Preet Brar","arshpreet5356kaur@gmail.com","91","8360767033","","","User",""
"Hina mano","mb2696715@gmail.com","92","03104696073","","","User",""
" shahim pallikkal","Shahimpallikkal@gmail.com","91","9567481007","","","User",""
"Namita Sikka","namitaskk@gmail.com","44","7443201910","","","User",""
"Pradeesh","Karthikkamaraj98@gmail.com","44","7769564965","","","User",""
"Hairat Lawal","lawal.bisola.h@gmail.com","44","7786265445","","","User",""
"Smit patel","Smit.p8552@gmail.com","44","7767570266","","","User",""
"Ruzhdie Asan","ruzh3321@gmail.com","44","7575176104","","","User",""
"Gurwinder kaur","gurwinderkaur10061996@gmail.com","44","7424344842","","","User",""
"EURI ","eurydicemb5@hotmail.com","44","7549060910","","","User",""
"Jenita sureshkumar","jenisiva73@yahoo.co.uk","44","7961722204","","","User",""
"Lovepreet Kaur 62","ps9617335@gmail.com","91","6284529709","","","User",""
"Salvatore Lavenia","lavenis88@icloud.com","44","7443006673","","","User",""
"Dinu John","johndinu6@gmail.com","91","7384183807","","","User",""
"Priya Rani 75","user990851@gmail.com","44","7576560606","","","User",""
"KUSHAL pavan chilli","kushalpavan15@gmail.com","44","7341649168","","","User",""
"Jagath Subramanian","jagathnsubramanian@gmail.com","44","7341628342","","","User",""
"Gurdeep kaur","r.rajveerkaur1999@gmail.com","44","7768223481","","","User",""
"Raman Deep singh","raman0833@yahoo.com","44","7767915185","","","User",""
"Gurdeep Kaur Brar","GurdeepkaurBrar1991@gmail.com","91","7385301282","","","User",""
"Ehigie Nosawema John ","jwemaa@gmail.com","44","7900841749","","","User",""
"Premy Thambi","premyk@gmail.com","44","7436594281","","","User",""
"Balraj Kaur","kaurbalraj0317@gmail.com","44","7341698469","","","User",""
"Rubby","Dhimanrules@gmail.com","44","7341694556","","","User",""
"Francesco CIANCI","f.cianci79@gmail.com","39","3382821425","","","User",""
"Sanju Thampi","sanjuthampi3@gmail.com","44","7384179234","","","User",""
"Libin Sebastian","libinkseban96@gmail.com","91","9656733635","","","User",""
"Man Kaur","Mankaur22preet@gmail.com","91","9876446526","","","User",""
"Gurdeep Singh","gurdeeps140601@gmail.com","91","6239055119","","","User",""
"Rubal ","user945122","44","7796945122","","","User",""
"Cleland Corquaye","cleland.corquaye.cc@gmail.com","44","7440379084","","","User",""
"Neha Rana (rupa)","1995devirupa@gmail.com","91","8295698118","","","User",""
"Kiranjit Kaur","Kiransharn5@gmail.com","44","7767192339","","","User",""
"Sneha Jaya","snejaya0@gmail.com","157","1231231385","","","User",""
"Adetutu Yousuuf","user095321","44","7771095321","","","User",""
"Antonella Gaeta","antonellagaet83@gmail.com","44","7391873349","","","User",""
"meenu","m9222980@gmail.com","44","7404514148","","","User",""
"Iyanuoluwa fagbemile","Preciousfagbemile@gmail.com","44","7876821806","","","User",""
"Hari","harijayaram99@gmail.com","44","7862060603","","","User",""
"Sooraj Prakash","athulur1998@gmail.com","44","7818140709","","","User",""
"Saganpreet","Saganpreetkaur2797@gmail.com","44","7833820600","","","User",""
"Aswathy Saseendran Pillai","aswathyveeyes@gmail.com","44","7384024002","","","User",""
"Kamaljeet Kaur sekhon","kaur73351@gmail.com","44","7404366032","","","User",""
"Andronache Ana Maria","Andronachesonia@icloud.com","44","7392805690","","","User",""
"Tamannarohit Goswami","tamannagoswami88@gmail.com","91","6280263007","","","User",""
"Tar Singh","tari8406@gmail.com","44","7909225899","","","User",""
"Kristiana Premti","Kristianapremti@outlook.com","44","7427685082","","","User",""
"Arun Kannan","arunaegon911@gmail.com","44","7767943243","","","User",""
"Tulla Priyanka","drpriyankatulla@gmail.com","91","8688914500","","","User",""
"Russel Read","Russelread54@gmail.com","44","07398273876","","","User",""
"Manpreet kaur","preet727673@gmail.com","91","9501544648","","","User",""
"Mansarab","Khangura1236@gmail.com","44","7867088022","","","User",""
"Adarsh Mahendran","adarshmahendran65@gmail.com","91","7384172221","","","User",""
"Ediga Goud","parthasaradigoud23k@gmail.com","44","7576433141","","","User",""
"Muskaan","nischalmuskaan013@gmail.com","44","7901177228","","","User",""
"Raluca mihaela grejdan","Ralucamihaela93@gmail.com","44","7498548004","","","User",""
"Tolulope Emmanuel Babatunde","Bttolubabs.bt@gmail.com","234","8064477139","","","User",""
"ADAM","adam","197","910695502","","","User",""
"Maria","schipormaria@yahoo.com","44","7881271335","","","User",""
"AKHIL REJI VETTOM","akhilreji123@gmail.com","91","9747684647","","","User",""
"Nidhi Rafaliya","nidhirafaliya@gmail.com","44","7767556870","","","User",""
"Obatayo Fakoya","obatayofakoya@gmail.com","44","7466449351","","","User",""
"Syed Hamza Ali","syedhamza718@gmail.com","44","7440049381","","","User",""
"Omojola Precious","omojolasefunmipe@gmail.com","234","8168019078","","","User",""
"manjusha","Manjushamanoharan03@gmail.com","91","8078788723","","","User",""
"Alin sunil","Alinsunil46@gmail.com","49","17620988901","91","7551560070","User",""
"akshay_v__","user952878","44","7767952878","","","User",""
"Muhammed Razal Konhanam Kuzhi","razalat32@gmail.com","49","1789457064","","","User",""
"Manpreet kaur","mk4962659@gmail.com","44","7380551205","","","User",""
"Amrit pal Kaur ","user641380","44","7774641380","","","User",""
"Gurpreet kaur","Kaurgurpreet19948@gmail.com","44","7341693898","","","User",""
"Nikhil Satheesan","nk1447@gmail.com","49","17629116679","","","User",""
"Nabeel Naushad","user102156","44","7394102156","","","User",""
"Raman Bhatti","ramanbhatti652@gmail.com","91","7837979807","","","User",""
"Efosa Obasogie","efosaobasogie1@gmail.com","44","7901615123","","","User",""
"RINTA VYSSERIL MATHUKUTTY","Rintavmathew97@gmail.com","91","8156976825","","","User",""
"Amandeep Kaur 88","amandeepkaur040800@gmail.com","91","8847499152","","","User",""
"Harjeet kaur dhaliwal","dhaliwaljyoti655@gmail.com","44","7874034019","","","User",""
"Ikram 49","ikramkhan020202@gmail.com","49","17684452943","","","User",""
"Stebin binny","Stebinbinny999@gmail.com","91","8943478722","","","User",""
"Vishnu Murali","vishnumurali9025@gmail.com","91","9544895193","","","User",""
"Nikolet Tacheva Koleva","Kolleva97@gmail.com","44","7787858777","","","User",""
"Niveditha Sanalkumar","niveditha910@gmail.com","91","8138896453","","","User",""
"Roshan kumar shah","roshankumar.sah191@gmail.com","49","1629080208","+49","1716192937","User",""
"Rishikesh kumaran sarojini","rishicena727@gmail.com","44","7385294926","","","User",""
"Jithin Joseph","Jithinjoseph810@gmail.com","44","7765449718","","","User",""
"maya hara","maya.hara900@gmail.com","234","8161412171","","","User",""
"Ananthakrishnan Syamaprasad","Anandhu8844@gmail.com","49","1792058033","","","User",""
"Vamsheedhar Rao ponugoti","vamshiponugoti970@gmail.com","44","7466646473","","","User",""
"Rajwant Randhawa","randhawameet93@gmail.com","91","8725905762","","","User",""
"Winu Kavanal","winu.kavanal@gmail.com","91","9562400433","","","User",""
"Vishal Thakur","Vishalthakurvt33459@gmail.com","91","8894142657","","","User",""
"Muhammad Akhtar","sandhunomi1996@gmail.com","44","7415767925","","","User",""
"Santhir Rahman","santhir.rahman@gmail.com","91","9995574334","","","User",""
"Mohammed S Z Kappil","shmszamn@gmail.com","44","7867001036","","","User",""
"Akhil Sadanandan","akhilingermany@gmail.com","49","17664290065","","","User",""
"Jishnu SODARAN","jishnus227@gmail.com","44","7384085055","","","User",""
"Dr Nisha Khadka Chhetri","nisha.khadka016@gmail.com","44","7810318533","","","User",""
"Akshay vijay Nair","akshayvijaynair33@gmail.com","91","6282176963","","","User",""
"Milan radadiya","milanradadiya1683@gmail.com","49","17656562202","","","User",""
"Chaitra Ramu","chaitraramu1099@gmail.com","91","9591274005","","","User",""
"Rahul Palande","rahulmecheng07@gmail.com","91","9167835428","","","User",""
"Walepro","Walepro07@gmail.com","44","7305359505","","","User",""
"Ashish germany","ashish23449@gmail.com","49","15770972540","","","User",""
"Tanmay Nayyar","Tanmaynayyar093@gmail.com","49","17661918150","","","User",""
"Silvia capela","silviacapela86@hotmail.com","44","7762739357","","NA","User",""
"Irenen saji letha","irinlitha2019@gmail.com","44","7884809939","","","User",""
"Rohan danawala","rohandanawala@gmail.com","44","7867065850","","","User",""
"Kavia Muthan Manisekar","513118114042kaviamuthanm@gmail.com","91","9499948805","","","User",""
"Israh hussain","israhhussain889@gmail.com","44","8137008532","44","7785357622","User",""
"Harpreet Sharma 73","pardeepmander869@gmail.com","44","7311319222","","","User",""
"Greeshma Anna Shibu","user094924","49","17688094924","","","User",""
"Safa sadat","safasadat998@gmail.com","91","9004275733","","","User",""
"Qaisar Sultani","qaisararshadiiui@gmail.com","44","7448198309","","","User",""
"Arjun Murali","arjunvenjaramood15@gmail.com","44","7442565105","","","User",""
"Muhammed Nihal Nediyedathu","Muhammednihal5307@gmail.com","91","9447630475","","","User",""
"Muhammad Butt","Hamzi.butt143@gmail.com","44","7388021591","","","User",""
"Sheethal Nitha Shaji","sheethal.shaji2106@gmail.com","91","8943946491","","","User",""
"Samraj Augustin ","ypjasamraj@gmail.com","91","9500963339","","","User",""
"Linda owusu","beautyml.owusu@gmail.com","44","7398451975","","","User",""
"Yasmeen Khan","yasmeenkhan2003@hotmail.com","44","7384200059","","","User",""
"Hema Sehrawat","hema.shandhil@gmail.com","61","467348140","","","User",""
"Emmanuel Asiovu","iemmanuelasiovu@gmail.com","91","8137806739","","","User",""
"Teffy Punnamparampil","teffymathew2014@gmail.com","44","7442665936","","","User",""
"Corina Ioana","Alexandrucorina26@gmail.com","44","7488903381","","","User",""
"Akash Mohanan Subha","akashms225@gmail.com","44","7833851773","","","User",""
"Karan Gill","Preet138.karan@gmail.com","49","15216964563","","","User",""
"Mevin Sebastian","mevins39@gmail.com","44","7436654069","","","User",""
"Raam bharatha Raja","bkraams220@gmail.com","91","9176832139","","","User",""
"Sujitha somarajan","Sujitharajan99@gmail.com","49","17648096594","","","User",""
"Fawaz","abdulfawaz555@gmail.com","44","7459550025","","","User",""
"David Pinheiro","davidandrewp1199@gmail.com","44","7867085356","","","User",""
"Sandhya Emireddy","sandhyareddy4899@gmail.com","44","7436966087","","","User",""
"Sai Rajkumar penugurthi","penugurthisairajkumar@gmail.com","44","7768601418","","","User",""
"Mansi Tailor","mansigajjar.23@gmail.com","91","7621056169","","","User",""
"Jerin Sunil john","jerinsjohn77@gmail.com","49","1739569240","","0","User",""
"Mohammed Nawaf","Mohammednawaf525@gmail.com","44","7867230640","","","User",""
"Amrit pal kaur","amritjassi993@gmail.com","44","123123123","","","User",""
"Raluca Moldovan","Raluca_catalina89@yahoo.co.uk","44","7456058124","","","User",""
"Deepak Madapura Parameshappa","deepakmp9999@gmail.com","44","7443799828","","","User",""
"Sandesh Chaudhari","hr.sandesh99@gmail.com","49","15758273904","","","User",""
"shivangi","shivangi2089@gmail.com","49","17656914728","","","User",""
"ashwaty haridasan","Aswathy_haridasan@hotmail.com","44","7442411607","","","User",""
"Daliya Mathai","mathaidaliya@gmail.com","49","17624195413","","","User",""
"Anfal Akdhar Hussain","anfalakku70@gmail.com","44","7388309679","","","User",""
"Sukhjinder brar","Sukhjinderbrar34@gmail.com","44","7440272900","","","User",""
"Nimmi devarajan","nimmiad0601@gmail.com","49","1792002358","","","User",""
"MonaLisa","monaisha88@yahoo.com","44","7494485195","","","User",""
"Vanshika sharma","sharmavanshika096@gmail.com","44","7789250386","","","User",""
"Anu Babu","user752829@ds","49","17630752829","","","User",""
"Olusegun Agboola","agboolaolu2019@gmail.com","44","7768963380","","","User",""
"Nithin Prathapan","Nithinprathapan@live.com","49","17660835695","","","User",""
"Harpreet Singh","Dhanjuharpreet1@gmail.com","44","7440320328","","","User",""
"kuldeep kaur","Kuldeepkaur81090@gmail.com","44","7341697538","","","User",""
"Rahul Renjith","rahulsindhurenjith@gmail.com","39","3311587803","","","User",""
"Rohit verma","Bagga9590@gmail.com","91","9501171888","","7747274788","User",""
"Mohammad zaid narmA","narmazaid@gmail.com","44","7587395558","","","User",""
"Galbenita Roxana","roxy862006@yahoo.com","44","7929379747","","","User",""
"Jasanjot Singh","bainsjashan29@gmail.com","44","7438262489","","","User",""
"Sai Variganti","varigantisaikiran96@gmail.com","91","9700044019","","","User",""
"Mir Shanto","mmahfujur95@gmail.com","44","7442112272","","","User",""
"Santo Sabu","user522082@gmail.com","91","9946522082","","","User",""
"Sarbjeet kaur","meenalehal123@gmail.com","44","7767937000","","","User",""
"Sapna Devi","iamsapna1303@gmail.com","44","7436298404","","","User",""
"Ciprian Manea","Cipcip20170@gmail.com","44","7424665861","44","7440699169","User",""
"Ionel Placinta","ionel_placinta@yahoo.com","44","7440640413","","","User",""
"Anil kumar italy","manilkumar617@yahoo.com","39","3475284274","","","User",""
"Aysha Anees","user537022","44","7840537022","","","User",""
"Ivaylo Tabandzhov","ivaylotabandzhov@gmail.com","44","7843998839","","","User",""
"Vimalesh vijayan","Vimaleshvj25@gmail.com","91","9745045343","","","User",""
"Athul Varghese Juby","athulvarghesejuby882@gmail.com","44","7388285060","","","User",""
"Chinenye Ezeugo","nenyefabrics@gmail.com","234","8063212442","","","User",""
"Arunkumar","arunkumar220ra@gmail.com","44","7767947143","","","User",""
"Anupama Peter","anupa1988@gmail.com","91","8848860079","","","User",""
"Deepa Reddy","deepareddy.ak@gmail.com","44","7466844314","","","User",""
"Meenakshi","meenakshi211196@gmail.com","44","7436964955","","","User",""
"salinder Kaur","salinderkaur10031994@gmail.com","44","7553980062","","","User",""
"Sajeer Sulaiman","Alvida.sajeer@gmail.com","91","6235518974","","","User",""
"Anannya","anuanannya23@gmail.com","49","1772764857","","","User",""
"Sohail tariq.","sohailmalikk740@gmail.com","92","3315434334","","","User",""
"Deborah olafioye","deboraholafioye@gmail.com","234","8034271220","","","User",""
"Ankita Kamra","ankitakamra2022@gmail.com","49","1635240899","","","User",""
"Roofin George","roofingeorge007@gmail.com","49","15171037744","","","User",""
"Gurtej Singh 75","gurtejsingh52262@gmail.com","91","7528852262","","","User",""
"Raluca Tudosie AIN","ralucaileanatudosie@gmail.com","44","7459943186","","","User",""
"Krithika selvaraj","Krithikaselvaraj.510@gmail.com","49","17672768833","","","User",""
"Laxmi Praveena","laxmipraveena5@gmail.com","44","7442242910","","","User",""
"Dipankaj","user104155","91","9177104155","","","User",""
"Mohamed sheruk Sarfaraz ahamed","Sarf67890@gmail.com","44","7901875250","","","User",""
"Florina Bobeica","florinussunshine@gmail.com","44","7592783146","","NA","User",""
"Oana Milea","Oana_28@yahoo.com","44","7833228712","","","User",""
"Afrid Jabir","afrid0512@gmail.com","44","7379280512","","","User",""
"Collins koke Omoregie","78juy","44","7424323681","","","User",""
"Dimitar Dimitrov","Dimitardimitrov1916@gmail.com","44","7598403359","","","User",""
"mandeep Kaur saini","sainimandeep249@gmail.com","44","7585871562","","","User",""
"Nadeem Akbar","nadeemuk369@gmail.com","91","7025352303","","","User",""
"Mohammad anfaz","mashhalali4@gmail.com","44","7384048998","","","User",""
"Diana Tomos","dianatomos@yahoo.com","44","7415243522","","","User",""
"Gundrathi Devishwar goud","devishwargoud2102@gmail.com","44","7859161169","","","User",""
"Emmanuel Kalathingal Raj","emmanuelkraj@gmail.com","49","15731148235","101","9946514698","User",""
"Rao Jyoti","user660259","44","7405660259","","","User",""
"Purna","purnachandu909@gmail.com","44","7384057500","","","User",""
"Priya Nahar","Priya1105nahar@gmail.com","44","7440178085","","","User",""
"Chinwendu Nwaka","vivianvicky90@gmail.com","91","8144807753","","","User",""
"Nayana Biju","020nayana2000@gmail.com","44","7466394165","","","User",""
"Athira Shaji","athirashaji9@gmail.com","91","9656410468","","","User",""
"Deepali Chauhan","deepalichauhan220@gmail.com","44","7440544283","","","User",""
"Parwinder kaur","kaur6101996@gmail.com","44","7818384719","","","User",""
"Ajay","ajaysood756@gmail.com","44","7768214124","","","User",""
"Ayobola Ogunmefun","ayobolaogunmefun28@gmail.com","234","8163556617","","","User",""
"Gurmeet Kaur Brar","gurmeetkaur01111996@gmail.com","44","7768182962","","","User",""
"Pooja","poojaboora157@gmail.com","91","7494882956","","","User",""
"Riaz Samo","user966342@gmail.com","44","7952966342","","","User",""
"Femin Baseer","Feminbasheer@gmail.com","44","7445491984","","","User",""
"AbhiAbhijith Dileep","abhijithdileep2016@gmail.com","49","17682264223","","","User",""
"Gurinderpal Singh","singhgurinderpal064@gmail.com","44","7901014830","","","User",""
"Avinash ","avinashallishala@gmail.com","44","7466433654","","","User",""
"Ajebo Iguma","Ajeboajebo0147@gmail.com","44","7440491258","","","User",""
"prabhjap singh","prabhbhullar058@gmail.com","44","7440313459","","","User",""
"Preet","hpreetkaur1803@gmail.com","44","7754197657","","","User",""
"Michael Kamanda","michaelkamanda39@gmail.com","44","7429595842","","","User",""
"Carmen Munteanu","Carmenmun32@gmail.com","44","7895421537","","","User",""
"Keval Rameshbhai Vaghani","Kevalvaghani11@gmail.com","44","7818787882","","","User",""
"Balan Veronica","verabalan19@yahoo.ro","44","7753642231","","","User",""
"Pardeep kumar","Nav3947@gmail.com","91","9872881719","","","User",""
"Harjot","Harjotthakur982@gmail.com","91","9653689964","","","User",""
"Joseph Anto","stjosephine97@gmail.com","44","7721685976","","","User",""
"Nikita nikita","Nikitanidhi524@gmail.com","44","7767937168","","","User",""
"Aman Sharma Dhurup","gautamstrike1@gmail.com","91","8652409315","","","User",""
"Victor obanyelu","user114573@gmail.com","44","7762114573","","","User",""
"Visnu Shankar","vishnusa9@gmail.com","44","7833878486","","","User",""
"Harmanpreet kaur 84","harmanpreetkaurhk786@gmail.com","91","8427732199","","","User",""
"Akhil Shine Roy","akhilshineroyy@gmail.com","91","7025055605","","","User",""
"Kamaljeet kaur jsnanva","jsnanva@gmail.com","91","9996443239","","","User",""
"Mrs A Sivakumaran","Anitha485@hotmail.com","44","7487692693","","","User",""
"Sandeep kaur","sandykhera169@gmail.com","44","7818922780","","","User",""
"Gagandeep","gagandeepdudu@gmail.com","61","404804348","","","User",""
"Syed shakeel abdulRahiman","Syedrahiman.04@gmail.com","49","17682052574","","","User",""
"Larrybiyi","larrybiyi@yahoo.co.uk","44","7585042120","","","User",""
"Marek bajger","Markusspartakus762@gmail.com","44","7435969064","","","User",""
"Aiswarya kaladevi Nair","aiswaryaknair0701@gmail.com","91","7356749077","","","User",""
"Nahla Habeeb","Nahla.habeeb@hotmail.com","49","15733361641","49","15207916650","User",""
"Aravind Sudhakaran","Aravindsudhakar96@gmail.com","49","15781230542","","","User",""
"Greeshma mary george","greeshmary@gmail.com","91","9497134955","","","User",""
"Akash singh","akashkrsingh551@gmail.com","44","7495486635","","","User",""
"Kremena Yordanova","kremi_bojestvena@abv.bg","44","7784749366","","","User",""
"Aditya Kiran","adithyakiran1449@gmail.com","91","9539367734","","","User",""
"Kamal ","user995465","44","7771995465","","","User",""
"Krasimira Chausheva","krasi.77d@gmail.com","44","7908400722","","","User",""
"John mark","johnaurad.23@gmail.com","44","7833810509","","","User",""
"Rajin Riyaz","rjrajin@gmail.com","49","1607558350","","","User",""
"Pavneet Kaur","Pavneetkaurs453@gmail.com","44","7901195577","","","User",""
"MOHAMMED TOUFEEQ","mohdtoufeeq95@gmail.com","44","7424462268","","","User",""
"Syed Fannan","fannansyed12345@gmail.com","44","7767914630","","","User",""
"Elizabeth O Adenuga","olaideadenuga11@gmail.com","234","7062808386","","","User",""
"Mohammad shahil","mohammadshahil2418@gmail.com","44","7909212189","","","User",""
"Aishat Salahudeen","Salahudeenaisha10@gmail.com","44","7823643423","","","User",""
"Radoslav Bugyi","jergus22@seznam.cz","44","7824030081","","","User",""
"Sarath ","sarathmm2000@gmail.com","44","7442364704","","","User",""
"Fidelia OKOLO","Fideliaokolo@gmail.com","234","8032754531","","","User",""
"Hari Prasanna Ravichandran","hariprasanna0116@gmail.com","49","1774651770","","","User",""
"Anagha Dharmajan","anaghadharmajan79@gmail.com","44","7833886670","","","User",""
"Hir Soni","sonihir26@gmail.com","44","7380935749","","","User",""
"Simran ","Simi.sandhu526@gmail.com","44","7880208095","","","User",""
"Aman Sharma","Amansharmastar59@gmail.com","91","9459027223","","","User",""
"Rosemol","rosemolbastine26@gmail.com","91","9400756997","","","User",""
"Gokul","nairgokul881@gmail.com","44","7823411743","","","User",""
"Raman preet","rmnrami15@gmail.com","44","7384190241","","","User",""
"Parneet Kaur","Baniwalparneet@gmail.com","44","7818976936","","","User",""
"Krisha Patel","krishap9901@gmail.com","91","9724059492","","","User",""
"Sajith prabha","sajithprabha12@gmail.com","91","9746279746","","","User",""
"Faj","fajinmiadedayo@gmail.com","234","8164633747","","","User",""
"Ahamed Zaeem","zaeem271@gmail.com","91","9995347060","","","User",""
"HarJapGur","hardeepkaur1362@gmail.com","91","9530912190","","","User",""
"Komal mayank lalwani","trilokchandanikomal@gmail.com","44","7767944098","","","User",""
"Osagie Shaibu","Premiercollege@mail.com","44","7429604064","","","User",""
"Navisha Behal","Sandhu.salwinder786@gmail.com","44","7466032084","","","User",""
"Marius Andrei Loghin","aloghin1995@gmail.com ","44","7568572663","","","User",""
"Anshad kabeer","anshadkabeer123@gmail.com","91","8943729614","","","User",""
"Hiteshri trivedi ","hiteshritrivedi2408@gmail.com","91","9099900783","","","User",""
"HASBBINSHA","hasbbinsha@gmail.com","44","7466553647","","","User",""
"Sara Raba","sara_rabah97@live.fr","49","15226561261","","","User",""
"Maan singh","Maansandhu094@gmail.com","44","7440371850","","","User",""
"Cherish Fejiro","fejirocherish92@gmail.com","234","7081530601","","-","User",""
"Harman Benipal","Harmanjot.kaur0937@gmail.com","44","7448795818","","","User",""
"Pranav Prakash","pranavprakash262@gmail.com","91","6235635452","","","User",""
"Deepika Thakur","user904261","49","17673904261","","","User",""
"Olusegun","Sonugaolusegun91@gmail.com","234","8063795285","","","User",""
"Alan varghese","alanvarghese863@gmail.com","44","7442357208","","","User",""
"Jacobs de","jacobvrgese@gmail.com","49","17622720341","","","User",""
"Ulfat Hayat","user532381","44","7577532381","","","User",""
"Asha Banjade","banjadeasha56@gmail.com","44","7467620666","","","User",""
"Rishi Haridas","Rishiharidas97@gmail.com","91","9746583866","","","User",""
"Ani Badea","Iacob.ani@yahoo.com","44","7534638197","","","User",""
"Tanina Jassal Bhaji","puru262002@yahoo.co.in","44","7901014788","","","User",""
"Varun s pillai","varunspillai93@gmail.com","91","9207375813","","","User",""
"Jil Shah","jilshah777@gmail.com","44","7442568741","","","User",""
"Saumya","Soumyanandi32@gmail.com","44","7442014189","","","User",""
"Tanveer Ahmed","ta4950657@gmail.com","44","7377445055","","","User",""
"MRIDHUL PRAMOSH","mridhulpramosh909@gmail.com","91","8589909909","","","User",""
"Gittu Thampi","gittu.thampi@gmail.com","49","17658855064","","","User",""
"Mathews saju","mathewssaju88@gmail.com","91","9539306475","","","User",""
"Kudus Onikoyi","K.onikoyi@yahoo.com","44","7787084292","","","User",""
"Arsh","user245510","91","9878245510","","","User",""
"Jessel joy","jesselmaria2002@gmail.com","356","99906134","","","User",""
"Manpreet Kaur Sandhu","user372118","91","9041372118","","","User",""
"Bindi Shukla","shuklamrugesh@yahoo.com ","44","7587408546","","","User",""
"Ushaben P Goraniya","usha211219999@gmail.com","44","7767922742","","","User",""
"Jasneet Shahi","shahijasneet@gmail.com","44","7768385811","","","User",""
"Rinkle Patel Leicester","patelrinkal468@gmail.com","44","7721540052","","","User",""
"Konika","Konikakalyan93@gmail.com","91","9896646723","","","User",""
"Amandeep kaur chahal","Amanchahal0829@gmail.com","91","7710471343","","","User",""
"Pratibha Shaw","pratibhashaw@rediffmail.com","91","8828088342","","","User",""
"Sreeshna saseendran","sreeshnas1997@gmail.com","91","7593050441","","","User",""
"Dilpreet kaur","dilpreetkaurgill1245@gmail.com","91","6284265907","","","User",""
"shivraj singh","shivsony1232@gmail.com","44","7795894346","","","User",""
"Jatinder Kaur chana","Chana4jatin@gmail.com","91","9878390330","","","User",""
"Suraj","surajkyadav862@gmail.com","91","9154729959","","","User",""
"Gurudutt singh lakhyana","Gurduttsingh8707@gmail.com","44","7440729659","","","User",""
"Prav","praveenprathapan@hotmail.com","44","7944507619","","","User",""
"Kiran Babu  ","kiranbabu2290@gmail.com","49","17697723624","","","User",""
"Mary Okoro","Mayugochiiii@gmail.com","44","7403055252","","8108522231","User",""
"Olusola Adesomo","cholay26@yahoo.com","234","8023468344","","","User",""
"Shagun Narwal","Shagunnarwal7@gmail.com","44","7440360668","","","User",""
"Aghila anson","swqd@user845774","91","9567845774","","","User",""
"Nancy loach","nancysarangal@gmail.com","44","7768755510","91","9780497946","User",""
"Santander","user242189","44","7388242189","","","User",""
"Ayman Vahora","aymanvahora786@gmail.com","91","7767905292","","","User",""
"Eldhose ","eldhosevarghese777@gmail.com","44","7404768605","","","User",""
"Hemlata","Hemlata080697@gmail.com","91","8360899086","","","User",""
"Sumaiya Saiyad","Saiyadsumaiya7@gmail.co","44","7442131952","","","User",""
"ABHIJITH RAJAN","abhijithrajan01@gmail.com","91","9400679266","","","User",""
"Odusanya Opeyemi","odusanyaopeyemi71@yahoo.com","44","7776704961","","","User",""
"ANTONY THOMAS","2801thomasantony@gmail.com","49","17684698343","","","User",""
"DEEPAN Arumugam Saravan","dheepan0809@gmail.com","44","7399604354","","","User",""
"Sehneela","shaijoshi92@gmail.com","44","7570280042","","","User",""
"Malkit Aulakh","Malkitaulakh822@gmail.com","91","8195042052","","","User",""
"Ravi kumar","Ravikumar972946@gmail.com","44","7440276037","","","User",""
"Akwinder kaur","akwinderdhindsa06@gmail.com","91","7087780286","","","User",""
"Oluwatominsin Vincent Adanlawo","adanlawovincent@gmail.com","234","9067269013","","","User",""
"Rajwinder Kaur","rajwinderkkaur28@gmail.com","91","9464347524","","","User",""
"Sanjana Sheeja Siyad","sanjanasiyad22@gmail.com","91","9048098797","","","User",""
"Afsana","Afsanaaktartoma63@gmail.com","44","7897431324","","","User",""
"Angelica Rossetti","rossetti.angelica@yahoo.it","44","7831654033","","","User",""
"Jisna Jose","user172086","49","17631172086","","","User",""
"Daljit kaur","0792daljit@gmail.com","49","1727856013","","","User",""
"Yordanka K Georgieva","georgievay364@gmail.com","44","7413839939","","","User",""
"Safwan moonadath","Safwanchap20@gmail.com","91","9567875969","","","User",""
"Sapana Dhakal","sapanadhakal960@gmail.com","44","7490653365","","","User",""
"Kamalpreet kaur","Kamalpreetk1805@gmail.com","44","7442053938","","","User",""
"Jagmeet kaur 77","jagmeet52695@gmail.com","44","7767180379","","","User",""
"MR V K SINGABATTU","vamshisingabattu@gmail.com","44","7767964973","","","User",""
"Teja Dhodda","dtejasree24@gmail.com","44","7769051108","","","User",""
"Keika Mateus","keika_mateus@hotmail.com","44","7367424400","","","User",""
"Eseoghene awatefe","emmanuel.awatefe@gmail.com","234","8066979724","","","User",""
"Abisola Olabinri ","olabinriabisola@gmail.com","44","7733682815","","","User",""
"Kulwinder kaur","Jaskinder032@gmail.com","44","7768201287","","","User",""
"baljeet kaur","baljeetkaur301998@gmail.com","91","6283042400","","","User",""
"Temidayo_Ojolo","temidayoojolo@gmail.com","44","7823568718","","","User",""
"Adish Reghunath","adhishreghunath@gmail.com","91","9947793703","","","User",""
"Pooja Chottala","poojadevi01112@gmail.com","91","7743042774","","","User",""
"Supriya Kalania","Meenukalania@gmail.com","49","17684679503","","","User",""
"Bhashana Davidson","Davidsonbecreative@gmail.com","44","7940220864","","","User",""
"Gaganpreet kaur","12gaganpreet22kaur@gmail.com","44","7384190301","","","User",""
"Imbiakpa Panebi","Pannyluv@yahoo.com","234","8034094278","","","User",""
"Sati","Karunya7869@gmail.com","44","7867104773","","","User",""
"Sohal","ramandeepkaur00019@gmail.com","91","9872596928","","","User",""
"Shivali mathur","shivalimathur8872@gmail.com","4444","7459484206","","0","User",""
"Rejaas jabbaar","rejasjabbar123@gmail.com","91","9747190077","","","User",""
" Kulwinder kaur","kulwinder15111996kaur@gmail.com","91","7657905590","","","User",""
"Hari Gopala Krishnan","hk17686@gmail.com","91","7025662108","","","User",""
"Vinayak Gopu","Vinayakgopu349@gmail.com","91","9447696791","","","User",""
"Karthik Sivanandan","skarthiks1212@gmail.com","91","9400786718","","-","User",""
"Antony Poulose","antonyputhussery98@gmail.com","91","9539458366","","","User",""
"Kashyap Patel","patelkashyap097khp@gmail.com","44","7475251615","","","User",""
"Harshal Ashok Ambep ","harshalambep@gmail.com","91","9860242394","","","User",""
"Harpreet Kaur 77","hpreetkaur311@gmail.com","44","7789259357","","","User",""
"SHERIL VARGHESE","Sheril8293@gmail.com","49","17625450081","","","User",""
"Narinder kumar","harjinderkaur242424@gmail.com","44","7440695316","","","User",""
"Omolola Adamolekun","user221733@d","234","7037221733","","","User",""
"AJOKEADE","user878161@s","234","9168878161","","","User",""
"Dana bagy","danabagy3@gmail.com","44","7960414236","","","User",""
"Duke Danquah","ambitiousdukes@gmail.com","44","7761124436","","","User",""
"Georgekutty Pious","georgekuttypiousambattu@gmail.com","91","9447150593","","","User",""
"Jeckvelin mecwan Christopher","Jeckvelinmacwan1604@gmail.com","91","6354342597","","","User",""
"Sai","kvsuday143@gmail.com","49","15212058535","","","User",""
"akashdeep singh","bableenkaur5995@gmail.com","44","7769003524","","","User",""
"Judith Codorniu Ramos","Judithcodorniu92@gmail.com","91","7533990797","","","User",""
"Fazal Rabbani","Fazal48088@gmail.com","49","17641573594","","","User",""
"Anmol singh","precioussidhu365@gmail.com","44","7575232345","","","User",""
"Navjot kaur","Navjotkaurkang760@gmail.com","91","9501051163","","","User",""
"Okezie Njoku","Susanclare101@gmail.com","44","7487675694","","","User",""
"VISHNU SURENDRAN","Vishnusurendran410@gmail.com","91","9562206992","","","User",""
"Vrunda Monappan","vmvrunda@gmail.com","91","9746192507","","NA","User",""
"Stebin Francis","stebinfrancis25@gmail.com","44","7818196137","","","User",""
"Sruthi Puttukudiyil Ramachandran","sruthisooraj666@gmail.com","44","7384180042","","","User",""
"Nithin Raj","nithinmac123@gmail.com","91","7558948692","","","User",""
"Harshil Dungarani","harshil700hkd@gmail.com","44","7979833234","","","User",""
"Otaru Olorundare","dareotaru@gmail.com","91","8023715422","","","User",""
"Puneet Rani","puneetchodharyp@gmail.com","44","7384168095","","","User",""
"Kajal","gillravleen26@gmail.com","44","7385315338","","","User",""
"Anmol Trehan","user284775","44","7442284775","","","User",""
"Priyank Vekariya","vekariya.priyank001@gmail.com","49","17662039936","","","User",""
"Ramandeep kaur 18","ramandeep18889@gmail.com","44","7768166819","","","User",""
"Amruthavani kommineni","amruthavanikommineni7777@gmail.com","44","7768764934","","","User",""
"rahul lallu","Lallu.rahul00@gmail.Com","44","7767681069","","","User",""
"Giuseppe gemma","Gemmap266@gmail.com","44","7514253871","","","User",""
"khushi Dhanoa","khushidhanoa2730@gmail.com","91","9357816955","","","User",""
"Olamide Akinnusoye","akinnusoyeolamide@gmail.com","44","7761364117","","","User",""
"Jameelah Dangote","haleemajj4all@yahoo.com","234","8095444408","","","User",""
"Ashwin Raju Kondur Lava Raju","ashwinraju562@gmail.com","49","17670287957","","","User",""
"Noor us saba","animalik474@gmail.com","44","7405255910","","","User",""
"Milan N Jacob","milanjacob007@gmail.com","91","8138803909","","","User",""
"Oluwasegun Akinbobola","segeakin10@gmail.com.","44","7555920807","","","User",""
"Raheem aduragbemi","Raheemaduragbemi7@gmail.com","44","7522198291","","","User",""
"Keerthi","lakshmikeerthi007@gmail.com","91","9946306821","","","User",""
"Immanial Raju","naniraj399@gmail.com","44","7384057756","","","User",""
"Nivya","user185598","44","7384185598","","","User",""
"ANUHYA POTHULA","anuhyapothula2023@gmail.com","44","7767681971","","","User",""
"Osasu Kokumo Lawani","jimmylawani16@gmail.com","44","7423154465","","","User",""
"Gagandeep Singh","Gagusaini0837@gmail.com","44","7466659361","","","User",""
"NAGASUSHMA ALURI","user791727","44","7424791727","","","User",""
"Navdeep ","Multanirubal2@gmail.com","49","17682081995","","","User",""
"Surinderpal singh","Surinderpal26july@gmail.com","44","7916306562","","","User",""
"Navin Verma","navin6536@gmail.com","44","7818970574","","","User",""
"Maksymenko Iryna","Iryna.maks19@gmail.com","44","7497570741","","","User",""
"Elect Aimiuwu","electaimiuwu123@gmail.com","44","7449732368","","","User",""
"varshini polasani","polasanivarshini99@gmail.com","44","7721550116","","","User",""
"Evans Aigbovo","evans20101126@yahoo.com","91","8030536766","","","User",""
"Shahid Afridi","campha786@gmail.com","44","7960628056","","NA","User",""
"PRINCE SIDHU","Princepreet72@gmail.com","44","7440612315","","","User",""
"diana furtuna","Urloiuelena6@gmail.com","44","7377920450","","","User",""
"Komal ","komalbhanot5797@gmail.com","91","9592957277","","","User",""
"Suman","user652973","44","7440652973","","","User",""
"Ankit Sharma","ankitsharma7706@gmail.com","91","9050972816","","","User",""
"Aishat Sanusi","Dollip4real@gmail.com","44","7765623262","","","User",""
"Sandeep Singh","sandeepsunami46@ymail.com","91","7814737598","","","User",""
"Smiley khanna","khannasmiley7@gmail.com","49","17670700629","","","User",""
"Gowtham Remeshan Nair","gowthamkrishna394@gmail.com","91","7356651290","","","User",""
"Manjit devi","manjitdevi1994@gmail.com","91","8837805218","","","User",""
"Jyoti","chahalkainal@gmail.com","44","7404664937","","","User",""
"Sunaina ","sunainajangid90@gmail.com","49","15216932388","","","User",""
"Jeffin Jose","jeffinjosead345@gmail.com","91","8086567809","","","User",""
"Kamlesh Kumari","kamlesh53kumari43@gmail.com","91","7528915343","","","User",""
"Aksa","aksageorge65@gmail.com","44","7384062101","","","User",""
"Virpal kaur","24.virpalkaur@gmail.com","44","7424751941","","","User",""
"Navjot kaur","navjotkaurtatla94@gmail.com","44","7867026833","","","User",""
"Tarun","ttaarun.uk@gmail.com","91","9602891598","","","User",""
"Esther Abraham","estherab93@gmail.com","49","8943424732","49","1704018700","User",""
"Gowthaman SELLAPAGOUNDER","gowthamanss1999@gmail.com","44","7587351190","","","User",""
"Lesin Madathodi","lesinkalpurakkal@gmail.com","91","7306151018","","","User",""
"Priyanka sunny","1881priyanka@gmail.com","44","7424184981","","","User",""
"Asim nisar","Asimiac@gmail.com","44","7713969802","","","User",""
"Nawal Rabia","nawalrabianizaralambath@gmail.com","44","7768953911","","","User",""
"Similoluwa Talabi","Similoluwabibire@gmail.com","234","8164361859","","","User",""
"Arshdeep kaur Dhillon","arshaulakh1021999@gmail.com","91","8725918259","","","User",""
"yasin","yasinkp281996@gmail.com","91","9847907840","","","User",""
"Prabhjot Kaur 78","prabhjotkaur04august@gmail.com","44","7823450588","","","User",""
"Nishi Jaiswal","nishijaiswal90@gmail.com","44","7442087139","","","User",""
"Preethi Shivaji","preethishivaji@gmail.com","91","7032171042","","","User",""
"Amal Joseph","amaljoseph197@gmail.com","91","8111846016","","","User",""
"Himmat singh","himmaturna@gmail.com","91","8146950503","","","User",""
"Amritpal Singh","dhaliwal488219@gmail.com","91","8427241102","","","User",""
"Prashant Bhatt","prashantbhatt162@gmail.com","44","7424454450","","","User",""
"Neel John","neelj586@gmail.com","44","7407841138","","","User",""
"gagandeep ","gagandeep97.com@gmail.com","44","7796924942","","","User",""
"Alex jano","user658989@sd","44","7442658989","","","User",""
"Jimmy Ulahannan","jimmyulahannan1997@gmail.com","91","8075653599","","","User",""
"Komal nehra","Komalnehra93@gmail.com","44","7442330096","","","User",""
"Ann thomas","annrosethomas771@gmail.com","44","8594022549","","","User",""
"Edwinm Attoor","edwinmattoor007@gmail.com","49","15758559276","","","User",""
"Yedu Krishnan","yadhukrishnanyadhu71@gmail.com","44","7388289277","","","User",""
"Sandeep Singh","nidhi.sandeep1992@gmail.com","44","7388279914","","","User",""
"Jyoti","Ranjotbhatti@gmail.com","91","9988685376","","","User",""
"Youssef Saghraoui","ergfergfe@user944748","33","609944748","","","User",""
"Parminder kaur saggu","Teena.saggu@gmail.com","44","7909171652","","","User",""
"Jinse saji","Jinseshaji44@gmail.com","91","8078737601","","","User",""
"Abhijith Napier","abijithbinoy333@gmail.com","91","9072452347","","","User",""
"Paramjot kaur","Jotparamjotkaur@gmail.com","44","7440168135","","","User",""
"Sukhjinder Singh","Sukhjinder6378@gmail.com","91","8847325541","","","User",""
"Ayobami Olaosegba","user279506","44","7405279506","","","User",""
"Nikunj Desai","2304nikunj@gmail.com","44","7767550480","","","User",""
"Jasmin Adams","user307410@d","44","7931307410","","","User",""
"Sandeep kaur 79","Sandeepdhanoa70@gmail.com","44","7931467246","","","User",""
"Miroslav Ruhchovski","Ypeto@abv.bg","44","7900535999","","","User",""
"Sona Kanjirathingal Shaju","sonashaju.16@gmail.com","91","7306539205","","","User",""
"Stejin Stanly","stejinstanly11@gmail.com","91","9744363420","","","User",""
"Sonia Indora","user200895","44","7909200895","","","User",""
"Sandeep Dhillio","Srandeepdhillon@gmail.com","44","7459761343","","","User",""
"Aesha Kalsariya","aeshakalsariya@gmail.com","91","9913824363","","","User",""
"Maaz Maknojiya","maaz_maknojiya@yahoo.com","91","9167368885","","","User",""
"Sonia Wadhwa","sa1207705@gmail.com","91","8699548939","","","User",""
"Hamza javed","hamzabmw00@gmail.com","92","3208746003","","","User",""
"Binil Anambalath","binil4real@gmail.com","91","9656424645","","","User",""
"Arun Jose","arunjose619@gmail.com","49","1630354690","","","User",""
"Pavel Miko","pavelmikl55@yahoo.com","44","7306023873","","","User",""
"gurpreet singh","harpreetmallanwala@gmail.com","44","7799911787","","","User",""
"Manjinder kaur","manjinderk769@gmail.com","91","9915743062","","","User",""
"Sneha varghese","Snehavargheseacl@gmail.com","44","7388319433","","","User",""
"Gokul raj KUPPUSAMY","gokulrajkd01@gmail.com","44","7466618883","","","User",""
"Rajkumar Sharma","rajplsharma@gmail.com","44","7767946280","","","User",""
"Yordan palikarski","Yordan.palikarski@gmail.com","44","7495904314","","","User",""
"Sukhwant Kaur","Koursukhwant94@gmail.com","91","7888824352","","","User",""
"Heenaben Khushlani","user384078@gmail.com","91","7046384078","","","User",""
"Varghese Paul","varghesepada@gmail.com","44","7818200884","","","User",""
"Prashanth Juluri","prashanthjuluri1993@gmail.com","44","7445292942","","","User",""
"Aliyu afolabi","aliyuafolabi@gmail.com","234","8168246814","","","User",""
"Olumide ojo","user964953@ws","234","8034964953","","","User",""
"Mohan salla","user552361","91","9502552361","","","User",""
"Shona Thomas","shonathomas003@gmail.com","91","9995240242","","","User",""
"Georgiana Poteaca","georgiana.poteaca5555@gmail.com","91","7908321039","","","User",""
"Pawanpreet kaur","pawankaurfzr@gmail.com","91","7341182613","","","User",""
"JISMI BAIJU","jismianil1997@gmail.com","49","17645620974","","","User",""
"Amina Samir","amina.samir2222@gmail.com","43","6606771755","","","User",""
"Vishnu Thaivachathil","vishnutv121@gmail.com","91","9539187892","","","User",""
"Arjun Raj","arjundcruz916@gmail.com","91","9947579640","","","User",""
"Akhil Raj","user022788@zfd","44","7384022788","","","User",""
"Niyaz Mohamed","niyaznambipunnilath123@gmail.com","44","7385295343","","","User",""
"Rajvir Singh","raj2veer14@gmail.com","91","8264222701","","","User",""
"Saikiran josyula","j.saikiran1893@gmail.com","91","9545696594","","","User",""
"Martin Jano","Martinmariojano@icloud.com","44","7871539002","","","User",""
"Snehaben Jyani","snehajyani2022@gmail.com","91","7767875667","","","User",""
"Mohamed Asharaf Mubeen","shravannandikesh7@gmail.com","91","9061990940","","","User",""
" Nasser","alhothilynasser@gmail.com","49","17672838130","","","User",""
"Vidya  Philipose","user760688"," ","9995760688","","","User",""
"Harmeet singh 74","harmeetgrewal506@gmail.com","44","7459068818","","","User",""
"Sailee Chaulkar","saileecm.25@gmail.com","91","8767288584","","","User",""
"Monica Tudorie","monicatudorie2002@gmail.com","44","7538132046","44","7930152505","User",""
"Manam Imran","Manamzaman.1992@gmail.com","44","7466377817","","","User",""
"manpreet Kaur","86manpreetkaur19000@gmail.com","91","7710467278","","","User",""
"Dr.Sri Ram RAJARATHINAM","srigalaxyram@gmail.com","44","7587350591","","","User",""
"Keeravani Mula","keeravanimula@gmail.com","44","7440548597","","","User",""
"Deepa Udayadharan Sarath","user998464@d","91","7907998464","","","User",""
"Kamalpreet Singh","amanjot8599@gmail.com","91","7696284527","","","User",""
"Virginia Ijeoma Nnamani","ijeomagynia@gmail.com","234","8063467947","","","User",""
"Murugavel balu","murugavelbalu1997@gmail.com","44","7442222361","","","User",""
"Sirphy Ramasamy","sirphyramasamy2000@gmail.com","44","7442110715","","","User",""
" Maninder singh ","bazzardmaninder@gmail.com","44","7459390413","","","User",""
"Tilda Ilozue","ilozueto@gmail.com","44","7904568682","","","User",""
"Ujwal reddy","rajureddy5252@ gmail.com","44","7770069213","","","User",""
"Radka Velikova","eths@mail.bg","44","7375459336","","","User",""
"Joseph Mathew","jmathew7034@gmail.com","91","9995821324","","","User",""
"Satnam Singh","satnambath12@yahoo.com","44","7832732525","","","User",""
"Nija Rajeev","nijarajeev2419@gmail.com","91","9961461080","","","User",""
"Nihal Arsenal Puthot","nihalarsenal4949@gmail.com","91","9400435880","","","User",""
"Daniel Hutuleac","hutuleacdaniel@gmail.com","44","7481480108","","","User",""
"Mr Abila Martins","martinsabila@gmail.Com","234","8037374163","","","User",""
"Bibin Thomas","bibinthomas700@gmail.com","44","7407842511","","","User",""
"gurwinder aulakh","G.aulakh35@yahoo.com","49","1745125073","","","User",""
"Ololade Kaosara Toki","Araclosets20@gmail.com","44","7476158213","","","User",""
"Akshitha Mariam Mathew","akshithamathew4v@gmail.com","91","7034891045","","","User",""
"Cristian Paun","dodc232@yahoo.com","44","7718903369","","","User",""
"Anthony","user316026","91","7736316026","","","User",""
"Difna Ben","difnajisna03@gmail.com","91","8848834044","","","User",""
"Vaishali Pathania","pathaniavishali17@gmail.com","91","8894865717","","","User",""
"Noha Shehata","nohatarek108@gmail.com","49","15753115127","","","User",""
"Nirupama Haripriya Manoj Nair","Nirupamaammu123900@gmail.com","44","7442553082","","","User",""
"Joyal Davis","joyaldavis1999@gmail.com","49","1785573387","","","User",""
"Maria Mohamed Edosa","mariamohamed109@gmail.com","44","7459266771","","","User",""
"Angela Baboschi","angeladrug@gmail.com","44","7466095914","","","User",""
"Raluca Agache","raluca.georgiana9314@yahoo.com","44","7584749634","","","User",""
"Honey Chemmangad Joseph","user418132","49","17670418132","","","User",""
"Randeep kaur","sranrandeep072000@gmail.com","44","7901175153","","","User",""
"Zamuda Namukuye","user664434","44","7309664434","","","User",""
"Anakala srinivas","anakalasrinivas123@gmail.com","44","7818920647","","","User",""
"PIPPERA PRANAY KUMAR","pipperapranay@gmail.com","44","7818917633","","","User",""
"Adetutu Yousuf","yusuffadetutu@gmail.com","44","1200525.","","","User",""
"Bonny Biju","bonnybiju@gmail.com","91","8281829701","","","User",""
"I LEFTER","ilefter64@yahoo.it","44","7388522795","","","User",""
"Florentina Neatu","Florentinaneatu@yahoo.com","44","7765232751","","","User",""
"Nidheesh. ","nidheeshnandakumar255@gmail.com","91","9539530094","","","User",""
"Sarath Tallapaneni","sarathsanju481@gmail.com","44","7570710114","","","User",""
"Harnek singh","Harnekbajwa5@gmail.com","49","17620434536","","","User",""
"Anu Grah","anugrahbaiju008@gmail.com","91","9895052507","","","User",""
"Mandeep kaur 78","13mandeep01@gmail.com","44","7818381627","","","User",""
"Ali Raza Hameed","alich1167@outlook.com","44","7455417278","","","User",""
"Geet Sumit Kumar ","hospitality.sumit@gmail.com","44","7563878328","","","User",""
" Thomas Eldho","eldhothomas1002@gmail.com","91","8139039835","","","User",""
"Abhijith Dileep","jesvinmathews26@gmail.com","91","9946353603","","","User",""
"Sai Kumar Kondapalli","Sai.kondapalli1829@gmail.com","91","8309453231","","","User",""
"Anandu Sasidharan","sh.anandu@gmail.com","49","17648069763","","","User",""
"sarah khawar","sarahkhawar52@gmail.com","44","7459572445","","","User",""
"Saiyed Nazee","saiyednaazashfakali@gmail.com","44","7767977544","","","User",""
"Elena constantinescu","elena.stoica89@yahoo.com","44","7366383646","","","User",""
"Mariya Vasseva","maria.vasseva@gmail.com","44","7379304384","","","User",""
"Aman sishan chekkintakath","Amansiishan@gmail.com","977","9744258407","","","User",""
"Sahil Middha","Sahilmiddha84277@gmail.com","91","8427708003","","","User",""
"Gokul Gopakumar","gokulgk100993@gmail.com","44","7340048478","","","User",""
"Jagadeesh karumuri","nanikarumuri1998@gmail.com","91","9014865395","","","User",""
"Taiwo Orisabinone","orismatglobal@gmail.com","44","7776652849","","","User",""
"Ebin N Greek","Ebingreek007@gmail.com","91","8138084207","","","User",""
"Maca Balde","makita19balde@gmail.com","44","7763025292","","","User",""
"Tina Tuner Do Espirito Santo Da Cruz","tineycapela86@outlook.com","44","7928106991","","","User",""
"NISHAM NASSEHUDEEN SULFATH","Nishamnaz911@gmail.com","49","1742585976","","","User",""
"Yuliya Zapryanova","y_zapryanova@yahoo.com","44","7703035982","","","User",""
"Abin Sabu","abinsabu@gmail.com","49","15739385784","","","User",""
"Gheorghe Roman","gimarnicsrl@yahoo.com","44","7479630706","","","User",""
"Susan Abraham tanya","tanyaabraham1999@gmail.com","49","17683338160","","","User",""
"Zubaira Fathima","zubariafathima@gmail.com","44","7424049814","","","User",""
"Olajumoke","afamurewa@ymail.com","44","7940368074","","","User",""
"Ravikumar Ponkiya","rkponkiya99@gmail.com","49","15750993051","","","User",""
"Adarsh Vijay","adarshvijayholmes@gmail.com","49","17627579649","","","User",""
"Mahak Deep Singh","Mehakdeep6519@gmail.com","44","7796922058","","","User",""
"Manpreet kaur","preetkaurwahla235@gmail.com","91","9872765761","","8930220389","User",""
"Anca Placinta","placinta.anca@gmail.com","44","7786149135","","","User",""
"Surjit Darar","aseespreetdharar@gmail.com","91","7814043082","","","User",""
"Dalwinder singh","Singhf675@gmail.com","44","7542461480","","","User",""
"Rahul Dileep","rahuldileep53@gmail.com","91","9544439496","","","User",""
"Sai Harsha Mouli","saiharshamouli@gmail.com","91","8289967725","","","User",""
"Baishakhi Datta","baishakhidatta@gmail.com","49","15222126128","","","User",""
"INDU CLARANCE ","rubbybigbands@gmail.com","91","9645563610","","","User",""
"Daniela Paduraru","danyelyta_08@yahoo.com","44","7405014371","","","User",""
"Dharinee","Dharinee06@hotmail.com","44","7447088604","44","7930732516","User",""
"Harmeet Singh","harmeetsandhu0013@gmail.com","44","7810374012","","","User",""
"Iulia Merlici","iuliamerlici@yahoo.com","44","7845504000","","","User",""
"Abel Johnson","abeljohnson92@gmail.com","91","9745928637","","","User",""
"IBE Jennifer","kosi.jay30@gmail.com","44","7424347742","","","User",""
"Elvia Julieta","elvia.julieta.g.l@gmail.com","49","17661949189","","","User",""
"Oluwatoyin Arinde","rosemaryarinde@gmail.com","44","7823518380","","","User",""
"Volovei Elena","Voloveielena94@gmail.com","44","7918157522","","","User",""
"Rohith Peddagani","Rohithgoud135@gmail.com","91","8096003696","","7916151602","User",""
"Manjit kaur","manjitkaur18630@gmail.com","91","7347372306","","","User",""
"SUBIN BAHU SUMA","subinvipin123@gmail.com","44","7564894245","","","User",""
"ASHISH PRAKASH SHAHANE","Ashishshahane7385@gmail.com","49","1789318370","","","User",""
"Kirshan Kalouni","kirshankalouni@gmail.com","44","7810493698","","","User",""
"Alex PADURARU","alexpaduraru09@yahoo.com","44","7459839768","","","User",""
"Meethu Mathew","kmeethumathew@gmail.com","49","15510080937","","","User",""
"emmanuel","mokamo2000@yahoo.com","44","7491068160","","","User",""
"Rishiduth bootna","rishib11@yahoo.co.uk","44","7525547276","44","7849204835","User",""
"navpreet Singh","user235292","44","7909235292","","","User",""
"karthick","Karthisivapkm@gmail.com","44","7459743012","","","User",""
"Krishna Veni","Veniz5700@gmail.com","44","7767991646","","","User",""
"Akhil Saji","akhil123saji@gmail.com","49","17664961351","","","User",""
"Ajay Kumar Ger","Akbh041991@gmail.com","49","15146571721","","","User",""
"Arjun Ramesh","arjunramesh121997@gmail.com","91","9497271992","","","User",""
"Bill kurian","billkurian98@gmail.com","49","17684245991","44","7034393393","User",""
"Harsh","parmarharsh1632@gmail.com","91","8469763162","","","User",""
"Sanjali Jain","sanjalijain480@gmail.com","91","6239882699","","","User",""
"arnavadiya","arnavadiya@gmail.com","91","9726551315","","","User",""
"Siya","siya.anto97@gmail.com","49","1744761148","","","User",""
"Sharlet saji 120","Sharletsaji120@gmail.com","49","15773688576","","","User",""
"Rishabh Jha  ","jharishabh7097@gmail.com ","49","17697728315","","","User",""
"Jominit John","jominitjohn1996@gmail.com","49","17643891418","","","User",""
"Alark Desai","alarkdesai13397@gmail.com","49","17646603824","","","User",""
"Marius-Claudiu Caia","caia_marius93@icloud.com","44","7415354627","","","User",""
"Alexandra Gradinariu","alexandramihaela940@yahoo.com","44","7801968022","","","User",""
"Amrit","Amritpalkotligsp@gmail.com","44","7459196489","","","User",""
"Vraj patel","Patel-vraj26@outlook.com","44","7767925904","","","User",""
"Basil Benny","bbk142003@gmail.com","44","7938614370","","","User",""
"Mohan Khora","user667594","44","7776667594","","","User",""
"Renuka prasad","prasadkrenuka@gmail.com","49","15208608786","","","User",""
"Sandeep Deswal","deswalsandeep8@gmail.com","91","8199909969","","","User",""
"Fahad","Fahadrahman906@gmail.com","44","7459880893","","","User",""
"Kunjeshbhai Dhameliya","kunjesh7865@gmail.com","49","15906754293","","","User",""
"Vishnu Vijayan","vishnuvijayan2427@gamil.com","49","15145215098","","","User",""
"Akinniyi David Akingbile","user723298","44","7308723298","","","User",""
"Alina Mathe","alinamathe2018@yahoo.com","44","7577982567","","","User",""
"sunoys","user704613","49","17684704613","","","User",""
"Shivani Soni","Shivanisoni260398@gmail.com","44","7586608914","","","User",""
"Huma Khan","Humahuma449@gmail.com","44","7405668137","","","User",""
"Laboniakter","Laboniakterratri@gmail.com","91","7864550104","","","User",""
"Norris constantin ichim","Norrisichim98@gmail.com","44","7767818697","","","User",""
"Geo Abraham Valloppillil","geoabraham10@gmail.com","49","1627053167","","","User",""
"Mubeen Mohamed Asharaf","mubeenashraf77@gmail.com","91","8943436882","","","User",""
"Carla Thompson","carlalthompson.ct@gmail.com","44","7754996647","","","User",""
"Zainuel","user693266@vb","91","9946693266","","","User",""
"Pranav KENKEMPRATH","pranavpavannur@gmail.com","91","8606043086","","","User",""
"Eldho Mulerickal George","eldhomg78@gmail.com","49","1792242789","91","7510346089","User",""
"DEVENDER SINGH 73","meenuthind95@gmail.com","91","7357409133","","","User",""
"Diana Matjunina","Matjuninadiana@gmail.com","44","7707524719","","","User",""
"Megan Edwards","Meganedwards2012@gmail.com","44","7944504059","","","User",""
"Hari","hariikriss@gmail.com","91","9020107353","","","User",""
" kamal kaur","kamalpkaur2501@gmail.com","44","7466487833","","","User",""
"Stella D'souza????????","stella301994@gmail.com","44","7575609669","","","User",""
"Aiswarya Yamuna Sasi","aiswaryayamunasasi93@gmail.com","49","15906812008","","","User",""
"Mohit Pandit","user059345","91","8572059345","","","User",""
"HARIKRISHNA SANIL KUMAR","harisree2197@gmail.com","91","9526591979","","","User",""
"Jibin Benny","jibinbenny007@gmail.com","49","17684624650","","","User",""
"Ebin Alex","user485120","49","1783485120","","","User",""
"Monish hanumantha ramakrishnan","monishramakrishnan@gmail.com","91","9677188677","","","User",""
"Ajju","ajmalbin96@gmail.com","229","559686106","","","User",""
"garry","garysingh790@gmail.com","44","7867087866","","","User",""
"Krishna Kumar","Krishna939@icloud.com","91","8468000018","","","User",""
"Bisoye Anifowoshe","Bisoyezainab@yahoo.com","234","7013716694","","","User",""
"Gursewak Khosa","khosasaab0000@gmail.com","1","2048816105","","","User",""
"Joji Abraham","jojikunjathukudyil@gmail.com","49","15732640001","","","User",""
"prajwalkenchapp","prajwalkenchappa12@gmail.com","91","9632919189","","","User",""
"Vishal yadav","v.yadav2@my.bpp.com","44","7405749542","","","User",""
"Tasnova Tazin","tasnovat19@gmail.com","44","7405327658","","","User",""
"Manpreet Kaur Waraich","kaurman3108@gmail.com","91","9877516175","","","User",""
"Ashwajeet pulagara","ashwajeetashu2825@gmail.com","44","7743483429","","","User",""
"Harpal singh germany","user067810@d","49","17642067810","","","User",""
"Pushparasa kirubakalathan","kiruba.than@icloud.com","44","7402812899","","","User",""
"Yousaf kunnathuvalapil muhammedkutty","Yousafln0011@gmail.com","44","7862225757","","","User",""
"Nusrat JAHAN","nj9894343@gmail.com","44","7305969438","","","User",""
"Onyinye Chisom Elekwa ","Obikwelu01@gmail.com","44","7407047462","","","User",""
"Deepika thakur","deepikathakurdt76@gmail.com","44","8837651582","","","User",""
"Sahil Azeez","sahilazeez123@gmail.com","91","9746932312","","","User",""
"Pardeep Sandhu","Gaganjaggi97@gmail.com","44","7767975198","","","User",""
"Oluwatofemi","Elizabetholutobi@yahoo.com","971","547800751","","","User",""
"vamsi krishnan balaji","vamsi3116@gmail.com","49","17685217466","","","User",""
"Amal Thomas","amalthomaz96@gmail.com","44","7494834296","","","User",""
"Mohammed Shijas","Shijaas14@gmail.com","44","7721701420","","","User",""
"Noopurben Bhikadiya","noopur.bhikadiya@gmail.com","44","7920103933","","","User",""
"Deepika Rana","Deepikarana.993@gmail.com","91","8219724396","","","User",""
"Ionut iulian ciuciuc","Ciuciuc.ionut27@gmail.com","44","7990556749","","","User",""
"akshays kumar","akshayskumarakshay@gmail.com","91","7902272687","","","User",""
"Sabarikanth Kandasamy","Sabarikanthk@outlook.com","49","15215151190","","","User",""
"Nirmita Raj","rnirmita@gmail.com","44","7493607135","","","User",""
"Jyoti Bidare ","bidarej@gmail.com","44","7776801157","","","User",""
"Vijay Chandran","afridjabir@gmail.com","94","777512671","","","User",""
"Manasa Kondamudi","kmanasa2991997@gmail.com","44","7767946708","","","User",""
" Mereena Jose","mereenaannjose@gmail.com","91","6303031900","","","User",""
"Pawan Bhandal","user896913","91","9815896913","","","User",""
"Sona mariya joy","sonamariajoy@gmail.com","44","7867236101","","","User",""
"Muhammad Ullah","muhammadullah13@gmail.com","44","7796726081","","","User",""
"Nikhil Gopinath","nilhilekm1851@gmail.com","49","15750647910","","","User",""
"lata","user568484","91","8882568484","","","User",""
"Gurmeet Kaur","kaurgurmeet999@yahoo.com","91","7528854983","","","User",""
"Aksa Sabu","sabumini468@gmail.com","44","7776698346","","","User",""
"Ogbonna Chigbundu","ogbochem@yahoo.co.uk","44","7867277023","","","User",""
"Madiyah Ali","Madiyahali2004@gmail.com","44","7821723238","","","User",""
"Rakesh S","user243973","49","17673243973","","","User",""
"Jatin kumar jirbari","jatinjirbari9481@gmail.com","44","7823453522","","","User",""
"Tony Joy Joseph","user040977","49","17626040977","","","User",""
"laksh","sabarisan04@gmail.com","91","8882768023","","","User",""
"John","user097433","49","15129097433","","","User",""
"Komal sidhu","komal09422@gmail.com","49","17665502430","","","User",""
"Shankey Sharma","Shankeysh2@gmail.com","91","9992984425","","","User",""
"Antony K Philip","antonykphilip96@gmail.com","91","9656117077","","","User",""
"Edgar vila Nova Correia Gomes ","Clecagomes@hotmail.com","44","7471946956","","","User",""
"LYNDA","lyndaabiogwu@gmail.com","44","7770032686","","","User",""
"Shivy John","Shivyjohn@gmail.com","91","8590095554","","","User",""
"Roshini","roshini.polampati@gmail.com","44","7741504054","","","User",""
"Jatinderjit singh","jatinderjituk@gmail.com","91","8146070548","","7767935260","User",""
"Suraj Subramanian","surajsubramanian@hotmail.com","44","7442564628","","","User",""
"Fredin Benny","fredinbenny96@gmail.com","91","8086069643","","","User",""
" Kulver kaur","Kulvirk591@gmail.com","44","7424488056","","","User",""
"Bruno pereira","Wpbpdp@hotmail.com"," ","7544467080","","","User",""
"Gresi Bharatbhai Khunt","gresi.khunt1@gmail.com","44","7737455888","","","User",""
"Pooja Gurnoor","Yashikas2003@gmail.com","91","8059400223","","","User",""
"Marina ","marina.bm47@gmail.com","44","7849819847","","","User",""
"Kaljeet Kaur","Kaljeetkaur654@gmail.com","44","7436295161","","","User",""
"suthar@gmail.com","suthar@gmail.com","16","4545454","","","User",""
"Muhammed shafeeq","muhammedshafeeq970@gmail.com","91","9539297113","","","User",""
"Gurpreet Singh ","gurpreet09oct@gmail.com","44","7853530937","","","User",""
"STEPHIN JOSE","user322846","49","15219322846","","","User",""
"Sayanth krishna pullattummal","sayanthkrishna4466@gmail.com","44","7774633320","","","User",""
"Zenhal Salam","zenhal77@gmail.com"," ","7555969353","","","User",""
"Alviya v enstachus","Alviyavenstachus803@gmail.com","91","8547047782","","","User",""
"Minu Joy","minujoy1998@gmail.com","49","17659586363","","","User",""
"Kuldip Kaur Natt","kuldipnatt7@gmail.com","49","15750927084","","","User",""
"Achumol Abraham","achumolabraham776@gmail.com","49","17667427998","","","User",""
"Basil Joy ","basiljoy8@gmail.com","49","15210548728","","","User",""
"PRABAKARAN KANAGARAJ","prabakarangkr@gmail.com","91","9486731173","","","User",""
"Olatoun oladoke","oladokeolatoun@yahoo.com","234","8137566863","","","User",""
"George Adegboyega","olanreade@gmail.com","44","7450731821","","","User",""
"Amanjit kaur","rubyboparai167@gmail.com","91","7405309138","44","7448984759","User",""
"Suganthy Kangaiveniyan","suganthyk29@gmail.com","44","7498905471","","","User",""
"Yana Asenova","yanasenova@gmail.com","359","898878703","","","User",""
"Rupinder Kaur","rupinderbazpur@gmail.com","91","9927993070","","","User",""
"Simranjit singh","Ssima1890@gmail.com","44","7424881197","","","User",""
"Teejayz","mathadek4success@yahoo.com","44","7453060323","","","User",""
"Wintana Menghisteab ","menghisteabwinta@gmail.com","44","7717689422","","","User",""
"Bency  Varghese","darsanamnair2000@gmail.com","91","9072946719","","","User",""
"Nurul","user575786","44","7702575786","","","User",""
"Funmilola DARAMOLA-Adeyeni","funmilolad63@gmail.com","44","7377564106","","","User",""
"Jaswinder Bhullar","jaswinderbhullar3209@gmail.com","44","7448060595","","","User",""
"Sagar Jariwala","Sid11jariwala@gmail.com","91","7046366007","","","User",""
"Sandra Prasad","sandraprasad1999@gmail.com","44","7442591420","","","User",""
"OKWARA BRIAN","Okwarabrian101@gmail.com","44","7867290906","","","User",""
"Gagandeep kaur","Kaur75286@gmail.com","49","15214588712","","","User",""
"priyanka saini","imppriyankasaini@gmail.com","44","7448732369","","","User",""
"Zain Mustafa","zainmustafa92@gmail.com","44","7778529090","","","User",""
"Nisha Sandeep Dumale","kimin.jimchi@gmail.com","44","7425659355","","","User",""
"Amandeep","user382871@gmail.com","44","7810382871","","","User",""
"Akash ashu","akash.ashu9449@gmail.com","91","9449352522","","","User",""
"Sadamul rasheed","sadamulr@gmail.com","49","1783725616","","","User",""
"Costel popovici","Popovici.cst19@gmail.com","44","7553657120","","","User",""
"Anju Kurian","anjuplathottom94@gmail.com","49","1747828645","","","User",""
"vikrant pehal","user388304","49","15143388304","","","User",""
"Supatra fernandes","Supatra_f@hotmail.com","44","7383114474","","","User",""
"Satwinder Singh","satwindersaini1011@gmail.com","44","7466989834","","","User",""
"Heena Khushlani","heenakhushlani24@gmail.com","91","91704638407","","","User",""
"George Ukomadu","georgeporgie421@yahoo.co.uk","44","7310050791","","","User",""
"Himani","Himmu.1997@outlook.com","44","7453324134","","","User",""
"Sneyhal srithar","user889166@d","91","9043889166","","","User",""
"Andreea Epure C","Andreeaepure.epure@gmail.com","44","7856381854","","","User",""
"SANA MAQSOOD","maqsood73555@gmail.com","44","7380468660","","","User",""
"Shiti","salvekshiti@gmail.com","91","7045009428","","","User",""
"Israel - Aborowa","Gbengaborowa@gmail.com","44","7729272489","","","User",""
"Lovepreet Singh Bhullar","luvbhullar44@gmail.com","44","7438842424","","","User",""
"ZITHALINE MUSUNGEDI MAYANG ","mayangzithalinemusungedi@gmail.com","44","7425915063","","","User",""
"Rohit Kumar","user028274","91","8678028274","","","User",""
"Fatima","fatemao3108@gmail.com","49","15213846982","","","User",""
"Nisha Dubey ","nishaddubey@gmail.com","91","7506012245","","","User",""
"Aditya Dhakar","user977715","91","7425977715","","","User",""
"Shahwan","shahwann832@gmail.com","91","7411262311","","","User",""
"Raja","user631853","44","7874631853","","","User",""
"Jude christopher lopez","Judechrisdale@gmail.com","49","15755396259","","","User",""
"Rakesh ariyirinji ravindran","rakeshariyirinjil@gmail.com","49","15734016262","","","User",""
"Yedhu","yedhu.000@gmail.com","91","9388281476","","","User",""
"Ziwary mir","tamimziwary786@gmail.com","49","17693106020","","","User",""
"Anas bin aamer","Anasbinaamer786@gmail.com","44","7459290542","","","User",""
"albin pathrose","albinpathrose1995.ap@gmail.com","91","9744006932","","","User",""
"Andreea Voaides","Andreea.nica93@yahoo.com","44","7466385261","","","User",""
"Anjana kalarikkal jithesh prakash","anjanakjithesh99@gmail.com","91","9605384242","","","User",""
"Fazal Khan","fazal7266@gmail.com","44","7862860790","","","User",""
"Ginni","Ginniangel1995@gmail.com","44","7857283044","","","User",""
"Feby Thomas","febythomas6030@gmail.com","49","17671665903","","","User",""
"Vanitaben Khunt","Vanitakhunt2013@gmail.com","44","7459760245","","","User",""
"Misbahuddin Faraaz","misbahuddinfaraaz1999@gmail.com","91","9908314471","44","7438 241896","User",""
"THOUFEEQ RAHEMAN","thoufeeqrhmn2000@gmail.com","44","7443694534","","","User",""
"Mounia salhi","smounia267@gmail.com","44","7308381348","","","User",""
"Vikaram chauhan","Vikram.chauhan8181@gmail.com","44","7453482282","","","User",""
"Rizan Mohd","Rizanmohd786@gmail.com","91","9744193908","","","User",""
"Jaspreet Chela","user965102@gmail.com","44","7436965102","","","User",""
"Mohit malik","malikmohit341@gmail.com","91","8684012819","","","User",""
"Mitesh prajapati","mitesh.p040795@gmail.com","44","7404703499","","","User",""
"Raimat Arora","swamienterprise28@gmail.com","49","17663774031","","","User",""
"Dheeraj","user683431","91","9750683431","","","User",""
"Vivek Shukla","user301379","44","7588301379","","","User",""
"Osaigbovo Itohan Mercy","mercyosaigbovo5@gmail.com","91","8108423534","","","User",""
"Amin Basheer","aminbasheer789@gmail.com","49","17684133009","","","User",""
"Shippon","Shiponholy@hotmail.co.uk","44","7970786499","","","User",""
"Harmeet Singh","harmeet026@gmail.com","44","7436322813","","","User",""
"Binoy Thomas","binoykannatt@gmail.com","91","9446852213","","","User",""
"Sajin Sundar","sundarsajin@gmail.com","91","8592966674","","","User",""
"SHANI 2","sanimoleaboobacker@gmail.com","44","7919842266","","","User",""
"Mohammad Zubin","zuby777@gmail.com","91","9633952454","","","User",""
"Basil Eldho","eldhob73@gmail.com","44","7444713150","","","User",""
"Olumide Seunfunmi Adesola-Bammeke","olumideseunfunmi@gmail.com","44","7454728915","","","User",""
"MINHAJ BEGUM ","minhaj553@gmail.com","44","7394396066","","","User",""
"Velina Todorova","245@gmail.com","44","7491363100","","","User",""
"Sachin Boopathirajan","sachinboopathi7@gmail.com","91","9894354948","","","User",""
"Kawaldeep Kaur","user310459@gmail.com","44","7570310459","","","User",""
"Renny","user651148","91","9544651148","","","User",""
"MR Saikou Ceesay Ceesay","saikou.tc@gmail.com","44","7517999877","","","User",""
"Lucina Pedro","user955389","44","7926955389","","","User",""
"Navjeet kaur","kaur1505navjeet@gmail.com","44","7947815121","","","User",""
"Jyoti Bhulla","Jotn14786@gmail.com","44","7867067300","","","User",""
"Lavanya Yogesh","user930198","91","9640930198","","","User",""
"Damanpreet kaur","dkaur1754@gmail.com","44","7491525679","","","User",""
"Pratik Panchal","pratikpanchal570@gmail.com","44","7833867319","","","User",""
"Praveen","Praveenprakashsahani@gmail.com","44","7586108290","","","User",""
"Srinivasa Reddy","Gogireddysrinivasareddy761997@gmail.com","91","7661860778","","","User",""
"Atia Tahia","atiatahia7728@gmail.com","44","7538963060","","","User",""
"Manpreet kaur (KIRAN)","Manpreetkaaur199802@gmail.com","91","7087774899","","","User",""
"Amal Anto Thomas","amalantothomas@gmail.com","91","8129572013","","","User",""
"Mirjam Julianna Haga","mirikehaga@gmail.com","44","7843862088","","","User",""
"Sree","sreeragsureshnambiar@gmail.com","91","9746983215","","","User",""
"Gagan Sidhu","user367682","91","6280367682","","","User",""
"Akhil shaji","akhilshajideep@gmail.com","91","7907223465","","","User",""
"Karan Ajith","karanajithkumar01@gmail.com","44","7587407652","","","User",""
"ADISH LOUIS","adishlouis123@gmail.com","49","17684637088","","","User",""
"Cxp602","Cxp602@gmail.com","91","9849268040","","","User",""
"Arun george","arungeorge7104@gmail.com","44","7587831530","","","User",""
"shinto pulikkottil shaju","alanalanps1@gmail.com","44","7721682312","","","User",""
"Opeyemi Ayo-Famure","Opeyemi.olumide22@yahoo.com","44","7846427297","","","User",""
"Palvi Verma","palviverma2@gmail.com","44","7721689609","","","User",""
"Aysha Begum Doly","ayshadoly2012@gmail.com","44","7795070047","","","User",""
"Godson Jose","josegodson456@gmail.com","91"," 8301084375","","","User",""
"Sush","user464063","49","15510464063","","","User",""
"Rajvir kaur","kaurrajvir25800@gmail.com","44","7466106816","","","User",""
"Mafus idowu","Mafusidowu2238@gmail.com","234","8154010458","","","User",""
"Rahul Kaladharan","rahulkaladharan222@gmail.com","91","8592919050","","","User",""
" jenish koladiya","jenishkoladiya@gmail.com","91","8673042897","","","User",""
"Jameel Ahmed","ahmadjamil5677@gmail.com","44","7459071544","","","User",""
"Ebin Varghese Alex","ebinalex95@gmail.com","91","7025608758","","","User",""
"Shamima Akhter Supa","Shamima_86@hotmail.com","44","7387220783","44","7557510461","User",""
"MOHAMED ASHIN MOOLIYATHODI","ashinnavaz@gmail.com","91","8089168264","","7407276257","User",""
"Andrada luca","Moscaloiuyanis@gmail.com","44","7466439615","","","User",""
"Jerin Mamachan Varghese","jerin4548@gmail.com","44","7436988586","","","User",""
"DEBRA","user724881","44","7576724881","","","User",""
"gajendra singh","gajendra7112007@gmail.com","49","15906190972","","","User",""
"Dhanraj","dhanrajsamenu123@gmail.com","44","7442581719","","","User",""
"Larisa Cretul","Lovelylary@yahoo.com","44","7597477387","","NA","User",""
"Azeezat","user217294@s","234","8155217294","","","User",""
"Oana Alexandra Maftei","saranicole03@yahoo.com","44","7775287427","","","User",""
"Osvaldo Da Gloria","osvaldoscp1992@gmail.com","44","7444436362","","","User",""
"Sakshi","sakshibhatia.333@gmail.com","91","9914206906","","","User",""
"Jeena Mariya","jeenaminijoy1999@gmail.com","91","8592004933","","","User",""
"Mohammed Zeeshan","mohdzeeshan0204@gmail.com","91","9652434350","91","8801676475","User",""
"Nwuzor John Chiedozie","Nwuzorjohn18@gmail.com","44","7771117091","","","User",""
"santosh kumar","kumrnfd@gmail.com","44","7867035177","","","User",""
"Sini John Alappat","Rosrajesh@hotmail.com","44","7712276180","","","User",""
"Vaishakhi Acharya","user588618","91","9537588618","","","User",""
"Mubashir shah","user634085@ds","44","7436634085","","","User",""
"Joseph Bayo","user923681@a","234","8065923681","","","User",""
"Ansari Saddam","ansari42206@gmail.com","44","7818678305","","","User",""
"Shanky Nagpal","shankynagpal20@gmail.com","230","54815577","","","User",""
"Ramandeep Kaur 75","ravneetravneet455@gmail.com","44","7503822771","","","User",""
"Sandel Viorel Ene","sandivio988@yahoo.com","44","7868273372","","","User",""
"Kannan sunil","kannansunilkallarackal@gmail.com","44","7867214507","","","User",""
"Alisha Gupta","alishagupta1496@gmail.com","44","7867028037","","","User",""
"Charmi Barot","user548996","44","7721548996","","","User",""
"Aakhash Ashok kumar","aakhashritzz@gmail.com","91","8637440417","","","User",""
"Victoria Glavatska","Viktoriia.Glavatska@yahoo.com","44","7599458823","","","User",""
"Miracle Charles","user489861","91","7037489861","","","User",""
"Charan ","charancheeli5@gmail.com","44","7767946765","","","User",""
"Ikenna","sohcahik@gmail.com","234","8037792765","","","User",""
"Devu Arunraj","devuarunraj@gmail.com","91","9567047975","","","User",""
"Jumana Chenakkara Jamal","jumisara27@gmail.com","91","8590711992","","","User",""
"Jaskaran kaur","Jaskarankaur5566@gmail.com","44","7867040167","","","User",""
"Mandeep","dkour58@gmail.com","44","7460397398","","","User",""
"Adarsh Goswami","user056413","44","7769056413","","","User",""
"Niteesh Reddy","niteeshreddy1998@gmail.com","44","7442247938","","","User",""
"Victor Marian","Neatu.victormarian@yahoo.com","44","7428298729","","","User",""
"Thriftbymide","Owoeyeolamide122@gmail.com","234","8134329864","","","User",""
"Jaydeep Patel","jackp5518@gmail.com","44","7867052121","","","User",""
"Karamjit kaur","Kaurkaramjit1204@gmail.com","44","7442275226","","","User",""
"Amrit singh","Amritpalxingh@gmail.com","91","8494079437","","","User",""
"Abdulrahman kolapo","Abiola.kolapo77@yahoo.com","234","7060447059","","","User",""
"Sezel Mehmed","Mertin4@live.com","44","7568514432","","","User",""
"Maria ","mariadomingos98@hotmail.com","44","7377269238","","","User",""
"Inbatamilan Rajinikanth","inbatamilan1998@gmail.com","91","9003793230","","","User",""
"Leroy Chandy","user789769","44","7407789769","","","User",""
"Mariana Tatiana's","user442040","44","7853442040","","","User",""
"Egle Lasinyte","eglute7777@gmail.com","44","7491694050","","","User",""
"Lili Smith","limania_ml@hotmail.com","44","7450509616","","","User",""
"Murtaza Kamal","djmurtaza@gmail.com","44","7446551161","","NA","User",""
"BHARGAV GUNDAMEEDI","bhargavgundameedi@gmail.com","44","7380859810","","","User",""
"Isaac Kwaku Ofosu","ickyofosujetset02@gmail.com","44","7939950977","","","User",""
"Anusha","user524831","44","7423524831","","","User",""
"Sehaj Khangura","Khangurakhangura508@gmail.com","91","7814775416","","","User",""
"Zhuliyana Georgieva","ivan790127@gmail.com","44","7481844841","","","User",""
"Ravi Angelica","user374079","44","7764374079","","","User",""
"Fatima Haji","Fatimahaji@live.com","44","7402809039","","","User",""
"Ramandeep kaur 30","ramandeep30797@gmail.com","44","7564894753","","","User",""
"Prakash.kativarapu","prakash.hcu@gmail.com","44","7436862385","","","User",""
"Jobin P jose","jobinjose0706@gmail.com","91","9048875306","","","User",""
"Lovepreet singh 74","Love20psingh@gmail.com","44","7467697437","","","User",""
"Dj Mark","Alex_sfi@yahoo.co.uk","44","7312618515","","","User",""
"Kirandeep Kaur","kirankaurizm@gmail.com","44","7586602072","","","User",""
"Gavin Antony","silversonicgavin@gmail.com","91","8075903670","","","User",""
"Ramya Nagireddy","ramyasrinagireddy97@gmail.com","44","7442140917","","","User",""
"Issac Oyaletor","isaac2oyaletor@gmail.com","44","7903402621","","","User",""
"aswathy  sukeshh","aswathy.sukeshh@gmail.com","49","15223801338","","","User",""
"Amandeep kaur","aman798kaur@gmail.com","44","7442051473","","","User",""
"Emelda Oluchi Chris-Eze","olyfrances82@gmail.com","44","7876229781","","","User",""
"efua king anon","anonefua@gmail.com","44","7561199956","","","User",""
"sajidul islam","sajidulislamsajan@gmail.com","44","07508505885","","","User",""
"Komalpreet Kaur 70","Komalpree197@gmail.com","91","7087613429","","","User",""
"Hans Bisong","user028513","44","7913028513","","","User",""
"Harjeet Kaur","drharjeetkaurpt@gmail.com","44","7466409948","","","User",""
"Amritpal Singh","amritpal252001singh@gmail.com","44","7405281375","","","User",""
"Muhammad Asif Akbr","user630632","44","7884630632","","","User",""
"Sanjay yuvrajan","Karthiksanjay126@gmail.com","44","7424455344","","","User",""
"Gurdev singh","gurdev.singh4411@gmail.com","44","7586597884","","","User",""
"verioska Ramirez","verioramirezuk@gmail.com","44","7706207001","","","User",""
"Jinson","user080634","91","7559080634","","","User",""
"Amatun Noor","amatunmridula@yahoo.com","44","7467838530","","00","User",""
"Mohammed Raees Kundukatt","Raeesmohammedkp@gmail.com","44","7442550446","","","User",""
"Silviq","user502680","44","7448502680","","","User",""
"komalpreetkaur108","user499667","44","7818499667","","","User",""
"Abhikashiv salria ","abhikashivsalria123@gmail.com","44","7442050864","","","User",""
"Mohiistara Akhmadova","mahistara.akhmadova@bk.ru","44","7498426292","","","User",""
"Parminder singh","singhparm6869@gmail.com","44","7438381010","","","User",""
"Adithya Sajulal","akarshms10@gmail.com","91","9061945229","","","User",""
"Amarjit Kaur 74","amarjitk85@gmail.com","44","7469091561","","","User",""
" Poonam Rani ","pc3434816@gmail.com","91","7986607006","","","User",""
"Ginka Borisova ","ginka_borisova@abv.bg","44","7442850276","","","User",""
"Kamaljit Kaur","user310473","44","7570310473","","","User",""
"Sonu George kuruvilla","Kuruvillageorge61@gmail.com","49","15783740309","","","User",""
"Tsvetelina Sarieva","sarievacvetelina@gmail.com","44","7482877807","","","User",""
"Jyoti ","jyotikarki738@gmail.com","44","7494063637","","","User",""
"Ni$haa prajapati","prajapati.nisha7798@gmail.com","44","7915071689","","","User",""
"Richa Ann Mathew","user611409","44","7776611409","","","User",""
"Afrid","abilizn@gmail.com","44","7587766291","","","User",""
"Aleksandar Yovchev","bivol4e1@gmail.com","44","7463733265","","NA","User",""
"Alina Ursulenco","ursulenko119@gmail.com","44","7732741681","","","User",""
"Vidson","user621759","91","8050621759","","","User",""
"Aisha abdisalam","Yolosw92@gmail.com","44","7507738838","","","User",""
"Sahithi","Sahithiswarna9@gmail.com","91","7498154397","","","User",""
"Varghees Kuriakose","Vargheesmltr@gmail.com","44","7442567712","","","User",""
"Irina Vatu","vatualexandru89@gmail.com","44","7949810279","","","User",""
"kirandeep kaur","skirandeep333@gmail.com","44","7405698570","","","User",""
"Sangeeta","sangeetasaini83079@gmail.com","91","8307921654","","","User",""
"Ned","agwuchinedu19@yahoo.com","44","7708096013","","","User",""
"Diana Roabis","diannaroabis@gmail.com","44","7440190705","","","User",""
"Ravishankar anumalla","ravishankaranumala@gmail.com","91","9493102461","","","User",""
"Sanjeev kumar Mehta","Sanjeevmehta1988@gmail.com","91","9815738510","","","User",""
"Rhea Dsouza","user045770@s","91","8152045770","","","User",""
"Amrinder","user825570","91","7696825570","","","User",""
"Aleena Ugin","user290732@ws","91","8547290732","","","User",""
"Jot_shergill","simranjot2282000@gmail.com","44","7466859114","","","User",""
"Ashly Sunny Paul","user038485","91","8592038485","","","User",""
"Amu Randhawa","kauramritpal113113@gmail.com","44","7448303483","","","User",""
"Fatma Nuur","nurfatma765@yahoo.com","44","7946728786","","00","User",""
"Mahitha Bonala","mahithabonala05@gmail.com","91","9640629525","","","User",""
"Alexandru Gabriel Ciobanu","ciubica123@gmail.com","44","7460145339","","","User",""
"Reema","user831284","44","7776831284","","","User",""
"Alin-Costel Linca","allyn10546@gmail.com","44","7440085220","","","User",""
"VARUN PAUL","user686185","49","17637686185","","","User",""
"Florina Georgina Slataru","florinaslataru@gmail.com","44","7984377955","44","7340885758","User",""
"Ikenna ORANYIRIDIKE","ioranyiridike@gmail.com","44","7440357471","","","User",""
"Aurelia Costandoi","aureliacostandoi0212@gmail.com","44","7957253049","","","User",""
"Alexz Thankachan","alexthankachan364@gmail.com","44","9539958636","","","User",""
"Prabhjot kaur 7","sprabhjotkaur83@gmail.com","44","7833822474","","","User",""
"preet gagan","Gak0220@my.londonmet.ac.uk","91","7837432091","","","User",""
"Harpreet kaur 95","kaurharpreet.uk.95@gmail.com","44","7442052389","","","User",""
"vidhya vijayamohanan","vidhyathejus@gmail.com","44","7424589968","","","User",""
"TEJIRI ONOYAKE","user231887@s","44","7903231887","","","User",""
"Andzela Zaborovska","angela.zaborovska@gmail.com","44","7446004545","","","User",""
"Nadeera pannila Vithange","user918866","44","7401918866","","","User",""
"Shalini ravichandran","Shalzravi2000@gmail.com","44","7769677793","","","User",""
"Rahul Venkatachalam","rahulvenkat2627@gmail.com","44","7771210526","","","User",""
"rakshit","rakshithrswamy96@gmail.com","44","7767927165","","","User",""
"Maureen Nwaeze","nwaezejoseph@yahoo.de","44","7941080416","","","User",""
"Sai Ramesh","saivishnu12345678@gmail.com","44","7442601348","","NA","User",""
"Shafqat Nawaz","shafkat.n.g@gmail.com","92","3008194034","","","User",""
"JERIN JAMES","jerincj47565@gmail.com","91","9745796103","","","User",""
"Gagandeep","kaurdeep2791@gmail.com","44","7423713969","","","User",""
"Robin Kanjoothara Sunny","robinkanjoothara@gmail.com","49","15166217709","","","User",""
"Dilna Babu","Kukkudilna@gmail.com","91","9353063224","","","User",""
"Mohammad iftekar Hossain","Iftekarhossain1997@gmail.com","49","17684856333","49","15213012866","User",""
"Simar Dhindsa","user798905","44","7799798905","","","User",""
"Sai Chokkapu","Sailokesh5872@gmail.com","44","7867034766","","","User",""
"Rupinder kaur","rupinde94@gmail.com","44","7424926714","","","User",""
"Octavio Manso","helvisdias@hotmail.com","44","7925216897","","","User",""
"Magdalena Rozalia Bigasz","mbagutz@gmail.com","44","7309075800","","","User",""
"Akhil","akhilvs2@gmail.com","49","17656973087","","","User",""
"Harshdeep Singh ","user851344","91","8283851344","","","User",""
"Kumar Nallamothu","kranthinallamothu9228@gmail.com","44","7442552901","","","User",""
"Rimas Maloof Parayil","rimasmaloof@icloud.com","44","7450298953","","","User",""
"Tincuta Degi","tincuta.degi77@gmail.com","44","7759862658","","","User",""
"Milen Mollov","Milen894@abv.bg","91","7483887225","","","User",""
"Ajune Babu","user757312","91","8078757312","","","User",""
"Snoby Mathew","Snobym@gmail.com","44","7442235722","","","User",""
"Pawanpreet Kaur","sohalpawan65@gmail.com","44","7833820992","","","User",""
"Pranav Raina","rainapranav99@gmail.com","44","7417346006","","","User",""
"Rajwant gill","rajwantgill81@gmail.com","44","7442561207","","","User",""
"Yordan Palikarski","user330823@d","44","7471330823","","","User",""
"Deepak Bulla","bulladeepak20@gmail.com","44","7767934353","","","User",""
"Nikolay velev","Nikolayvelev1991@gmail.com","44","7308657275","44","7828984066","User",""
"Sajna Abul Faizy","sajnaabulfaizy05@gmail.com","44","7442689382","","","User",""
"Hardikta Rana","hardiktarana260@gmail.com","91","7874714984","","","User",""
"Syed Adnan Ullah","adnanullah482@gmail.com","92","3459343694","","","User",""
"Kingsley Mozart","user238420","91","7708238420","","","User",""
"Sonia Budhrain","Sonianewbudha@gmail.com","91","9728792891","","","User",""
"Manpreet Kaur","manpreetbhogal777@gmail.com","44","7721679332","","","User",""
"Andreea Panainte","Andra_8854@yahoo.com","44","7464217950","","","User",""
"irfan safeer","irfansafeer@gmail.com","44","7543481291","","","User",""
"Michael Ogunbowale","user634668","44","7572634668","","","User",""
"Sayed Sharukh Singapore","sharukhsayed.rx@gmail.com","65","84276612","","","User",""
"Buhle Ngubeni","ngubeni22@hotmail.com","44","7920388633","","","User",""
"Tamara Braga","tamarcius123@gmail.com","44","7788695428","","","User",""
"Karthikeyan Sellamuthu","karthikeyanvenmathi@gmail.com","44","7867255585","","","User",""
"Alex Physio","alexvarghese1997@gmail.com","91","8157084532","","","User",""
"Temitope","temitopeseun2022@gmail.Com","44","7424142646","","","User",""
"Simranjeet Singh","simransingh4633@gmail.com","91","9149560015","","","User",""
"Sheetal","sheetal01032@gmail.com","91","7404895509","","","User",""
"Julia","user275812","44","7462275812","","","User",""
"Manu","user524037","91","9447524037","","","User",""
"Rositsa Hristova","rositsahristova5@gmail.com","44","7459512711","","","User",""
"Vysakh Babu","vysakhbabuvalath@gmail.com","91","8078166990","","","User",""
"Alex Baby ","alexbaby6429@gmail.com","49","15166822986","","","User",""
"yanitsa Sarandeva","yannisnails@yahoo.com","44","7521283046","","","User",""
"rahul tholeti","rahul.tholeti@gmail.com","44","7867035922","","","User",""
"Abhinay peddi","Abhinaypeddi98@mail.com","44","7572763803","","","User",""
"Sourav kumar","Kumarsourav1297@gmail.com","44","7776809786","","","User",""
"Lora CHAKAROV","Lorajustlora1@gmail.com","44","7450270498","","NA","User",""
"Ekaterina Susurkova","ekaterinasusurkova1@gmail.com","44","7714203448","","","User",""
"akhila","francisxavier23@gmail.com","91","9895655250","","","User",""
"VALENTIN MARIYANOV VILAROV","user041688@s","44","7435041688","","","User",""
"Rosemary Omosho Asimhi","user935757","44","7760935757","","","User",""
"Anjali Chulliparambil Sajeevan","anjalianjaliparu26@gmail.com","91","8943008928","","","User",""
"Harpreet kaur 71","Harpreetkaur7151@gmail.com","49","17681154317","","","User",""
"Karamveer Kaur","karamveerkaur681@gmail.com","44","7776688262","","","User",""
"Sneha Sharma ","ss1900918@gmail.com","44","7427679705","","","User",""
"Rachel Ogedi-Uzokwe","rachelmazi20000@yahoo.com","44","7967044793","","","User",""
"Nina","MalinaLina805@gmail.com","44","7367201022","","","User",""
"Shifali Prince Chanay","shifalichanay65245@gmail.com","91","9988279599","","","User",""
"Francisca Adebayo","blessore1@hotmail.co.uk","44","7956477117","","","User",""
"Ansy raji Saifudeen","ansyraji2@gmail.com","91","9072964604","","","User",""
"S Irabor","iraborsundayng@gmail.com","234","8092036661","","","User",""
"Oshiotse Rosemary-Asimhi","Omorossyoshiotse@yahoo.com","91","8157999160","","","User",""
"neha neha","nehpabyal2@gmail.com","44","7423493534","","","User",""
"Anamaria Mitrus","anamariamitrus3@yahoo.com","44","7907366902","","","User",""
"Bony Puthussery Benny","bonypbenny1@gmail.com","91","9495453405","","","User",""
"Mubaraq","user394322@ss","44","7447394322","","","User",""
"Roc","user528158","44","7961528158","","","User",""
"Saranya Sulaja","saranyashibiprem@gmail.com","91","9567023077","","","User",""
"Credimila Pereira","Crmila22@hotmail.com","44","7448153833","","","User",""
"GOVIND DHEERAJ","user004100","44","7442004100","","","User",""
"Alexandra Goncalves","alexandravictoria2502@gmail.com","44","7736928680","","","User",""
"Joseena Thomas","user204775","44","7810204775","","","User",""
"Jyoti","user065958","44","7466065958","","","User",""
"Amal Vinodkumar","user687154@s","49","15215687154","","","User",""
"Jeevan J Pillai","user042927@dd","91","7025042927","","","User",""
"sandra varghese","user165872","49","15772165872","","","User",""
"mathewvineeth","Mathewvineeth7@gmail.com","44","7471325829","","","User",""
"Folashade Olowooba","jasmarynlol@gmail.com","234","8168961948","","","User",""
"Damyana  Aleksandrova","damyanaatsarova@gmail.com","44","7448093191","","","User",""
"Tomisin","Pearlsbytommiah@gmail.com","91","7088811277","","","User",""
"Vitalija navickaja","Vitalija.navickaja@hotmail.com","44","7402848306","","","User",""
"SUBHATTAM BANIK","sbanik335@gmail.com","44","7776614472","","","User",""
"Singireddy shiva ","Chintuchinnu5697@gmail.com","44","7915203582","","","User",""
"nadezhda","nadeto775@abv.bg","44","7591899274","","","User",""
"Matei Elisabeta Elena","Mateielisabetaelena1989@gmail.com","44","7951595231","","","User",""
"JUHAINA","juhaina.rasool@yahoo.com","44","7776612386","","","User",""
"Farha Qureshi","Farhaqureshi669@gmail.com","91","7993508134","","","User",""
"Rayeesa Farheen","Rayeesadocuments@gmail.com","91","9908683064","","","User",""
"Dimitar","sokerdimitar@gmail.com","44","7459232844","","","User",""
"Akinde Adebukola","user592014@dd","44","7440592014","","","User",""
"N V Ardel","nicuardel@gmail.com","44","7872961010","","","User",""
"Hanish Cheenikkal Sipson","hanishsipsonc@gmail.com","91","9496529983","","","User",""
"Amit Chaudhary","cvefvd@dd","44","7442002220","","","User",""
"Vanessa Richards","vanessadon@live.co.uk","44","7856403587","","7883397057","User",""
"Harpreet singh Gill","user284226@dd","44","7466284226","","","User",""
"Kanda sai saran teja","sarantejaksp@gmail.com","91","9133736926","","","User",""
"Antonia Nikolova","Tony.nikolova.96@gmail.com","44","7842374267","","","User",""
"Khalid AlQaraleh","user342211","44","7830342211","","","User",""
"Arpinder Kaur New","user723619","44","7466723619","","","User",""
"prathik jadhav","user298908","91","7780298908","","","User",""
"Chaitanya Dasanam","Chaitanya.dasanam@gmail.com","44","7780394814","","","User",""
"Abdulrasheed shogo","xs@user528457","234","8132528457","","","User",""
"Arsdeep Kaur","user342260@ss","91","9914342260","","","User",""
"Remitha Robin Sabu Friend","remithakunjukunju89@gmail.com","91","8137965525","","","User",""
"MERIN Jacob .M","merin5130@gmail.com","91","9567012413","","7833884879","User",""
"Jazz","user274507","44","7450274507","","","User",""
"ANANDU SREE KUMAR","ananduanan@gmail.com","49","17688063696","","","User",""
"Glixy raju","glixyraju@gmail.com","44","7442231454","","","User",""
"Sumayya khadija","sumayyask001@gmail.com","44","7442304685","","","User",""
"Sandhu Saab","taljinderkaurgillgill@gmail.com","44","7404014480","","","User",""
"Shital","user216083","91","8141216083","","","User",""
"Ivaylo","ivakasym@protonmail.com","359","878545584","44","7470890423","User",""
"Saleem Mohammed Yahya Al-Suraihi","Saleem.71309@gmail.com","49","17680163825","","","User",""
"Rafiur Rahman","user494675","44","7487494675","","","User",""
"Akhil kurian","iamakhilkz123@gmail.com","44","7721545999","","","User",""
"Ivaylo valchev","Ivaylovalchev1@gmail.com","44","7860675067","","","User",""
"Varga Denisa","user752619@d","44","7544752619","","","User",""
"Veni Ventsislavova","vencislavavencislavova13@gmail.com","44","7454237629","","","User",""
"Ankush Mehla","ankushjagadhri1995@gmail.com","44","7466556949","","","User",""
"Constantin Tudorica","Tudorica.cristi1985@gmail.com","44","7778857838","","","User",""
"Alexandra Ghebosila","alexacriss45@yahoo.com","44","7508914806","","","User",""
"ATHUL RAJ KALHARAM","Kalharam582@gmail.com","49","17659011831","","","User",""
"Sibin Joseph","sibinkk@gmail.com","91","7025897288","","","User",""
"john jils","johnjils97@gmail.com","44","7342687312","","","User",""
"Rakah","user855235","44","7388855235","","","User",""
"Antony Joseph","antonymukra@gmail.com","91","8281565440","","","User",""
"Maninder kaur","kaurmaninder145@gmail.com","44","7427677861","","","User",""
"Vinu Vijay","vinuvijay076@gmail.com","91","9562143455","","","User",""
"Navneet Kaur","Heerneetu22@gmail.com","44","7459843412","91","9988226365","User",""
"Monika Miliczek","milomoni@me.com","44","7809420657","","","User",""
"Jayasri Subramaniam","Subramaniamjayasrikousik@gmail.com","91","8056385911","","","User",""
"Kingsley Okereafor","Kingsleyikechukwuokerefor@gmail.com","234","8136055650","","","User",""
"John Tomy","johnchiramel1234@gmail.com","91","7902866239","","","User",""
"Wale Frank Erhabor","mailray07@gmail.com","91","7066292008","","","User",""
"Ajulo Samuel","dewdewd@user938949","234","8023938949","","","User",""
"Rahma","rahmakbasheer@gmail.com","91","8281518453","","","User",""
"Manish Kalpathikal Suresh","user892189@d","91","9746892189","","","User",""
"geethaa","chowkuttygeetha07@gmail.com","44","7342142257","","","User",""
"Apoorva","guptaapoorva692@gmail.com","44","7826316265","","","User",""
"Muhammed Dilshad","user833032","91","9562833032","","","User",""
"Sushma Ojili","Alurisushma@gmail.com","91","9949374489","","","User",""
"Gursanjog Singh","grsnjg55@gmail.com","44","7405762092","","","User",""
"Pavisanker Rajendran","pavisankarr2573@gmail.com","44","7436656010","44","9447072575","User",""
"sachin saji","user589127@gmail.com","49","17620589127","","","User",""
"Jyoti Kainal","Itspooja2710@gmail.com","44","7587390436","","","User",""
"PARVATHY VIVEK KUMAR","parvathysuresh345@gmail.com","44","7810133525","","","User",""
"Sobin Joseph","sobinj097@gmail.com","91","7558864644","","","User",""
"Tomas Pindroch","tomaspindroch@aol.com","44","7802458200","","0","User",""
"Manoj Earnest Philip ","manojers@gmail.com","91","7907327830","","","User",""
"Tony joseph 81","user978185@d","91","8157978185","","","User",""
"Alisha Tom","Alishatom10155@gmail.com","91","9600912228","","","User",""
"Gloria Dsilva","dcostagloria7@gmail.com","44","7442000307","","","User",""
"saithyakt","user368249","91","8943368249","","","User",""
"Guruvinder Singh","singhgurvinder4999@gmail.com","44","7424656516","","","User",""
"Sonia Maqbool","soniamaqbool598@gmail.com","92","3349565071","","","User",""
"grad cima","Grad35647@gmail.com","44","7498456053","","","User",""
"Mayukh Addhya","mayukh.0022@gmail.com","44","7448338577","","","User",""
"Geetu Batra Thakur","Amitthakur78693@gmail.com","44","9646053154","","","User",""
"Manjot Singh 772","manjotsekhon001@gmail.com","44","7721540404","","","User",""
"Rutvik raval ","rutvik.raval1998@gmail.com","44","7423508376","","","User",""
"Snehpreet Kaur","cSnehpreetk99@gmail.com","91","7719553150","","","User",""
"Aymen Chridi","user932379","44","7552932379","","","User",""
"Cornelia alice Ropota","alice.ropota@yahoo.com","44","7872420876","","","User",""
"KRUM TRAYKOV","krum_traikov@abv.bg","44","7550181978","","","User",""
"ALICELAILA","user887968","44","7810887968","","","User",""
"SIMRANJEET Kaur","user580839@dfff","44","7361580839","","","User",""
"Gurjeet singh","Gurjeetsinghcan2002@gmail.com","91","9622155614","","","User",""
"Stanislav DIMOV","slavy8dimov8@gmail.com","44","7803341510","","","User",""
"Manikanta","manikanta7075349041@gmail.com","91","8341912361","","","User",""
"Ajin Kolavikudiyil Shaju","ajinshaju.777@gmail.com","49","15254727825","","","User",""
"Roxana-Doina","doinabirla@yahoo.com","44","7487231055","","","User",""
"Adrian Blindu","adrian.blindu81@gmail.com","44","7711802549","","","User",""
"Marsuq Abdul Salam","Marsuq@gmail.com","49","17637008522","","","User",""
"Adriana Stoian","stoianad91@icloud.com","44","7389894118","","","User",""
"Kishor Balachandran","user310476","49","1636310476","","","User",""
"Esha Patel","user829182","49","17645829182","","","User",""
"Giulia Amedeo","giulia.amedeo.1997@gmail.com","44","7498453795","","","User",""
"Riya Antony Kurishingal","user907046","44","7436907046","","","User",""
"Sayam Rana","Sayamrana6222@gmail.com","44","7305035508","","","User",""
"Joy Mandapati","Tonyabhi97@gmail.com","91","8886871068","","","User",""
"Florentina Carbunaru","florentinacarbunaru@gmail.com","44","7702349982","","","User",""
"Rohit Sangle","rohitsangle189@gmail.com","91","9545070017","","","User",""
"Stefani Apostolova","apostolovastefani@gmail.com","44","7801329104","","","User",""
"Lidia Roxana Manasoiu","lydia1210rox@gmail.com","44","7458940320","","","User",""
"Mohammed Osam shaikh","shaikhosam99@icloud.com","44","7878813709","","","User",""
"Titilope Sosanya","getrumoyor@gmail.com","44","7361822928","","","User",""
"Sarath satheesh","user954878","44","7767954878","","","User",""
"Jithin Thiruvarath","jithz.thiruvarath@gmail.com","91","9746989578","","","User",""
"Mohammed gouce","goucemhd@gmail.com","91","8086368831","","","User",""
"Namitha Gopinath","namithagopinath1893@gmail.com","91","9207537487","","","User",""
"anne sai Prasad","dattasai.1410@gmail.com","44","7442587112","","","User",""
"Tomsy Antony","Tomsyantony111@gmail.com","49","15739309421","","","User",""
"Rijoy","rijoymattathilmanuel@gmail.com","49","17688412657","49","15168539122","User",""
"Anto Manapparambil Ouseph","antomo18@gmail.com","91","8921495983","","","User",""
"Nicoleta Boanda","boandanicoleta@gmail.com","44","7774211323","","","User",""
"Tanveer Habib","Thabib429@gmail.com","44","7470441754","","","User",""
"Abhishek Thatavarthi","abhi110699@gmail.com","44","7824492670","","","User",""
"Drishya Alakkandy Muduppilayi","drishyakinathi@gmail.com","91","9526646979","","","User",""
"Kawalpreet Kaur Goraya","preetkawal961@gmail.com","44","7405744694","","","User",""
"Vineeth Viswanathan","erfcerf@ewce","44","7833842798","","","User",""
"Nidhin Warrier","user102671","91","6282102671","","","User",""
"Kawaldeep kaur","user052660@gmail.com","64","272052660","","","User",""
"Akhil Geo","akhilgeochettoor@gmail.com","91","9645412971","","","User",""
"Muhammad Khan","awaiskhan1089@gmail.com","92","3170403727","","","User",""
"Honey Chemmangad Joseph","honeycjoseph8@gmail.com","91","9061681044","","","User",""
"Stefan Daniel Radu","danielstefradu@gmail.com","44","7960009569","","","User",""
"Mariana Roxana Potoan","roxanapotoan10@gmail.com","44","7426576753","","NA","User",""
"Kirti kaur","Kirtikour03111994@gmail.com","44","7404222135","","9056336933","User",""
"Joji joshy antony","user416160","91","7025416160","","","User",""
"Ambadi Mohandas","user442488","91","9947442488","","","User",""
"Nallamothu mahesh","nallamothumahesh75@gmail.com","44","7767930729","","","User",""
"Ivanka Popova","ivankapopova76@gmail.com","44","7869470818","","","User",""
"Blessing Maigeri","sayhi2bibilove@gmail.com","234","9056242825","","","User",""
"Simranjeet singh","simranjeetabc837@gmail.com","91","7006131091","","","User",""
"Akor Joy Ene","Joyeneakor@gmail.com","234","7065781640","","","User",""
"Dimple Mehta","Dimple98558@gmail.com","44","7448708328","","","User",""
"tarandeep singh","Tarandeepvirkeng@gmail.com","44","7867066655","","8295111806","User",""
"BHAVANA SURESH","user668860","44","7442668860","","","User",""
"Dolly","dollygagneja01@gmail.com","44","7459695308","","","User",""
"Cristina Andreea Mitu","cristinaandreeamitu@yahoo.com","44","7444470179","","","User",""
"Dana","danad.83@yahoo.com","44","7814063041","","","User",""
"Sam Jacob","sambaskar1997@gmail.com","91","9500920350","","","User",""
"sunoy 96","sunoys96@gmail.com","91","8547414082","49","17662349846","User",""
"Alexyus Savio Fernandes","alexyusfernandes@yahoo.in","44","7448026627","","","User",""
"I MIRHODJAYEV","iskan_mir@yahoo.com","44","7471915500","","","User",""
"Gadiparthi Prasanth chowdary","g.prasabthchowdary772@gmail.com","44","7342141712","","","User",""
"Rayain Ahmod","Rayain_ahmod @hotmail.com","44","7842221810","","","User",""
"Vikram Kumar","vk7790@gmail.com","91","9736435939","49","17684415259","User",""
"Florica Camelia Negrean","negreancamelia@yahoo.com.","44","7342758412","","","User",""
"Sakshi Arora","asakshi728@gmail.com","91","7973405894","","","User",""
"Rahul Chaudhary","user083010","49","17663083010","","","User",""
"Joseph","Rinkuzenith8278@hotmail.com","44","7950796706","","","User",""
"Gagandeep kaur","gagandeepkaur8149@gmail.com.","91","9877631760","","","User",""
"Liliana Ciortan","lilibiacosmin12@gmail.com","44","7908101745","","","User",""
"RAVINDAR KAUR","rk64655466@gmail.com","44","7405276560","","","User",""
"Tsvetelina Ivanova","tsvetelinangelova@gmail.com","44","7449330719","","","User",""
"Dino Shaju","dinoshaju22@gmail.com","49","17673810633","","","User",""
"Ramanpreet kaur","rainaraman07805@gmail.com","44","7721704697","","","User",""
"Venkateshwar maheswaran ","Venkateshmageshwaran@gmail.com","44","7436218093","","","User",""
"Aurelia Nae","Aurelia.a.popescu@gmail.com","44","7402709616","","","User",""
"gagandeep kaur","gagandeepkaur8149@gmail.com","44","7404134263","","","User",""
"Anjaly","user283214","91","8078283214","","","User",""
"George Cristinel Peteoaca","peteoacag@gmail.com","44","7359671855","44","7985598105","User",""
"Raveena rose","user701261@dff","44","7721701261","","","User",""
"Manumiga Chezhiyan","erfcecv@qwe","91","7358294477","","","User",""
"Maria Curea","cureamaria222@yahoo.com","44","7404034375","","","User",""
"Cristina catana","Cristina.catana86@gmail.com","44","7366204990","","","User",""
"Jagruti Bhandari","bhandari.jagruti1991@gmail.com","91","7718866166","","","User",""
"TONDERAI MUDHUBHE","mudhubhetonderai@gmail.com","44","7552311253","","","User",""
"Farha yasmeen","Farhayasmeen48@gmail.com","91","9618505886","","","User",""
"NIDHI","nidhi1802199@gmail.com","44","7979737174","","","User",""
"Manpreet kaur","manpreetdhaliwal07469@gmail.com","91","7009667490","","","User",""
"Hilda Nkwain","nkwainhm9521@gmail.com","37","76419388","","","User",""
"Muhammed Adil","adhiladhi.aa50@gmail.com","91","9656314069","","","User",""
"Albert Pappachan","albertpappachan97@gmail.com","91","8156930168","","","User",""
"Joseph Varghese","varghesejoseph24.vj@gmail.Com","44","7442765311","","","User",""
"Aarushi Raghavendra","user581527","91","9513581527","","","User",""
"Cristina STEFAN","denisa_david2006@yahoo.com","44","7831927492","","-","User",""
"Mohammed Adnan Ansari","ansariadnan177@gmail.com","91","6352451015","","","User",""
"Sanjay Kumar Aitha","sanjayaitha81421@gmail.com","91","8142121450","","","User",""
"Naveen Stanly","naveenstanly17@gmail.com","91","7736715975","","","User",""
"Arun M J","arunjayan5595@gmail.com","91","9846582692","","","User",""
"Tharshina KANAGARATNAM","tharshina25@gmail.com","44","7926597371","","7590961026","User",""
"Rajni ji","Rajni04081995@gmail.com","44","7733785404","","","User",""
"Rakesh Ar","Rakesh1","91","7293745272","","","User",""
"Avinash CHAGANTI ","user649949@d","44","7311649949","","","User",""
"kartheek","kartheek260@gmail.com","91","8179509719","","","User",""
"Sherin Johnson","sherinjohnsonv32@gmail.com","49","17684683624","","NA","User",""
"Nivya Francis","nivyafrancis14@gmail.com","91","9048292869","","","User",""
"Rajasekhar Kolusu","Rajasekharkolusu@gmail.com","44","7776636126","","","User",""
"appu k s","user798646","49","17672798646","","","User",""
"Priya Patel","Patel353priya@gmail.com","44","7871572807","","","User",""
"Andreea Iuliana","bradea.andreea@yahoo.com","44","7454778204","","","User",""
"Monica Rodrigues","mkylarodriguez2002@gmail.com","27","783169232","","","User",""
"Jagir Kaur","Jagirsiddhu@gmail.com","61","404291866","","","User",""
"komalpreet Kaur","sainikomalpreet09@gmail.com","91","9501916157","","","User",""
"Monika Dhillon","1998monika11@gmail.com","44","7466472309","","","User",""
"Komal Nandha","deepkaurkomal4@gmail.com","44","7459263831","","","User",""
"siyaa jain","siyaa14j@gmail.com","44","7776798579","","","User",""
"Mioara Totoi","lucasciprian45@gmail.com","44","7496288158","","","User",""
"Manik Sharma","Maniksharma8770@gmail.com","44","7765045141","","","User",""
"jo","user835393@fg","49","1794835393","","","User",""
"Maneet ","user791379","44","7733791379","","","User",""
"Adrian Dumitrascu","S0mnik1@yahoo.com","44","7402235772","","7402235772","User",""
"Sunila Veena","veenalm.93@gmail.com","91","7012559948","","","User",""
"Ashir ilyas","Ashirmalik713@gmail.com","44","7448886093","","","User",""
"Kayode Ologbonsaiye","mercyologbonsaiye@gmail.com","44","7311414477","","","User",""
"Humaira","zmrs82@yahoo.co.uk","44","7443945928","","","User",""
"Ayesha Anees","ayeshaanees649@gmail.com","166","3016992284","","","User",""
"Micheal Antony","michealantony32@gmail.com","49","17630720435","","","User",""
"Yash Dadhaniya","yashdadhaniya302@gmail.com","91","9586003913","","","User",""
"Kajal Moradiya","Kajalmoradiya100@gmail.com","49","15904698899","","","User",""
"Damiana Correia","Correiaana861@gmail.com","44","7753612093","","","User",""
"sanjay singh","kumar@nhn","91","9058673633","","","User",""
"Likhitha Prince","LikhithaPrince@yahoo.com","49","15774844083","","","User",""
"binu george","georgebinu92@gmail.com","49","17662483678","","","User",""
"Ronaldo cr","ronaldochummarrobert@gmail.com","91","9048078293","","","User",""
"Iram yasin","Irramsohail@hotmail.com","44","7404320266","","","User",""
"Amalu","amalu61912@gmail.com","44","7776593251","","","User",""
"Manjuvenu","manjuvenu63@gmail.com","49","15210604476","","","User",""
"Leons Varghese","leonsv42000@gmail.com","44","7424974677","","","User",""
"Princy","princycorreya@gmail.com","91","9037225586","","","User",""
"gurinderjeet kaur","kashyapguri0001@gmail.com","91","7696883694","","","User",""
"Amr Fuad Ali Kanbar","amrfuad02@gmail.com","91","9657760821","","","User",""
"Yash Shah","shahyash2199@gmail.com","91","9106727573","","","User",""
" Devang","devangbavalia9@gmail.com","91","9824543202","","","User",""
"Arun Kanakkassery","arunrajr7@gmail.com","91","8089815051","","","User",""
"MATTHEWOS ALEM","matthewos.alem@gmail.com","44","7711146696","","","User",""
"sharafas Valiyarathil Chooriyot","sharafasbinshareef75@gmail.com","49","15216895816","","","User",""
"Ansaro Cande","aichacande123@gmail.com","44","7448550612","","","User",""
"Humberto Cruz","humbertoveracruz15@gmail.com","44","7305196845","","","User",""
"Adil Shehsad","adilshehsad99@gmail.com","91","9061363537","","","User",""
"Karun Paul Thampy","karunpaulthampy@gmail.com","91","9497524933","","","User",""
"Dulkar Fazil ","dulkarfazil@gmail.com","91","9846555757","","","User",""
"Athul George","athulgeorge321@gmail.com","49","17661772209","","","User",""
"Inna Elas PALACHI","elasinna@mail.ru","44","7365671149","","","User",""
"Constantin TABUCI","constantintabuci@yahoo.com","44","7467234451","","","User",""
"IRFAN Panachikadavath","ccdc@cdc","49","17623764475","","","User",""
"Yash","na@NA.IN","49","17636358193","","","User",""
"Sonia","sonia4728sonia@gmail.com","44","7354498075","","","User",""
"Pooja Jain","poojajainwm@gmail.com","91","9529598852","","","User",""
"RUTH TOLULOPE TEMITAYO ADENUGA","user602244@nvkjf","44","7478602244","","","User",""
"Kateryna Chypiyevska","kateryna77@hotmail.com","44","7949835653","","","User",""
"Vijay Nalkara Paul","vijaypaul0811@gmail.com","49","15171385452","","","User",""
"ramanpreet kaur 79","Preetraman2891@gmail.com","44","7949999370","","","User",""
"Aldrin Aldo","user359162","49","17681359162","","","User",""
"shari sandhu ","sandhushamsher518@gmail.com","91","7776809389","","","User",""
" Vidya Philipose","Vidyajofel@gmail.com","49","17647066053","","","User",""
"Sabarikanth Kandasamy","ksabari93@gmail.com","91","9790344619","","","User",""
"Durga Prasad","Durga Prasad @3","91","8143124378","","","User",""
"Harshkumar patel","patelharsh242@gmail.com","44","7721548723","","","User",""
"Charmi Chirag Barot","bloodmoney759@gmail.com","91","8780818406","","","User",""
"Munish","Munishdhadi001@gmail.com","49","1727654252","","","User",""
"Waqas khaliq","Yasirali43333@gmail.com","44","7851644666","","","User",""
"Anna","annasaju101@gmail.com","91","8590851914","","","User",""
"Vasilica","@Vasilica","44","7576795757","","","User",""
"Chirag Rasikbhai Savaliya","chiragsavaliya2805@gmail.com","49","17622908158","","","User",""
"Sharun C Saji","sharuncs@gmail.com","49","17624143389","91","8078598320","User",""
"Antonella Palermo","Antonella.palermo97@libero.it","44","7933795181","","","User",""
"Sarthak Agrawal","sarthaka340@gmail.com","49","17642735724","","","User",""
"Nikhil","Nikhiltxc@gmail.com","91","7559964555","","","User",""
"Vishnu chole","Vishnuchiole1@gmail.com","44","7442456555","91","9014471113","User",""
"Monika Nandal","monika1997nandal@gmail.com","91","9050999071","","","User",""
"Jeni Philip","jeni@gmail.com","49","17672284239","","","User",""
"Denisa Stefani","denisa2stefani@gmail.com","44","7383541342","","","User",""
"SHYAM NANDAN MELOTH","shyamnandan74@gmail.com","44","7767953644","","","User",""
"Tanisha","tanishamehta78@gmail.com","44","7423711975","","","User",""
"Ananadakrishnan Anirushan","user923658","44","7879923658","","","User",""
"Jatin N/A","jatinpassi2014@gmail.com","61","481998783","","","User",""
"Amritpal Kaur","Amritpalgill612@gmail.com","44","7342828652","","","User",""
"Dolapo","dolapoakinola25@gmail.com"," ","7557282277","","","User",""
"Namanpreet Bindra","namanpreet2901@gmail.com","44","7423502000","","","User",""
"KAUSHIK GURNALE","kgurnale@gmail.com","44","7459615505","","","User",""
"Rahul","user924302","91","9744924302","","","User",""
"Tania Reza","cerfcerf@ccd","44","7438883970","","","User",""
"Harikrishnan Puthenpurackal","hkrishnan22hh@gmail.com","91","9526928241","","","User",""
"SAHIADRY SIVARAM","sahuz.com@gmail.com","49","1747886067","","","User",""
"Manpreet Kaur Moga","mogakaurmanpreet@gmail.com","44","7856665883","","","User",""
"Antonia Craciun","antoniacraciun7@gmail.com","40","755252457","","","User",""
"Obinna George","digeorge.o@gmail.com","234","8025846229","","","User",""
"Sentamilkaviya","sentamilkaviya@gmail.com","44","7884110816","","","User",""
"Jayanti Mishra","mishrajayanti5@gmail.com","91","9582174764","","","User",""
"Maxovonno Thomas","sdadsx@12","1","6493434663","","","User",""
"Simran Shaikh","simranshaikh17498@gmail.com","91","6356872024","","","User",""
"hemendra","htest1@gmail.com","91","8003836264","","","User",""
"Greeshma Anna Shibu","greeshmaannashibu@gmail.com","91","7560849704","","","User",""
"Niraj Rao 74","th@fgyjh","91","7558694074","","","User",""
"allurivamshi","allurivamshi143@gmail.com","91","9133619415","","","User",""
"Manmeet Karan Vohra","manmeetkaur21.12.1993@gmail.com","91","9872272769","","","User",""
"vithushan","Vithuofficial13@gmail.com","91","9345348754","","","User",""
"Yaseen","yaseencommunity@gmail.com","964","07702445111","","","User",""
"shaik adil","adil.mohammed2410@gmail.com","44","07424369410","","","User",""
"USER","user523698","91","14523698","","","User",""
"Jisto Antony ","Jisto94@gmail.com","91","7356252041","","","User",""
"Deepak sharma 88","Deepaksharma190897@gmail.com","91","8847464620","44","7423650738","User",""
"Adrika dadhich ","loadkhubi@gmail.com","91","9887302803","","","User",""
"Rajesh vadivel ","rajeshvadivel7@gmail.com","44","7767994214","","","User",""
"dinoop","dinoopseb99@gmail.com","91","9745558447","","","User",""
"Sourav Kalaboina","souravtej1996@gmail.com","91","8466833443","","","User",""
"Andreea silitra","andreea_silitra@yahoo.com","44","7803470647","","","User",""
"Antonia angelova","Tonito6868@gmail.com","359","899559695","","","User",""
"Jitto George","jittogeorge106@gmail.com","91","9605650800","","","User",""
"Sheetal","Sheetal070903@gmail.com","91","7696091797","","","User",""
"Hari 13","optom.hari@gmail.com","91","8589919213","","","User",""
"Bhawarpreet Singh Randhawa","brandhawa25@icloud.com","44","7494038622","","","User",""
"Ayshe Ferova","aishe_bg@hotmail.com","44","7472706707","","","User",""
"Nathaniel Takor","arreyprudence6@gmail.com","237","671238614","","","User",""
"Luxbymia","Sonia.ali.2210@gmail.com","44","7449797609","","","User",""
"Arjun","kiranmenon76@gmail.com","91","9744876443","","","User",""
"Achalugo","nitaoshai@gmail.com","44","7733677602","","","User",""
"head_turner","Tibinstephen8@gmail.com","44","7769005380","","","User",""
"Tajinder Kaur","Tezkaur19@gmail.com"," ","7009625173","","","User",""
"Vikram singh rana","vikramrana3110@gmail.com","91","9999066185","","","User",""
"Mila ","L.Truksans@gmail.com","44","7502574238","","","User",""
"User64460","Test64@gmail.com","44","7949664460","","","User",""
"BEETA","beetabeeta61@gmail.com","91","9895284432","","","User",""
"Tamara Nurieva","nurieva.tamara.1988@gmail.com","44","7477639491","","","User",""
"Abhishek","abhishek12panchal@gmail.com","44","7780165397","","","User",""
"Samuel Dcruz","samueldcruz@gmail.com","49","15171752027","","","User",""
"Elizabeth Anu","dghstf@gjhbk","91","9995236280","","","User",""
"Sarpreet Kaur","sfsd@jhkh","91","7717207087","","","User",""
"Mrunal Ghevari","mrunalghevari942@gmail.com","44","7424457370","","","User",""
"San Sam","dec@ccvc","91","9207127629","","","User",""
"Arpinder Aulakh","arpinderkaur44@gmail.com","91","9878821261","","","User",""
"Anna Cozonac","anka8316@yahoo.com","237","79412300","","","User",""
"J Alberry","hudfihudhe@dncnc","44","7871762396","","","User",""
"SONIA 70","vfv@DC","234","7087925076","","","User",""
"kamini","Kaminikalra7@gmail.com","44","7979711116","","","User",""
"Jennifer72","r4e@12345","91","8125151572","","","User",""
"Jujhar Singh","singhjujhar07@gmail.com","44","7721786700","","","User",""
"Aneena 78","marygeoane@gmail.com","44","7879940815","","","User",""
"MoHaMmEdAsLaM","mohammedaslam7677@gmail.com","91","9526857777","","","User",""
"LIZA TEIXEIRA","Eldaliza@live.com.pt","44","7494043785","","","User",""
"Shreyans Jain","shreyansjain608@gmail.com","44","7599991425","","","User",""
"vikkiharendra","vikkimuruga96@gmail.com","91","8667207044","","","User",""
"Lindon Desmond Watt","YA2FARSEKTK@yahoo.com","44","7760273868","","","User",""
"Ammar Shafik Eiessawy","Ammarabdelrahman25@gmail.com","44","7516494533","","","User",""
"Pavandeep Kaur 675","Pavandeepkaur1456@gmail.com","91","7696344675","","","User",""
"Razvan Valentin Dragoe","Malau0000@yahoo.com","44","7803364664","","NA","User",""
"Ana Botnari ","anabotnari9703@gmail.com","44","7493722296","","","User",""
"Kipkirui Emmanuel","Stuttgart01henessey@gmail.com","113","0794695274","","","User",""
"Hitender Sharma","sharma.hitender39@gmail.com","49","1743309147","","","User",""
"Rino K Roy","rinoofficial1993@gmail.com","91","9895244389","","","User",""
"Olabisi Olabiwoninu","akwu.oti@gmail.com","44","7450920130","","","User",""
"sunny ","uig ","44","7442549081","","","User",""
"toyosi13","dcvsd@s","234","9068326813","","","User",""
"Jasvinder Singh79","jasvindersingh96914@gmail.com","44","7423671279","","","User",""
"Noman","User670067@s","44","7476670067","","","User",""
"Harpreet Singh","123harpreet003@gmail.com","44","7721693792","","","User",""
"Ioana Toncean","Ioana.toncean@outlook.com","44","7397321460","","","User",""
"Claudiu Grozav","clau_grozav@yahoo.com","44","7448815504","","","User",""
"Preet singh 42","dsfvf","49","17661524642","","","User",""
"Oana Volocaru","Oana.volocaru@gmail.com","44","7958613514","","","User",""
"Akhilesh Sasi","erfvervvrvbr","91","9605735278","","","User",""
"Krishnam Raju","Krishnamraju100@gmail.com","44","7551010654","","","User",""
"Angelica Costache","costacheangelica1@gmail.com","44","7557961450","","","User",""
"Shahmeer Hussain","hussainshahmeer569@gmail.com","44","7424430990","","","User",""
"Jawad Khan","Jawadkhan230k@gmail.com","44","7361486174","","","User",""
"Vladimir Botnarenco","vadim.botnarencovb@gmail.com","44","7446803029","","","User",""
"Mordechai Likoy","sfsdrh","44","7532250738","","","User",""
"Preya Menon","preyamenon66@gmail.com","49","17670333396","","","User",""
"Muhammad Adil","sdav","44","7424649156","","","User",""
"Komal johal","johalkomal72@gmail.com","91","7340883272","","","User",""
"Parminder Kaur","saf","91","8360181749","","","User",""
"Ajoe Mathew","ajoemathew07@gmail.com","91","9497366462","","","User",""
"Dr Jass","tfgdf@ws","234","7087726625","","","User",""
"Amal Narendra Babu","amalnb4u@gmail.com","44","7436949195","","","User",""
"Mabel","marianaugust@yahoo.com","44","7405794461","","","User",""
"Tinsa Abraham","tinsapabraham20@gmail.com","91","9961339569","","","User",""
"Alice laila","alicelaila@gmail.com","91","8301842856","","","User",""
"Adewale alamu","Whales30@yahoo.com","234","8037209758","","","User",""
"Ngozi Azikiwe","dsgv ","44","7776365445","","","User",""
"Kuljit Kaur 8699","ujnyntyntyn","91","8699839625","","","User",""
"Manthan16","manthanbhimani123@gmail.com","44","7586595716","","","User",""
"Athira ","athirakk8630@gmail.com","44","7423680928","","","User",""
"Kamaljeet multani1","kamalmultani1414@gmail.com","44","7404046870","","","User",""
"Arun Cherakulam Suresh","asds","91","9744496566","","","User",""
"Antoaneta Ivanova","toni_dimitrova858@yahoo.com","44","7414214815","","","User",""
"Chadhaveettil matteri Gourisankar","gourishankarperuvamburath@gmail.com","91","8943045367","","","User",""
"Daniel Pitigoi","danutzu25051988@gmail.com","44","7469635838","","","User",""
"Ayush panicker","panickerayush@gmail.com","44","7880325529","","","User",""
"Sayam Rana","sdfdf","18","1720163513","","","User",""
"Sylvester Ekwere","ekweresylvester@gmail.com","44","7575559635","","","User",""
"Samuel Jegede","sdgv","44","7771061954","","","User",""
"YukHta Pinto","yuktapinto@gmail.com","44","7586623820","","","User",""
"Monit","attrimonit@gmail.com","44","7586585669","","","User",""
"Dharam Pal","dhami.pal92@gmail.com","44","7368639122","","","User",""
"Komal kumar Boga","sads","91","8143994939","","","User",""
"Mohamad Aamir","xccccccscxqw","44","7435387809","","","User",""
"Amal Berlin German","dgff","49","17624144517","","","User",""
"Harish Chowdary","aaS@gmail.com","91","9377972024","","","User",""
"Bibin Joy","dfgf","91","9744528114","","","User",""
"Konstantina Malamova","kmalamova713@gmail.com","44","7871718631","","","User",""
"Gurleen Goraya","gurleenamritsar1994@gmail.com","44","7435388178","","","User",""
"Andreea Necula","muresanuawra97@gmail.com","44","7438490683","44","7488 952153","User",""
"abhin fabin","abhinfabin","44","7586621542","","","User",""
"Sakattar Singh","joban7518@gmail.com","91","8437184680","","","User",""
"Patricia Ibori","Patriciaibori@gmail.com","44","7776754259","","","User",""
"Hisham Rasool","Hishamhmec199111@gmail.com","44","7367470679","","","User",""
"Mian Hamza Awais","afca","44","7444261084","","","User",""
"Annu Gangwar","Annygangwar256@gmail.com","44","7448172382","","","User",""
"Amandip Singh 17","rgrsa","49","17632691345","","","User",""
"Monish","cercecve","44","7466458476","","","User",""
"Ashiq Vadavanakkudy ali","ashiqalimanjaly@gmail.com","91","9207054743","","","User",""
"User3261","fvgd","91","9633923261","","","User",""
"Gurpreet601","xSA","44","7448121601","","","User",""
"Smily","ss","91","8106078053","","","User",""
"Goutham Girish","girishgoutham488@gmail.com","91","9562660536","","","User",""
"Abdus Samad Sadi","absamadsadi@gmail.com","44","7521043078","","","User",""
"Alex34","iordanalexandru7@gmail.com","44","7448979434","","NA","User",""
"Prince Kumar","Princegill1955@gmail.com","91","8283804379","","","User",""
"Master Nazninbanu","pnaaz25@gmail.com","91","7016195552","","","User",""
"Vishwa Sarang","vishwasarang21@gmail.com","44","7423485447","","","User",""
"Dhruv modi","Dhruvmodi174@gmail.com","44","7786455328","","","User",""
"Dhrutika Bhatt","dhrutikavbhatt1@gmail.com","91","9974089788","","","User",""
"Fatimabibi panchbhaya","fatimapanchbhaya15@gmail.com","44","7777286256","44","7448951260","User",""
"Tanjil Nur Khan","jannatkashfee@gmail.com","44","7448144403","","","User",""
"Gursharanjit Kaur","gursharan98kaur@gmail.com","44","7435390406","","","User",""
"Sanjay Joe Abraham","sanjayjoeabraham@gmail.com","49","1631603575","","","User",""
"user2421","dhyt","44","7927752421","","","User",""
"7696214fgbv","vfvvvv","91","7696214020","","","User",""
"Simranjeet Kaur ","simrankaur59470@gmail.com","44","7721705180","","","User",""
"7440 ","cedcc","44","7440199377","","","User",""
"Worldsteve","stevenaigbovo@yahoo.com","44","7466639293","","","User",""
"Jenelle Kanishq Friend","dcfds","44","7861503820","","","User",""
"Ahmad34","fdssg","44","7466704034","","","User",""
"Nivia Thomas","jaisjewelz@gmail.com","91","7356015531","","","User",""
"99618 ","cece","91","9961856891","","","User",""
"Bhairavi Pillai","Bhairavijpillai@gmail.com","91","9074438876","","","User",""
"Anju Meethal","gtg@d","91","9446889096","","","User",""
"Jayasimmaraja Santhanadevar","jayasimmaraja.sm@outlook.com","44","7459644142","","","User",""
"RITU 830485","gffkj","44","7397830485","","","User",""
"Dcruz27","frg","49","17621676727","","","User",""
"Elizabeth Alejo","Tosinalejo97@gmail.com","44","7831997405","","","User",""
"User904254","User904254","44","7824904254","","","User",""
"Sandeep kour62","S.sandykaur1995@gmail.com","44","7587319162","","","User",""
"Malkit","malkitrai10@gmail.com","44","7404894989","","","User",""
"Nishu Waliya","nishuwaliya20@gmail.com","44","7459852456","","","User",""
"Prabin Babu","Prabin Babu","44","7768492014","","","User",""
"Sonu GEORGE ger","cedc","49","15752421515","","","User",""
"Joel Wilson","gff@decc","91","8547932993","","","User",""
"madinosha","fg","44","7448124066","","","User",""
"Gursharnjit Singh","sandhusharn5@gmail.com","91","9877334621","","","User",""
"B Sailada","Baghisandy@gmail.com","44","7733960508","","","User",""
"Israth","isratema0808@gmail.com","44","7440731476","","","User",""
"Oluwaseun Fabiyi","seunfabiyi@outlook.com","44","7918994896","","","User",""
"Aysha Tahir","gfs","44","7585280222","","","User",""
"User6483","sda","44","7435456483","","","User",""
"sobins","sobins","91","9562583411","","","User",""
"m sham","top20job@gmail.com","44","07448965027","","","User",""
"Mamta88","csdf","91","9041728488","","","User",""
"Arun P Thomas","Arun P Thomas","91","8137094003","","","User",""
"Nicol Ghilimei","dfsgf","44","7765501641","","","User",""
"Annie","xc","44","7466996992","","","User",""
"Kavya Perikkathra","Kavyasunil97@gmail.com","44","7951994940","","","User",""
"Manmeet Handa","Manmeet Handa","91","8146794177","","","User",""
"Viorica Potra","Viorica.potra@gmail.com","44","7981810113","","","User",""
"IQRA","Iqra51114@gmail.com","44","7448003438","","","User",""
"nitika arora","nitika@yopmail.com","91","7988978842","","","User",""
"Rashed","rh643293@gmail.com","44","7470258013","","","User",""
"Gurpreet saggu 6794","preetsaggu6794@gmail.com","44","7469673658","","","User",""
"Ashok Krishna","krishnaashok080@gmail.com","91","9495492844","","","User",""
"sonujoypapparil","sonujoypapparil@gmail.com","91","8606507552","","","User",""
"Basilmon George","Basilcivil@gmail.com","49","15175484699","","","User",""
"Nihanth Anthati","Nihanthgoud112@gmail.com","44","7733698326","","","User",""
"SAMUEL STIEV STEPHEN","stievss191@gmail.com","91","8281289765","","","User",""
"Balu","balu.slns@gmail.com","44","7825004223","","","User",""
"Sai Malliboina ","adfe","44","7587668401","","","User",""
"Md Rakib","rakib.luc@gmail.com","44","7852583879","","","User",""
"Olorunnipa","beikistar2@gmail.com","91","9082901933","","","User",""
"Raja Imtisal","rajaimtisal789@gmail.com","44","7311478506","","","User",""
"Amjadh  94","Amjadh.tirur@gmail.com","91","9497345494","","","User",""
"Elisa 796","elisaabel2013@yahoo.com","44","7964985911","","7417505619","User",""
"Shanjamol","Shanjamol","44","7448442570","","","User",""
"Augustina","cdcv","44","7404584347","","","User",""
"User3304","sdfgr","44","7746173304","","","User",""
"Meena Choudary","Meena Choudary@gmail.com","91","9989220686","","","User",""
"Dominic Thobiyas","dsg","91","6238613319","","","User",""
"Akshay Thomas","dsgert","91","9562941501","","","User",""
"Khafid Li-Hammed","Khafidolabisi@gmail.com","91","9038030797","","","User",""
"Shally ","dxfg","91","9780244688","","","User",""
"Rohit Rai","rair82965@gmail.com","44","7897189010","","","User",""
"Sandra Renjith Friend","Sandrachinnu10@gmail.com","91","8111802903","","","User",""
"Rahul Jadon","RahulJadon@gmail.com","44","7405841794","","","User",""
"Solomon  05603","User05603","44","7448605603","","","User",""
"Roxana  563186","Roxymoro1995@gmail.com","44","7887563186","","","User",""
"John Benny","JohnBenny@gmail.com","91","9074374162","","","User",""
"Ravinderjot","ravinderjotsingh6@gmail.com","49","17632864128","","0","User",""
"User5017","User5017","44","7404815017","","","User",""
"Deepika","Deepika@gmail.com","44","7518765210","","","User",""
"Sarathkrishnan","User12792@dff","91","7034312792","","","User",""
"User17389","User17389","91","8146117389","","","User",""
"Shankar Polu","Polushankar3@gmail.com","91","8885224315","","","User",""
"Igor ","Igor@gmail.com","44","7480980938","","","User",""
"Raluca 77","toia.raluca@yahoo.com","44","7764790547","","","User",""
"Berlin John","User22111@dd","91","9446922111","","","User",""
"Puneet jagraj singh","User52454@sddf","91","9053052454","","","User",""
"Divya Shanilkumar","divyasunil246@gmail.com","91","9747720786","","","User",""
"Santhosh Balu","User8832@gmail.com","44","7405028832","","","User",""
"User38374","User38374","91","9779338374","","","User",""
"Jonal panthilikudy Eldho","jonalpeldho06@gmail.com","91","8075107594","","","User",""
"User0722","User0722","91","7356780722","","","User",""
"Blaze","User826705@ddd","44","7843826705","","","User",""
"Sukhdeep Kaur 19","sukh06sukh@gmail.com","44","7423622219","","","User",""
"Elsa","Elsa@gmail.com","44","7903445478","","","User",""
"Giffin Thobias","User64158@dfcv","91","7012164158","","","User",""
"User90329","User90329","44","7448890329","","","User",""
"George Eguabor","ceguabor45@gmail.com","231","3148505419","","","User",""
"Anna Smirnova","rtfhb","44","7442322645","","","User",""
"Ajeena Thampi","Ajeena Thampi","44","7878180363","","","User",""
"User8889","User8889","44","7507698889","","","User",""
"Haby Sunnay","user 14345","91","8129614345","","","User",""
"user@1903","rh","44","7873111903","","","User",""
"Shahim Ummer","ere","91","9496124943","","","User",""
"MAHI 32","rt6","91","9558008632","","","User",""
"Falana","Damilarefalana@gmail.com","44","7405099621","","","User",""
"Hessa Alrashedi ","e","44","7460066667","","","User",""
"Shaun Bigoy","Shaunbijoy98@gmail.com","49","17683181480","","","User",""
"Vineeth","vineethhnair173@gmail.com","49","15124907670","","","User",""
"Renju","renju696@gmail.com","49","15219300434","49","17684849104","User",""
"7824 829597","7824 829597","44","7824829597","","","User",""
"95618 83106","95618 83106","91","9561883106","","","User",""
"Andres Vanegas","andres.rendon.10111990@gmail.com","44","7462165758","","","User",""
"Harinder","harinderkaur0612@gmail.com","91","7087838419","","","User",""
"MIRELA Ioana Opera","Myrela55@icloud.com","44","7864648205","","","User",""
"Mayukh","dgsdv","91","9555229329","","","User",""
"Sandeep Gill","sk4919237@gmail.com","44","7733826842","","","User",""
"Mathias Nnamdi","Mathiasoyiboka@yahoo.com","234","7031298027","","","User",""
"Olatundun Toyintiti","abidoyeoluwatoyin@ymail.com","234","7059870193","","","User",""
"Vijayraj Perumal","Vijayraj26898@gmail.com","91","9360163219","","","User",""
"Hawo HassanX","RES@gmail.com","44","7775621428","","","User",""
"Roli Sola Kushimo","rskushimo@gmail.com","44","7456483708","","","User",""
"Maria Violeta Drula","drulavioleta5@gmail.com","44","7440076301","","","User",""
"Robert Trohanel","roberttrohanel@gmail.com","91","7568942344","","","User",""
"Jay Sharma","Jay@yopmail.com","44","7765281260","","","User",""
"Lovedeep Singh wander","Lovedeep@yopmail.com","44","7407737688","","","User",""
"Gurpreet Kaur 84370","gurpreetgk402@gmail.com","44","7423384370","","","User",""
"Ranjot ","singhranjot866@gmail.com","91","9988788051","","","User",""
"Saood Alenzi","1359@yopmail.com","965","60341359","","","User",""
"LoveAujla","Lovejatindersingh94@gmail.com","44","7423295642","","","User",""
"CLAUDIA DELESCU","delescuclaudia0@gmail.com","44","7946301970","","","User",""
"Paras Agarwal 69148","fsdf","49","15212069148","","","User",""
"Nagaraju ","Nagaraju ","49","15774804349","","","User",""
"Amarbir Singh","dcercfecfwef","91","7087766197","","","User",""
"Veena Vijai","vijaiveena@gmail.com","91","7902294869","","","User",""
"DENGO","dengo27@yahoo.com","91","8086969016","","","User",""
"Harpreet Sandhu","harpreetsingh3623@gmail.com","91","8284963623","","","User",""
"Linete Lourenco","Lineteferreileiry@outlook.com","44","7459049602","","","User",""
"Gileta","gileta.antan@gmail.com","44","7828133225","","","User",""
"abinsha gratia friend","alenbijupanjikaran@gmail.com","91","7559855836","","","User",""
"Saranya Vijayan","gettingsaranya@gmail.com","91","9995662601","","","User",""
"Priyanka chaskar","priyankachaskar.93@gmail.com","91","9594153873","","","User",""
"kasur","dabv@gmail.com","1","7783188301","","","User",""
"Rajnish","aidai.uk@gmail.com","44","7717165155","","","User",""
"Mandeep Kaur 97","Kmkaurmandeep45@gmail.com","44","7748395297","","","User",""
"kirandeep27","kirandeepbajwa71@gmail.com","44","7760434427","","","User",""
"Ramandeep kaur MBA","ramandeepu.k1234@gmail.com","91","7901740866","","","User",""
"Diana Croitoru","lavinia.croitoru1@gmail.com","44","7561002913","","","User",""
"Faraz ","sfd","44","7888258805","","","User",""
"ankita 73","ankitass171@gmail.com","91","7306017061","","","User",""
"Varun R","kkkkuuuunnnnnnaaa","91","9902774405","","","User",""
"Himani Brahmkshatriya","hjfghh","91","9924445885","","","User",""
"Ellen olajumoke Seun-boyejo","olanipekunellen@gmail.com","44","7733759161","","","User",""
"Vishnu Venugopal","VishnuVenugopal@gmail.com","91","7306299393","","","User",""
"Ashu 15885","jdhjgfhj","44","7429515885","","","User",""
"Yash Choudhary","GHJNHG@gmail.com","1","6479808500","","","User",""
"USER@77143","dfdgj","91","8089477143","","","User",""
"Maju Mathew","Maju ","91","9895440382","","","User",""
"Mae","frsdh","44","7424173703","","","User",""
"Kiran 94","yrty","49","17675871594","","","User",""
"Akshay Girijan","akshaygirijan151997@gmail.com","49","15222856911","","","User",""
"Manju ","dferg","91","8089241844","","","User",""
"USER 63834","GSHGHG","44","7824063834","","","User",""
"USER 042393","gfnhjj","44","7405042393","","","User",""
"Adarsh Sebastian","adarshalookaran@gmail.com","91","9847199535","","","User",""
"USER 44664","gdhgh","91","9630244664","","","User",""
"SHAHEEN","sagfjd","91","9020880162","","","User",""
"Vikas mishrikoti ","Mishri.vikas@gmail.com","91","9880700996","","","User",""
"Prashant","jajabrownbrown@gmail.com","44","7824978169","","","User",""
"Prathmesh","prathspawar60@gmail.com","91","9820941357","","","User",""
"Ricky Gonzalez","569804","49","15143377990","","","User",""
"Sheetal Gandhi 788","hh","44","7880367072","","","User",""
"Alexandru Lupu","lupualex563@gmail.com","44","7500613545","","","User",""
"Vishal Digra","Vishaldigra012@gmail.com","49","17630333491","","","User",""
"Md Sohel Kamal","Sohelkamal121@yahoo.com","44","7896149089","","","User",""
"Ramandeep kaur 35370","ramankaurd1996@gmail.com","91","7466035370","","","User",""
"Afroz","Afroz","44","7771402781","","","User",""
"Roskatika","roskatika_18@yahoo.com","44","7713613383","","","User",""
"Sardar Yamin Khan","sddfg","44","7459177189","","","User",""
"Dharminder kaur","dharminderkaur108@gmail.com","49","15214733157","","","User",""
"Ayesha72","erfe","91","9000012872","","","User",""
"Irfan Panachikadavath K","Irfanparambil7@gmail.com","91","9961388001","","","User",""
"Soorya Narayan","6580","44","7824668485","","","User",""
"Bazith Palipath","Bazithpallipath@gmail.com","91","8281812888","","","User",""
"Varun Pillai","varunpillai667@gmail.com","44","7824392537","","","User",""
"Muhammed Fazal","Muhdfazal77@gmail.com","91","8281530723","","","User",""
"Sarath 218639","Sarath@gmail.com","44","7379218639","","","User",""
"user_41821","user41821","91","9207941821","","","User",""
"Graita","graitadavis96@gmail.com","91","8301066989","","","User",""
"Rishidev","Rishidev","91","9567150278","","","User",""
"user7107","trgd","91","8921707107","","","User",""
"Aliyu Abubakar Musa","aamusa15@yahoo.com","44","7733509559","","","User",""
"Abhishek Ram","abhishekramsee98@gamil.com","91","8547700491","","","User",""
"Komal 95","fgb","91","9503738494","","","User",""
"User7748 014717","User7748 014717@gmail.com","44","7748014717","","","User",""
"Aneena","Aneenaantony95@gmail.com","91","9497521051","","","User",""
"Hannan Sarkar Friend","96841056410","91","7702293303","","","User",""
"Liliana Dadus","lilianadadus@yahoo.com","44","7459662422","","","User",""
"74482","vrtv","44","7448273274","","","User",""
"Shahana Anwar Bawani","cv@gmail.com","1","2109000518","","","User",""
"Anu Mathews","anumathew8991@gmail.com","49","15730250068","","","User",""
"Dr.Liz","lizmol2012@gmail.com","49","17656999196","","","User",""
"GPR","FERFVERFERF","91","8179702066","","","User",""
"Paras Abrol 45305","asdfg","44","7824045305","","","User",""
"user@2703","650","44","9846492703","","","User",""
"Manpreet 6724","manpreetpatti0022@gmail.com","44","7424726724","","","User",""
"Claudiu Omusoru","Omusoruc@yahoo.com","44","7449209099","","","User",""
"Oliviya Renni","renni7167@gmail.com","91","9495827167","","","User",""
"Ranjan Bangotra","Ranjanbangotra98@gmail.com","44","7587357469","","","User",""
"user@5988","5430","91","9182885988","","","User",""
"sukhwinder singh","singhsaini411@gmail.com","44","7405704579","","","User",""
"Bade","edsdr","91","9030301314","","","User",""
"satish","000","91","9110745175","","","User",""
"Chacko Jain ","Jainchacko2014@gmail.com","91","8547303533","","","User",""
"rahul jose","rahuljose4868@gmail.com","91","9544354868","","","User",""
"Gheorghe Deaconu","realrelu16@yahoo.com","44","7585480935","","","User",""
"joelpaulson","joelpaul128@gmail.com","49","17635447182","","","User",""
"Luisa Ioana Dumitru","dar_luisa2005@yahoo.com","44","7990426961","","","User",""
"Braganciuc Gabriel","gabriel1500@mail.ru","44","7591461290","","","User",""
"Uzoma NDUKWE","erfbk","44","7925211042","","","User",""
"Priya Karthi Friend","priyaramachandran274@gmail.com","91","9750709011","","","User",""
"Keerthi","user32614250@gmail.com","44","7587231277","","","User",""
"Kulwinder tiwana","Kulwindertiwana82@gmail.com","91","6284151994","","","User",""
"Son Le","lesontung2k3@gmail.com","44","7576958857","","","User",""
"esoroRate","esoroRate@adann.xyz","51","86165632112","","","User",""
"Kumar","kumar.studies999@gmail.com","91","9652523961","","","User",""
"Inzamam Zafar","1@12345","44","7729548095","","","User",""
"Keerth","fre","91","9901478418","","","User",""
"Vipindas","vipindasar1010@gmail.com","49","15210144275","","","User",""
"alex's assignment ","alexmrc2001@yahoo.com","44","000000000000","","","User",""
"user@05721","3510","91","8590605721","","","User",""
"user@575200","3254642","44","7432575200","","","User",""
"Shahinabanu","Pshahu1202@gmail.com","91","8866222593","","","User",""
"Cole Dando","coledando1996@gmail.com","44","7387174897","","","User",""
"Raj Jallandhra","fghfj","44","7466572936","","","User",""
"Alfin Saji","alfinsaji2@gmail.com","91","9847276177","","","User",""
"user03969","65684","44","7532703969","","","User",""
"user 57024","adebowaleadeleke554@gmail.com","44","7741957024","","","User",""
"user372253","5445","44","7861372253","","","User",""
"Blessy Asir","blessykurian.bk@gmail.com","91","9739701943","","","User",""
"Bhavna shugiya ","3654","44","7721548076","","","User",""
"Uchechukwu  Anastasia","Cutezemain9@gmail.com","234","8038933047","","","User",""
"user09797","321@gmail.com","49","1718409797","","","User",""
"Nancy 70971","nancyrababah7@gmail.com","27","799170971","","","User",""
"Regina Chacko","regina18cp@gmail.com","91","7042764498","","","User",""
"Phaneendra","654651","91","7075458045","","","User",""
"Kayleigh Richards","Kayleighrichards94@hotmail.com","44","7933666796","","","User",""
"Harjot kaur","18.harjotkaur@gmail.com","44","7450217913","","","User",""
"Shreyas Tambe","@76924","91","9892276924","","","User",""
"Naveen 78","naveenstudies@gmail.com","91","7893866109","","","User",""
"Indu Raman Ain","induraman2101@gmail.com","49","17636875379","49","15906484617","User",""
"Gaurav Soni","soni.gaurav95@gmail.com","49","15217410548","","","User",""
"RAHUL KUKKADA","krahulramu@gmail.com","91","7095596564","","","User",""
"Praveen Thomas","praveenthomas372@gmail.com","91","8086259711","","","User",""
"user46426","0255","91","7084246426","","","User",""
"Saroop singh","Saroopmehra@gmail.com","91","9855514298","","","User",""
"Swapna Ain","Swapna Ain","49","1785121484","","","User",""
"Vamshi Dornala","vamshidornala7337@gmail.com","49","17640433768","","","User",""
"Manjot singh","0860manjot@gmail.com","91","9877728478","","","User",""
"Amal Joseph","amaljoseph1903@gmail.com","91","8714142220","","","User",""
"Febin D’silva","febindisilva@gmail.com","91","9037198586","","","User",""
"User91161@gmail.com","User 91161","91","8919691161","","","User",""
"Ruth Ohluwaseun","654698","44","7467311495","","","User",""
"Aditi Rawool","New13089@gmail.com","91","9372313089","","","User",""
"faiza","Faiza.shamsi@googlemail.com","44","7809575990","","","User",""
"Prince John","Princejohnadr@gmail.com","91","8129249639","","","User",""
"Manisha 33126","Manisha@","44","7824633126","","","User",""
"Diya","Diya@gmail.com","91","8395981043","","","User",""
"Sai Teja Karingula","sfdghfj","91","9390898918","","","User",""
"Albert 24","trreht","44","7776613824","","","User",""
"Sanimole aboobacker","shanimehrish.08@gmail.com","44","7717029361","","","User",""
"Anees","anees4t4k@gmail.com","91","8086634528","","","User",""
"NivinChristin","brb","91","9744215318","","","User",""
"Jan","jalaljan94839@gmail.com","44","7754450123","","","User",""
"Denny Paul ","dennypaul8383@gmail.com","49","15146947874","","","User",""
"Ashwin Gisma","ashwinwllm@gmail.com","49","15904832163","","","User",""
"Godson","54128","91","8943573217","","","User",""
"Alfusainy","Preetkalsi9996@gmail.com","44","7825837418","","","User",""
"Jibi","jibi","91","9656784749","","","User",""
"Taara","taraursulesku1@gmail.com","44","7886750702","","","User",""
"Livoy","livoyjoy@gmail.com","91","8129352296","","","User",""
"Meet 8","oil","91","8779762262","","","User",""
"ARAVINDH","fcerc","44","7776689874","","","User",""
"Andrei C","gmgandrei@gmail.com","40","729021503","","","User",""
"Jayanth Reddy ","yashukarthik97@gmail.com","44","7442005166","","","User",""
"Gurpreet Maan","Gurpreet@","91","9569769757","","","User",""
"Umar hussain","Umarhussain786@outlook.com","44","7475495544","","","User",""
"Diana Vesa","Diana.sulintan@yahoo.co.uk","44","7403511446","","","User",""
"Diana Gherle","dianagherle07@gmail.com","44","7759640061","","","User",""
"Manohar Shiga","manoharsiga1@gmail.com","44","7442792377","","","User",""
"Sindu Raut","sindu.raut2995@gmail.com","44","7884915565","","","User",""
"Arish Kumar","arishkumar21@gmail.com","44","7442005635","","","User",""
"Deeyon Joy","Deeyon Joy","49","17665348533","","","User",""
"Abhiram","abhiram.donepudi@outlook.com","44","7436946562","","","User",""
"Bala","5465","49","1622344329","","","User",""
"aghila","aghilaanson9991@gmail.com","91","8086028902","","","User",""
"Toyosi","ainaoluwatoyosi14@gmail.com","91","9053595653","","","User",""
"User 66811822","6681182@gmail.com","49","17666811822","","","User",""
"Maher","Maher@gmail.com","44","7495931813","","","User",""
"Kreeti Nemkul","KreetiNemkul@gmail.com","61","415793886","","","User",""
"Sonika 5299","gowdasonika2@gmail.com","44","7435385299","","","User",""
"Rahul Malik","rahulmalik70274@gmail.com","91","7015957312","","","User",""
"Cristina Mistakidis","Cristina Mistakidis","44","7914699707","","","User",""
"Nk Katna","de","91","8054131041","","","User",""
"Narges mirshahidozdab","scavellholy@gmail.com","44","7402629747","","Na","User",""
"Ducu Blidaru","Ducu.blidaru@gmail.com","44","7930257106","","00","User",""
"Ashwin George","Ashwin.g.official@gmail.com","91","9446339496","","","User",""
"Poye Stephane","ydoumbi@yahoo.com","44","7735405780","","","User",""
"Ranjodh Singh","Manjot.s09ddd@gmail.com","91","9815101417","","","User",""
"Mani","454","44","7765053813","","","User",""
"Felix Sonfat","Felixsonfat@gmail.com","44","7572741176","","","User",""
"Raquel Esteves","RAQUELSNESTEVES@gmail.com","44","7762275378","","","User",""
"Harshavardhan","harshasnickzzz6714@gmail.com","8","9618002299","","","User",""
"Vergil Vergilov","vergilvergilov2000@icloud.com","44","7305256767","","","User",""
"Richard Wacha","Kocgoma@yahoo.com","44","7979731823","","","User",""
"9010","dewdewd","91","9010431325","","","User",""
"Augustine George","augustinegeo94@gmail.com","49","15207086224","","","User",""
"Anandhu Saju","anandhuthriller@gmail.com","49","15225809180","","","User",""
"Ashwathi Nair","ashunair2394@gmail.com","49","1631792141","","","User",""
"Ejaz Ali","ejazali1905@gmail.com","44","7588810884","","","User",""
"Joyal Joy","joyjoyaljoy00@gmail.com","91","7025800138","","","User",""
"Kaur Jasmeet","100597579@unimail.derby.ac.uk","44","7448707251","","","User",""
"Dhiren","@275932","44","7478275932","","","User",""
"User 569283","569283@123","44","7880569283","","","User",""
"Pavan Kalyan Bathini","Pavan123@gmail.com","91","8142328606","","","User",""
"Isaac","isaaccp1111@gmail.com","91","9947221327","","","User",""
"Gurwinder Singh Aulakh","Punjab19845@gmail.com","49","15214704566","","","User",""
"Chhaya Patel","cpuk97@gmail.com","44","7469242987","","","User",""
"Niroson Jero","nirosonjero1@gmail.com."," ","7418313323","","","User",""
"Neha panicker","@53294","44","7436953294","","","User",""
"Alphin Jerald kunjamma","alphinjerald@gmail.com","49","17636686030","91","6238755085","User",""
"Krishnendu Mohan","krishnendumohan47@gmail.com","91","9747188004","","","User",""
"Amaranwa","sfrtjh","44","7448105306","","","User",""
"Teena Mokam","Mokamteena@gmail.com","44","7776593565","","","User",""
"User6680","dfgdh@gmail.com","92","3055436680","","","User",""
"Viorica corcimari","Vioricacorcimari@yahoo.com","44","7864524448","","00","User",""
"Alex Lenu","AlexLenu","44","7818007719","","","User",""
"Bineesh Francis","Bineeshfrancis04@gmail.com","49","1772655986","","","User",""
"Tejal solanki","Tejal.solanki@hotmail.com","3","67","","","User",""
"869","cec","91","8699883089","","","User",""
"Kiki Oseni","Kiki","44","7949216861","","","User",""
"Vishwas","vasubhagat3@gmail.com","91","9780030703","","","User",""
"Sara berber","berbersara02@gmail.com","44","07784397545","","","User",""
"preet Sandhu","preet Sandhu","91","9877118510","","","User",""
"Prince Malik","malikprince990@gmail.com","91","8847423160","","","User",""
"Ihab","Jebili.ihab@gmail.com","44","7897441238","","","User",""
"Ruplai","rupalicheenu4@gmail.com","91","9056407623","","","User",""
"Karthi Chennai","praneethrp99@gmail.com","91","8122353271","","","User",""
"Harman dhillon","Harmandhillon3461@gmail.com","44","7882540786","","","User",""
"User 551076","551076@gmail.com","44","7464551076","","","User",""
"Eshu Gill","eshugill3030@gmail.com","44","7721679571","","","User",""
"mandeep sandu","mandeepsandhu31795@gmail.com","44","7438906514","","","User",""
"Marcela Pislaru","paslarunarcela53@gmail.com","40","755457022","","","User",""
"Rupali","nynn","91","8559032785","","","User",""
"user7384 178830","@7384 178830","44","7384178830","","","User",""
"Habeeb Jaffer Mohammed","mdhabeebjaffer@gmail.com","44","7405502138","","","User",""
"Abhinay peddi 1","Abhinaypeddi98@gmail.com","91","7702560864","","","User",""
"priyanka 40415","Prinka01081998@gmail.com","44","7721540415","","","User",""
"Rubal","rubalpreetk146@gmail.com","91","9501290996","","","User",""
"Ritu Singh","RituSingh","44","7824613534","","","User",""
"Andreea Mirza","andreea.mirza89@yahoo.com","44","7964877011","","","User",""
"Kamlesh Rajoria","kamleshrajoria29july@gmail.com","44","7721689475","","","User",""
"Janmitha","USER","91","9677797118","","","User",""
"Nithin 913","sdgr","91","9605540913","","","User",""
"Kavita","kavita.kapoor0@gmail.com","49","17680115007","","","User",""
"Benson Mathew","@23438","49","17663623438","","","User",""
"Kanwar","kskanwar70@gmail.com","44","7442000894","","","User",""
"Diana Nikolaeva Gadzhonova","Davidpeev2015@gmail.com","44","7961687742","44","7444233196","User",""
"Nithin Joseph germany","nithinjoseph658@gmail.com","49","17689240479","","","User",""
"Peter Varkey","varghesepeter95@gmail.com","49","1787541725","","","User",""
"paramjeet singh","@54115","49","15213054115","","","User",""
"Loredana Avanam","loredanaavram@hotmail.co.uk","44","7735322801","","","User",""
"Maninder","Maninder23@gmail.com","91","9896475086","","","User",""
"Vamshi Krishna","Vamshi@gmail.com","44","7880336188","","","User",""
"Krishnadev Sreekumar","krishnadevskumar07@gmail.com","44","7587868559","","","User",""
"Sharlet Saji","richardsonaneesh1989@gmail.com","49","15217728583","","","User",""
"PARINAY REDDY GADDAM","parinay.gaddam@gmail.com","44","7404546077","","","User",""
"Shibin Shajan","shibinshajan9747@gmail.com","49","15750084455","","","User",""
"killua zoldyck","dmelloruchelle@gmail.com","44","7405516625","","","User",""
"Anju Ajay Kundu","anjusihag777@gmail.com","44","7435426050","","","User",""
"sainath badam","mesainathbadam@gmail.com","44","7917533120","","","User",""
"Kish Roopan","thjn","44","7561157716","","","User",""
"Rajii Jot","et56","44","7435436189","","","User",""
"Malhi","rfey","91","8847336953","","","User",""
"jalesh","jaleshjk05@gmail.com","91","7356120058","","","User",""
"User2289","tyry","44","7438192289","","","User",""
"gill","Expertharpreet1997@gmail.com","44","7404587128","","","User",""
"divyanshu23990","@23990","91","8962923990","","","User",""
"Satvir Singh Virdi","virsinghvirdi97@gmail.com","91","8699630161","","","User",""
"Selina Ampomah","Ampomahselina@gmail.com","44","7412663623","","","User",""
"kishan patel","kishanpatel@123","44","7442549573","","","User",""
"Aidi","andromed18@yahoo.com","44","7401741001","","","User",""
"User 503366","503366@gmail.com","44","7423503366","","","User",""
"shikha shrivastav","shikha@123","91","9602143824","","","User",""
"Nicola Jones","niccj1103@gmail.com","44","07432869594","","","User",""
"Rakshith Dashrathkar","rakjdkar.jd@gmail.com","49","17621889300","","","User",""
"Chahal Aman","Chahal ","44","7877188349","","","User",""
"Harvir Dhillon","HarvirDhillon@gmail.com","44","7973696919","","","User",""
"Zii","Zii@sasd","234","8118469701","","","User",""
"Ruth Adeniran","Abellianruth@gmail.com","44","7412663113","","","User",""
"Alifia patel","alifiapatel34@gmail.com","44","7879963610","","","User",""
"Aneliya peneva","apeneva76@googlemail.com","44","7765406641","","","User",""
"Abdulmalik Garuba","garubaoladimeji94@gmail.com","44","7496682538","","","User",""
"Ashwinraj Kundil","ashwin@123","49","1732305583","","","User",""
"User 99333","99333@gmail.com","91","9393999333","","","User",""
"Lovepreet Singh 784","Lovepreet","44","7424739784","","","User",""
"Bidemi O Konu","bidemikonu01@gmail.com","44","7415663138","","","User",""
"Jismon","Jismon@gmail.com","44","7733729112","","","User",""
"78","ec","44","7879919379","","","User",""
"81","efvef","91","8146378781","","","User",""
"Kami 73","vrtgrt","44","7398392427","","","User",""
"Kaamran khan","kaamrankhan37@gmail.com","3","2241","","","User",""
"Trudy-Ann Thomas","Trudy-annthomas@hotmail.com","44","07387117108","","","User",""
"Haider Rafay's brother","mh7140589@gmail.com","44","7916254622","","","User",""
"Panchal Tanvi Chandrakant","Panchal Tanvi","44","7825549028","","","User",""
"USER_81261","USER_81261","91","9872381261","","","User",""
"Harry 60488","98bharry32@gmail.com","91","7657860488","","","User",""
"Reena Malik","Reena Malik","91","7056480028","","","User",""
"Dinu","dbrigitalex@gmail.com","91","8136833821","","","User",""
"User315710","user315710","44","7846315710","","","User",""
"Aashna Kapoor","aashnakapoor.1998@gmail.com","91","9560068191","","","User",""
"Pooja Chanderh","deg","91","8968322687","","","User",""
"Saira","fgrth","44","7711375249","","","User",""
"HarKirat ","sfeuyh","44","7424357713","","","User",""
"Mahima Sehrawat","mahimasenrawat9818@gmail.com","91","9818050619","","","User",""
"Harmanjot loi","57i87o","49","15141361119","","","User",""
"eben ezer","ebenezerk8@gmail.com"," ","123","","","User",""
"Rojina Baniya","geeta.basnet999@gmail.com","44","7368356190","","","User",""
"Sibiya Athrapilickkal","babusibiya@gmail.com","44","7442600769","","","User",""
"Opeyemi Adeniyi","opeolatunji86@gmail.com","353","899443275","","","User",""
"Rajvir kaur Mann","Rajvirmaan774@gmail.com","44","7888250319","","","User",""
"Deepjyoti","rey","44","7442651892","","","User",""
"Volovei Elena","Volovei Elena","44","7765192220","","","User",""
"Dinky Kundra","dinkykundra81@gmail.com","44","7440387296","","","User",""
"Blany Njinke ","fgtrhtj","44","7708587689","","","User",""
"Sukhwinder kaur Karandeep Sister","ghtj@dd"," ","7939883192","","","User",""
"Geena Merin","geenamerinethomas@gmail.com","44","7435375673","","","User",""
"Arsh sandhu ","Aartisks123@gmail.com","44","7438582492","","","User",""
"anushka saklecha","anushka.saklecha07@gmail.com","11","1112","","","User",""
"Nugoh Njita","njitabernice1@gmail.com","44","7708553857","","","User",""
"Jugraj Sidhu","dfsdh","44","7460749297","","","User",""
"Jay Perera","jayp3r3@gmail.com","44","7537957922","","","User",""
"casa de crema","casadecrema@yahoo.com"," ","123","","","User",""
"skaur84388","skaur84388","44","7824620013","","","User",""
"Shaharyar","Shaharyar","49","15207417861","","","User",""
"Ethel","sdcdecne@dEthel","233","547412385","","","User",""
"HAPPY SINGH","HAPPY SINGH","44","7466908618","","","User",""
"user 600","dfvv","91","6005310972","","","User",""
"Tryphena","Tryphena","44","7459920496","","","User",""
"Vijitha","fdfh","91","7356983076","","","User",""
"aiswarya","aiswaryaks43210@gmail.com ","49","15214835018","","","User",""
"Sarbjeet kour","frwefr","44","7360163187","","","User",""
"Gurtez","gurtej58476@gmail.com","44","7442606475","","","User",""
"Vera","Osejivera@gmail.com","44","7535852565","","","User",""
"Galusca Silviu","Silviu.silviu.sims@gmail.com","44","7776803932","","","User",""
"Nithin joseph","nithinjosegopu@gmail.com","49","1737986540","","","User",""
"Ioana Oprea","oanaoprea87@icloud.com","44","7490726326","","","User",""
"Advaith","t6uy6y","44","7442601070","","","User",""
"user0289","q3r4tert","91","9920840289","","","User",""
"zamii malik","axsefea","44","7575052123","","","User",""
"Tehmina Khan","xasfgesg","44","7448677671","","","User",""
"anmol gill","Anmolgill1601@gmail.com","44","7306303757","","","User",""
"meera","prince2003majju@gmail.com ","91","9501803881","","","User",""
"kolabambiii","kolabambiii@gmail.com","91","7080866882","","","User",""
"Charanjit","Charanjit2138@gmail.com","44","7423536157","","","User",""
"Todor Yalamov","quoddumus@gmail.com","44","7729669571","","","User",""
"Raman Ramakrishnan","ramanramakrishnan36@gmail.com","91","8270252284","","","User",""
"Arvind Chauhan","7721678878@","44","7721678878","","","User",""
"Suman Sharma","simisharma13190@gmail.com","44","7979850742","","","User",""
"midhun Sasi","midhunsasim123@gmail.com","91","9562879451","","","User",""
"Ehtsham Naqvi","ehtshamhaider514@gmail.com","44","7404088824","","","User",""
"Soble Thundiyil Salan","soblesalan@gmail.com","91","7034861718","","","User",""
"Curils Maricut","Curilaadina@yahoo.com","44","7453330707","","","User",""
"Swapna","swapna.s882@gmail.com","91","8089621980","","","User",""
"Amandeep Kaur 75","ak8840170@gmail.com","44","7546244972","","","User",""
"Nancy Anno-Kusi","Kizzyklex@gmail.com","44","7478156615","","","User",""
"Vibhu","7769443824@","44","7769443824","","","User",""
"Bat-Ochir Damba-Ochir","bataa44@yahoo.com","146","91115662","","","User",""
"Mihai Constantinescu","mike_mita@yahoo.com","44","7428049884","","","User",""
"Kruti","Tpranav2000@gmail.com","44","7825266708","","","User",""
"Swati Angel","swati123angelrulz@gmail.com","44","7435382920","","","User",""
"Mohammed Aslam Vadakkhethil","ASLAM@","49","15144927503","","","User",""
"Suman 08","suman@gmail.com","44","7760512508","","","User",""
"Simran 66","kaur.simranjitharsian@gmail.com","44","7442759566","","","User",""
"Seif Elgenied","seifelgenied@hotmail.co.uk","44","07447091872","","","User",""
"Nitika Sood","9592323659","91","9592323659","","","User",""
"Harpreet Kaur 771","harpreetkaursb@rediffmail.com","91","9872982771","","","User",""
"Asad Ali Yousafzai","Chrisbenoit11@gmail.com","44","7535757593","","","User",""
"nadheem","rehtyt","44","7776604097","","","User",""
"user2869","rtgryh@s","234","8164322869","","","User",""
"Gurpreet Dhindsa","gurmanaman46@gmail.com","44","7424639691","","","User",""
"Ani","rgrthy","44","7404289366","","","User",""
"Praveen Inti","Praveen@","91","9000324708","","","User",""
"Asmitha Kathiresan","tr4r5y","44","7776593812","","","User",""
"Aashish Sharma","ytrtj","44","7585465028","","","User",""
"Temmie","temitok@yahoo.com","44","7767427208","","","User",""
"palak banka ","palakbanka96@gmail.com","91","7978577632","","","User",""
"user20691","dvssd@gmail.com","92","3338120691","","","User",""
"Anusha Amal","anushabm96@gmail.com","91","8075266229","","","User",""
"Jewel Thomas","jewelthomas01@gmail.com","91","9207131284","","","User",""
"Ritu","Ritu@gmail.com","91","9050884340","","","User",""
"Jomon John","jomondiamond7@gmail.com","356","77388403","","","User",""
"Manreet Kaur 49","7946302649@","44","7946302649","","","User",""
"Sachin Tawk","sachinsharma0279@gmail.com","49","15166781146","","","User",""
"Tamil Vendhan","tamilthestar@gmail.com","91","7010171511","","","User",""
"Samyuktha Kallem","rwgfrr","91","8317571827","","","User",""
"Ludo","rfgerw","44","7856688739","","","User",""
"user7442020338 ","@12345","44","7442020338","","","User",""
"Jinendra Shah","Jinendra@","91","9724133058","","","User",""
"Arpandeep kour ","feqw","44","7442647966","","","User",""
"user297948","erterer","44","7747297948","","","User",""
"Dcruz Thomas","gdreyw","44","7979896923","","","User",""
"Oyinda hebenz","frdgrter@s","234","8169908498","","","User",""
"divya  sharma ","sharmadivya56829@gmail.com","44","7438629558","","","User",""
"papito ","efea","44","7957235091","","","User",""
"Sohith Antony","Sohith027@gmail.com","49","15218401863","","","User",""
"Reuben ","thytjyt","44","7404557810","","","User",""
"Sandra Saju","egtrtyrger","44","7405009505","","","User",""
"Tenny","iyunteniola@yahoo.com","234","8066791931","","","User",""
"vinay ","t4r25yt3","44","7824048221","","","User",""
"Sharanjeet Kaur","ytrty","44","7748167635","","","User",""
"Biswarup","drbc.1233@gmail.com","44","7880039052","","","User",""
"Masood","gfhjhyt","44","7442637058","","","User",""
"Monisree","efwew4","44","7469429166","","","User",""
"Shangavi","fhyfhjgfj","91","8105508960","","","User",""
"Sam74","ghjnfk","44","7466534303","","","User",""
"Haddeytollar","fdgdthurfddewdcd@rt","234","8030676485","","","User",""
"Daramola motunrayo","motunrayodaramola2@gmail.com","44","7858974203","","","User",""
"Deepprince","7404542897@","44","7404542897","","","User",""
"nazma","7462612143@","44","7462612143","","","User",""
"Vasanthan Velan","imvasanthanss@gmail.com","49","17668341282","","","User",""
"Ishola RAUF","Raufishola@gmail.com","44","7511821828","","","User",""
"Jake","jacobbasiljeevan@gmail.com","49","15166046580","49","17679819851","User",""
"Merccie","swadew@ws","234","8031542942","","","User",""
"Charan Vimal","charanvimal2050@gmail.com","91","8569944001","","","User",""
"sainikrishu","ertet457","91","9671485099","","","User",""
"Sumit Bhandari","sumit786721@gmail.com","49","1631257646","","","User",""
"user83837","tyhs","91","8498983837","","","User",""
"Pooja basran ","Poojabasran30@gmail.com","44","7405162254","","","User",""
"user65630","ergyht5h","91","9417265630","","","User",""
"AR Abbasi ","gfhtrr","44","7424086355","","","User",""
"user0 0232","sdvgsfgert@s","234","8033100232","","","User",""
"user08812","efwgrrteh","44","7587808812","","","User",""
"adejumobi adegboyega","gabakyn@gmail.com ","44","7843862972","","","User",""
"inderdeep singh ","rty56y","44","7826191892","","","User",""
"krishna perera","krishnaperera@yahoo.co.uk","44","7861818889","","","User",""
"user03769","yutyutyjt","91","9855603769","","","User",""
"user54314","bgfrjyu","91","9605354314","","","User",""
"user94287","6tuy67iok897@gmail.com","49","15228294287","","","User",""
"Shithi","shithipika@gmail.com","880","1779099016","","","User",""
"user7 35585","iyuiyhukjhkuhkil","91","8903735585","","","User",""
"Shubh","shubhjoshi500@gmail.com","91","9773070572","","","User",""
"Rose Marie Gherman","ghermanrosemarie@gmail.com","44","7587592607","","","User",""
"Amarjeet Singh","Bittusarari94@gmail.com","49","17680381815","","","User",""
"Shalu Rana 42","ranashalu819@gmail.com","49","17681366742","","9815742402","User",""
"Kiran UK","kiranuk1998kiran@gmail.com","44","7383145587","","","User",""
"Anns Maria","mariaanns.30@gmail.com","91","9616748810","","","User",""
"Anjana Pulloparambil Rajan","anjanaprajan40@gmail.com","44","07435451522","","","User",""
"Imanuel Caushi","dyucgdc@bcjmy","355","692520765","","","User",""
"user8 9222","e32reerg","191","599989222","","","User",""
"Balwinder singh","yjh765","44","7436979983","","","User",""
"Kudrat Oyeniran","5y456ujy@S","44","7438481549","","","User",""
"Sandhu","tryh65j","44","7765043400","","","User",""
"user9559","[o[ip[","44","7435399559","","","User",""
"anil's rose","thtikmjugf","91","9501831581","","","User",""
"raman kour ","fukftthh","91","8979132143","","","User",""
"Hetvi94","panwalahetvi16@gmail.com","91","8758254494","","","User",""
"Prajakta Nikam","prajaktanikam265@gmail.com","44","7587672721","","","User",""
"Zair khan","Zairkhan22@gmail.com","44","7523340535","","","User",""
"yogesh","9306855656@","91","9306855656","","","User",""
"Shebin Mulloorath Shaji","Shebinmsmulloorath@gmail.com","49","17671998421","","","User",""
"Anand 3220","15781303220@","49","15781303220","","","User",""
"Miss Renata Toth","t.rena1989@gmail.com","44","07762202307","","","User",""
"Tanmay P Nagane","TanmayPNagane@gmail.com","91","8888870828","","","User",""
"user7149","adithyalakshmi001@gmail.com","91","8086577149","","","User",""
"Navdeep kour ","ykukoil","44","7825152859","","","User",""
"Aeshah Sumayli","aiyosh08@hotmail.com","966","555767136","","","User",""
"Sourav Gupta 772","W1856654@my.westmimster.ac.uk","91","9668085772","","","User",""
"Damanpreet Kaur","damanpreetkaur5566@gmail.com","91","7087229107","","","User",""
"Aashu Poonam Brother","7824559557@","44","7824559557","","","User",""
"Omar","Omar","49","17632321728","","","User",""
"Kiran Deep 81","Kirandeep2546@outlook.com","91","8146478441","","","User",""
"Naval Savaliya Patel new","7776847444@","44","7776847444","","","User",""
"Geanina Chelaru","aurora.geanina@yahoo.com","44","7704500204","","","User",""
"SHINU LUKOSE","Shinulk90@gmail.com","91","7356861717","","","User",""
"Rasooluddin Shaik","srrawtherl@yahoo.com","973","36073545","","","User",""
"gk 777","brtgbt","44","7776672149","","","User",""
"Bharath Vujjini","eferv","44","7442552866","","","User",""
"new 738","fergrh","44","7383511531","","","User",""
"Mehrafarin","7983 862025","44","7983862025","","","User",""
"Navita","34rf45","44","7469592639","","","User",""
"Mahmoud EL Chouly","mahmoudelshouli@gmail.com","44","7570668233","","","User",""
"Monica Ajakpovi ","ralu4real@gmail.com","44","7554831890","","","User",""
"Dr Shilpa","7459174665@","44","7459174665","","","User",""
"Hrithik Saji","hrithiksaji@gmail.com","91","9605109865","","","User",""
"Haneet Kaur","hunny.haneetkaur@gmail.com","44","7897415718","","","User",""
"Nazrana Patel","nazpatel230599@gmail.com","44","7825330501","","","User",""
"Emmanuel Francis","Emmanuelofrancis@gmail.com","44","7709942098","","","User",""
"User 68948","68948@","44","7469268948","","","User",""
"Tom Hickey","galexpicard@gmail.com","21","488647094","","","User",""
"Muhammad Adnan","Ch.adnan1111@gmail.com","44","7897677738","","","User",""
"Prabhdeep Singh","98144 56409@","91","9814456409","","","User",""
"Elena Livadaru","Elenaliv887@gmail.com","44","7586272492","44","7586272492","User",""
"Vishal Pillai","9840663863@","91","9840663863","","","User",""
"Irfan Ullah Khan","Undroste123@gmail.com","91","9986012380","","","User",""
"IZZIE93","lisalizzie10@gmail.com","44","7479412593","","","User",""
"user 742","7423 667787","44","7423667787","","","User",""
"Adejoke","adejoke_soyombo@yahoo.com","234","8183432381","","","User",""
"A Zamfir","crissu399@gmail.com","44","7737332455","","","User",""
"Jatinder khalsa","jatinderkhalsa14@yahoo.com","44","7514305454","","","User",""
"Gabriel","g7.munteanu@gmail.com","44","7723792108","","","User",""
"Alexander Tila","bogdantila26@gmail.com","44","7402787227","","","User",""
"Sumil James","Sumiljames3@gmail.com","91","9846215283","","","User",""
"Gorillas Rider","jetmeal@yahoo.com","44","7523827966","","","User",""
"Rao Jyoti","jyotiyadav052003@gmail.com","91","8905597097","","","User",""
"Alin 81","7340529481@","44","7340529481","","","User",""
" Adesanaya Aderonke","aderonkeadesanaya@gmail.com","44","442552","","","User",""
"Adenike Jenrade","kajenrade@gmail.com","44","4445555","","","User",""
"Ali 100","7588140100@","44","7588140100","","","User",""
"Bhuvaneshwari","rojacse10@gmail.com","91","8754922407","","","User",""
"Elena Ramona","Chihaiauk@gmail.com","44","7404916339","","","User",""
"Ashu A","moicastle@gmail.com","91","9536110011","","","User",""
"Aastha kapoor","thytjyuj","91","8968827847","","","User",""
"Rohini","Samritik1@gmail.com","91","9216271999","","","User",""
"user0148","54hyhy","44","7449340148","","","User",""
"alan reji","alanreji457@gmail.com","91","7012975457","","","User",""
"Tessy","osatessy2018@gmail.com","91","7045004079","","","User",""
"Rimit Panchal","trgy6785","44","7404660644","","","User",""
"Miss Adriana A Niculescu","Adriana_niculescu@hotmail.co.uk","44","7934456404","","","User",""
"ParyatnKomi","44ertghrthyu","44","7448006749","","","User",""
"user8639","7kl;uj78o","91","9998488639","","","User",""
"John kamaljeet kour","kamaljainit4@gmail.com","91","9018057790","","","User",""
"Harshit Mathur","harshitmathur3555.hm@gmail.com","49","15906846410","","","User",""
"Harry Willis","Harryewillis@gmail.com","44","7736739012","","","User",""
"Gurpreet kaur 74","7423490741 @","44","7423490741","","","User",""
"Tajinder","1999tajindersingh@gmail.com","44","7404823924","","","User",""
"Karmbir Singh","Karmbirsingh180@gmail.com","44","7442671233","","","User",""
"Anu","Anu23@gmail.com","91","7349338524","","","User",""
"Baljinder Kaur","9592672401@","91","9592672401","","","User",""
"Preet Reena's Friend","chanda14797@gmail.com","91","9592641323","","","User",""
"parwinder Gill","7898471450@","44","7898471450","","","User",""
"Joel Tom Panikkaran","panjikaranjoel@gmail.com","44","7824047975","","","User",""
"Md. Aamir","helalahmed23@yahoo.com","44","7403884678","","","User",""
"Ajith","ajithshanmugam34@gmail.com","44","7405909872","","","User",""
"Shaikh Kashaf","shaikhkashaf3871@gmail.com","44","7442021844","","9075062048","User",""
"Mandeeplove","Mandeeplove","44","7825816118","","","User",""
"BajwaHartej","bajwahartej@gmail.com","91","9803905020","","","User",""
"Alex Augustine","alexaugustinekaruvelil@gmail.com","44","7423241856","","","User",""
"poonam khatri","khatricynthia@gmail.com","91","9807455134","","7585847167","User",""
"Nikolay 75","boqtawe@gmail.com","44","7592562069","","","User",""
"Stephen antony","stephenantony1998@gmail.com","49","1787541726","","","User",""
"User 79914","7856279914@","44","7856279914","","","User",""
"Safalta Deuja","7585818284@","44","7585818284","","","User",""
"shreyas yadav","shreyas.yadav.hecs@gmail.com","49","17670184794","","","User",""
"Aurelia Pandele","Lya_4_samir@yahoo.com","44","7308114730","","Na","User",""
"Rickpreet","Inderpreetmatharoo24@gmail.com","44","7494776190","","","User",""
" asongwe flora","asongweflora@yahoo.com","44","7494258210","","","User",""
"Osama Khan","Okswabi@gmail.com","44","7943552865","","","User",""
"Baciu Florin","fbaciu665@gmail.com","44","7384193009","","3489630660","User",""
"Gurpreet Kaur 78","gurpreet297k@gmail.com","44","7824612549","","","User",""
"Mahfila","mmahfilamahjabeen@gmail.com","44","7459737620","","","User",""
"ravalikaboju","7360 057699","44","7360057699","","","User",""
"Toksy","tokoni1995@gmail.com","91","9026235346","","","User",""
"Haseeba Nazir","7810628182@","44","7810628182","","","User",""
"Obikwue chukwuemeka christian","Emekaobikwue@gmail.com","44","7404840544","","","User",""
"Paria Nosrati","paria.nosrati.93@gmail.com","44","7851147570","","","User",""
"Valentina12","valentinavalentina2990@gmail.com","44","7401804312","","","User",""
"Mamta886","7401228886@","44","7401228886","","","User",""
"Jotan Randhawa","7508224326","91","7508224326","","","User",""
"Khan Rumon","fahmida.yeasmin3324@gmail.com","44","7405037901","","","User",""
"Talha Shahnawaz","7956987439@","44","7956987439","","","User",""
"Sandeep Kaur Badwal","badwaldeepcaur1234@gmail.com","44","7459186680","","","User",""
"Mahith Bsbi ain","5342494@","49","15215342494","","","User",""
"SP ","SP@gmail.com","44","7459666084","","","User",""
"Adarsh babukuttan","Adarshbabu17@gmail.com","91","9656168083","","","User",""
"Madhuri Dosala","madhuarch@gmail.com","44","7442007493","","","User",""
" simarjeet","simarjeet.oiec@gmail.com","44","7405231235","","","User",""
"jerin1024","jerin1024@gmail.com","91","7907784728","","","User",""
"Jannat","Jannatgrover@hotmail.com","44","7878730783","","","User",""
"Thelma ","thelmaobiekea@gmail.com","44","7708159830","","","User",""
"negrean camelia","negreancamelia@yahoo.com","44","7748836769","","","User",""
"Aleksandra Besong","aleksandrabesong@outlook.com","44","7963559062","","","User",""
"Olugbenga","bammeke75@gmail.com","234","8151548419","","","User",""
"VINAYAK odayal raghunathan","vinayak99991@gmail.com","44","7587652000","","","User",""
"Mary Saroja Sritharan","maryviolin2004@gmail.com","44","7539273640","","","User",""
"Syed Tanbhir","Syed Tanbhir","44","7918088062","","","User",""
"User236","8567836236@","91","8567836236","","","User",""
"Maryam Nasar","maryamnasar29@gmail.com","44","7903880117","","","User",""
"Rafay Malik","rafay23021998@gmail.com","44","7780253507","","","User",""
"neha w panicker","nehawpanicker@gmail.com","91","9740313604","","","User",""
"Ahmed Musa","Musaa0524@gmail.com","44","7715023729","","","User",""
"Bilal Khan","bk8372673@gmail.com","44","07377180794","","","User",""
"Romanpreet Singh","9915024127@","91","9915024127","","","User",""
"Navkiran Kaur","im.gpreet@gmail.com","44","7360335209","","","User",""
"Jerry","Jerryodukoya00@gmail.com","44","7741460278","","","User",""
"Maria Daniela","ditoiumariadaniela@yahoo.com","44","7808859873","","","User",""
"Andreea Georgeta Stanescu","andreea120985@yahoo.com","44","7933094098","","","User",""
"Padamajan Sbabbu","padmajansbabu@gmail.com","91","9495540176","","","User",""
"Aaron fernandes","aaronfern2002@gmail.com","44","7587907850","","","User",""
"Dhj","sabbbhullar786@gmail.com","91","9592693191","","","User",""
" jaswinder 92","7763 720592@","44","7763720592","","","User",""
"Syedz 250","Syedz@","91","9502320250","","","User",""
"New Client 9941","429941@gmail.com","44","7861429941","","","User",""
"kevine Nsangu","kevinensangu@hotmail.com","44","07488394851","","","User",""
"Sonika Simar","Sonikasimar@gmail.com","44","7577901495","","","User",""
"Pranot Pote","Pranodonline@gmail.com","91","7887837731","","","User",""
"Navpreet kaur","navpreetkaur49659@gmail.com ","44","7466659783","","","User",""
"user5909 ","7385595909@","44","7385595909","","","User",""
"Rimsha~","Rimshaliaquat1997@gmail.com","44","7883841740","","","User",""
"JIBIN Raju","jibinraju068@gmail.com","44","7776812393","","","User",""
"Gurshirman","gurikdhaliwal1999@gmail.com","44","7440423940","","","User",""
"Sandra Saiju","8943705668@","91","8943705668","","","User",""
"Harpreet kaur 098","Kaur098harpreet@gmail.com","44","7776811856","","","User",""
"Aleena Mariam Raji","anumariamreji26@gmail.com","44","7407838474","","","User",""
"Alisha Mainali","mainaleealysha@gmail.com","44","7851287242","","","User",""
"Olajumoke","joanolaoye@yahoo.com","234","7034962061","","","User",""
"Karandeep Singh Barar ","Love081141@gmail.com","44","7552785386","","","User",""
"Vamsi priyanka","93463 77271@!","91","9346377271","","","User",""
"TZL 08","TZL@","44","7342798808","","","User",""
"kawalpreet 19","9530851819@","91","9530851819","","","User",""
"Revathy","fvfrtgtg","91","9739421305","","","User",""
"Anoop Pulinthanathil","Anoop Pulinthanathil","91","8891608278","","","User",""
"Rohit 827","7471043827@","44","7471043827","","","User",""
"Preet kaur ","8727059752@","91","8727059752","","","User",""
"Rehan Ali","7743737424@","44","7743737424","","","User",""
"Hemanth Ganesh","hemanthganesh78@gmail.com","91","9447586276","","","User",""
"Catalina Gancila","kataandi@yahoo.com","44","7739382320","","","User",""
"Nicolae Cristian","aluna_nicu@yahoo.com","44","7424708200","","","User",""
"Valerija Glusakova","valerija0625@gmail.com","44","07985453383","","","User",""
"Alsu Gimranova","wdvrk@bk.ru","44","7495528747","","","User",""
"Shabu 66","shahabas01010@gmail.com","91","8606647766","","","User",""
"gurjinder singh 23","gurjinder.singh.sohal@gmail.com","91","8198804823","","","User",""
"Nithin Moly kutty Dharma das","nithinmd17@gmail.com","91","9072258210","","","User",""
"Valerie","osoatavalerie@gmail.com","44","7594440527","","","User",""
"Sumanpreet Kaur","7435431199@g","44","7435431199","","","User",""
"Divyani Rathore","bhatidivyani@gmail.com","44","7440083641","","","User",""
"Vishnu Vijayan","Vish_nu.v@yahoo.com","44","7880860940","","","User",""
"Daljeet Kaur","7438027138@","44","7438027138","","","User",""
"Abu Talha","abutalha1530@gmail.com","44","7448639198","","","User",""
"Jatinder kaur","jkaurjatinder567@gmail.com","44","7459774019","","","User",""
"Veerpal Kaur Dhillon","veerpaldhillon1993@gmail.com","91","9551354000","","","User",""
"Abimbola Omoniyi","AbimbolaOmoniyi@sd","234","9043254680","","","User",""
"Rajbir Kaur Sandhu","rajbir.kaur928@gmail.com","44","7407780809","","","User",""
"Jadeel Abdul salam","Jadeel008@gmail.com","44","7423601484","","","User",""
"Catalina Alexandra 7","user724476215@gmail.com","27","724476215","","","User",""
"Juliet Shaiju","shaijujuliet@gmail.com","91","6235737157","","","User",""
"Sagar Rajput","Sagar150899uk@gmail.com","91","7837557087","","","User",""
"gaurav bangera","gauravbangera703129@gmail.com","44","7423554438","","","User",""
"Cristina Bleahu","Ioana100189@yahoo.com","44","7904047380","","","User",""
"Martin","amaechionyedikachi54@gmail.com","44","7424849083","","","User",""
"Pawan Punia","9468155557@","91","9468155557","","","User",""
"Beeja ram","8708283410@","91","8708283410","","","User",""
"Bukola","8065575949@d","234","8065575949","","","User",""
"kalpit patel","kalpitpatel@gmail.com","91","9714683498","","","User",""
"Parvathy Jayan","parvathyjayan39@gmail.com","91","9946445576","","","User",""
"Yannick Anayo Chimo NDOKO","Chimoyannick11@gmail.com","44","7534841542","","7904814721","User",""
"karthikeyan","karthikeyan.microice@gmail.com","44","7776632791","","","User",""
"Jahangir Alam","7459475279@","44","7459475279","","","User",""
"Rajshree Rana","rajshreerana01@gmail.com","44","7888267384","","","User",""
"Sunny Riat","sunnyriat1990@gmail.com","44","7826257057","","","User",""
"Carmen Virlan","virlancarmen81@gmail.com","44","7467511392","","","User",""
"Sahiyan ","sahiyansulfiker031@gmail.com","91","9048570433","","","User",""
"Adarsh","adarshp8888@gmail.com","91","7012755423","","7442774425","User",""
"amal johns","amaljohns123@gmail.com","91","9495227324","","","User",""
"Chandu","chandrasekharreddypeechari@gmail.com","44","7404795383","","","User",""
"Christopher Echebe","christopherechebe@gmail.com","44","7443087864","","","User",""
"Cornelia Mihalcea","Cornelia.ceb@gmail.com","44","7470146560","","NA","User",""
"Abi","abinusha2909@gmail.com","44","7939834505","","","User",""
"Twinkle Geo","8590788407@","91","8590788407","","","User",""
"Becca","fasiperebecca@gmail.com","44","7469336440","","","User",""
"Sachinss","Sachinss32125@gmail.com","91","8194994996","","","User",""
"Angela","angelaidumwonyi2021@gmail.com","91","9050005739","44","7470564242","User",""
"Eben","9496485843@","91","9496485843","","","User",""
"Himathsree KODALI","Himasree528@gmail.com","91","8095161115","","","User",""
"Adon","ajudejoshy@gmail.com","44","7435390208","101","9745800341","User",""
"Parmjeet Kaur","rs2047478@gmail.com","44","7776801794","","","User",""
"Amulya Joseleen","callumjoefa@gmail.com","44","7825615688","","","User",""
"Jaspinder71","Jaspinder71@","91","7528002171","","","User",""
"Jagan Jino","jibinjagan10@gmail.com","91","9048942699","","","User",""
"Divya Kommaraju","divyakommaraju90@gmail.com","44","7417546244","","","User",""
"Seyi","Tcnfoo6@gmail.com","44","7732112946","","","User",""
"Stemate Alexandra","alexandrastemate110@yahoo.com","44","7405677692","","","User",""
"User00","@","44","123455","","","User",""
"Sneha Sabu","snehasabu250@gmail.com","91","9113607901","","","User",""
"Swati Chouhan","Swati10chouhan@gmail.com","44","7466585024","","","User",""
"Harry 87788","ghuman413@gmail.com","44","6887788","","","User",""
"Sai Teja ","7741818271@","44","7741818271","","","User",""
"Ugochi Nwanyioma","Ugochi.nwanyioma@gmail.com","234","8060908705","","","User",""
"Ruchi Patel","ruchip2107@gmail.com","91","7283884114","","","User",""
"Aravind Ashok","aravndashok@gmail.com","44","7436943526","","","User",""
"Jessie","Jessie@gm","44","7898837403","","","User",""
"User086","7837051086@gmail.com","91","7837051086","","","User",""
"Aqib Khan","aqib7891@gmail.com","44","7851863654","","","User",""
"Jitty chackochan 1996","vvrgthtynb","44","7425691854","","","User",""
"Reshma Radhakrishnan","7587900455@","44","7587900455","","","User",""
"User025","17668375025@","49","17668375025","","","User",""
"User708","7086023883@","91","7086023883","","","User",""
"User852","85288 45493@","91","8528845493","","","User",""
"User176","176 22906354@","49","17622906354","","","User",""
"digiya","digiya121@gmail.com","44","7442565148","","","User",""
"User 74","7442674844@g","44","7442674844","","","User",""
"Bibin","7888679762@","44","7888679762","","","User",""
"Benji baby","bbenji60@yahoo.com","971","563118303","","","User",""
"Franklin 73","7377974373@","44","7377974373","","","User",""
"User78","7824 045537@","44","7824045537","","","User",""
"User 805","8054843839@","91","8054843839","","","User",""
"Abhisek sengupta","abhiseksngpt@gmail.com","91","9748343293","","","User",""
"Saraswati Lohar","Saraswati","44","7440400517","","","User",""
"Mounika","7442626131@","44","7442626131","","","User",""
"M Yalley","Margaretyalley@hotmail.co.uk","44","7828080021","","","User",""
"Anna Nikoghosyan","Ann.nikoghosyan96@gmail.com","353","894459968","","","User",""
"Mohamed B","Mooreasap0@gmail.com","44","7960088358","","","User",""
"Bunny Sai ","saiprakashrajusarikonda@gmail.com","44","7496276929","","","User",""
"Aksa","Aksasaini@gmail.com","44","7538810976","","","User",""
"Karnbir singh","bhangukarn@gmail.com","91","9653370387","","","User",""
"aysha morshedunnabi","ayshamorshedunnabi@gmail.com","44","7404105524","","","User",""
"Umair27","muhammadumairniaz83@gmail.com","44","7417421027","","","User",""
"Krishna Mote","kmote4777@gmail.com","44","6736165161","","","User",""
"KAUR73","Parabhsimrank@gmail.com","91","7357703516","","","User",""
"Gurpreet layal","Gurpreetlayal16@gmail.com","44","7405226721","","","User",""
"JAS","Jaseerpp786@gmail.com","91","9526134589","","","User",""
"Palvitar Bhinder","palvitar2000@gmail.com","44","7417422135","","","User",""
"Annuzz","annmariya1210@gmail.com","44","7442654350","","","User",""
"sharukh","sharukheco1234@gmail.com","44","7442697647","","","User",""
"Ananya Roy Chowdhury","ananyaroychowdhury006@gmail.com","44","7824071836","","","User",""
"Diya Baweja","bawejad3@gmail.com ","49","15202553428","","","User",""
"Andreea Iftime","andreea_iftime@yahoo.com","44","7736818866","","","User",""
"Jephin","Jephin9991@gmail.com","91","7558979235","","","User",""
"User386","7356645386@","91","7356645386","","","User",""
"Wale showale","Adewaleshowale@gmail.com","44","7360735299","","","User",""
"PawanDheeraj","pk3635680@gmail.com","44","7423712558","","","User",""
"Sima kadirzadeh","7403553748@","44","7403553748","","","User",""
"Abhirami Anilkumar","abhiramianil9211@gmail.com","91","9645669638","","","User",""
" Riya Kulkarni","Kulkarniriya11@gmail.com","91","9050444466","","","User",""
"Gagan","gagandeepkaursidhu56@Gmail.com","91","8437128442","","","User",""
"Avish Jose","Avishjose96@gmail.com","91","9745137791","","","User",""
"Vlad 74","7466587113@","44","7466587113","","","User",""
"Hamza Gujrat","HamzaGujrat@","44","7877813655","","","User",""
"Advaith","7012608470@gmail.com","91","7012608470","","","User",""
"Adi Cioroiu","Cioroiuadi25@gmail.com","44","7424581084","","","User",""
"Sehaj","Sehaj@gmail.com","44","7707810430","","","User",""
"New user 0268","7448500268@gmail.com","44","7448500268","","","User",""
"Palak Baheti ","bs201289@qmul.ac.uk","44","7826343542","","","User",""
"Prabh Sandhu","prabh7525@gmail.com","44","7555094100","","","User",""
"shabnam sharma","shabnamsharma@rvr","91","9478301633","","","User",""
"RaMaN SoDhI ","ramandeepkaur312001@gmail.com","44","7466517361","","","User",""
"Sam","sdanbemi@gmail.com","44","7471165818","","","User",""
"Shikha Saju","8281916471@gmail.com","91","8281916471","","","User",""
"GurMan","7377467198@gmail.com","44","7377467198","","","User",""
"Manjit","Manjit@gmail.com","44","7776669605","","","User",""
"Dutta Nishant","DuttaNishant23@gmail.com","49","15739732250","","","User",""
"Andreea  boltasiu","Andreeaboltasiu@yahoo.com","44","7745019544","","","User",""
"Bhavya S","bhavyaclt@gmail.com","44","7776605729","","","User",""
"Ramakrishnnan Raman","ramar1004@yahoo.com","44","7498461629","","","User",""
"Bhanuchander","Gandikotabhanuchander677@gmail.com","44","7467154563","","","User",""
"Supritha","supritha.jf@gmail.com","44","7825076745","","","User",""
"Simu","7442671870@gmail.com","44","7442671870","","","User",""
"Fahmeda Asrafie","7511753093@gmail.com","44","7511753093","","","User",""
"Lilly","lilianacostache05@gmail.com","44","7724938293","","","User",""
"Paul P Eldhose","parunthumkuzhiyileldhosepaul@gmail.com","44","7776694713","","","User",""
"Damilare","Enogieruadesuwa600@gmail.com","91","8138956550","","","User",""
"JIBIN J JOHNY","12@gmail.com","49","15171022107","","","User",""
"User 69501","7765469501@gmail.com","44","7765469501","","","User",""
"Adrian Serban","Serbanescuadr47@gmail.com","44","7471084949","","","User",""
"Ravneet Kaur 830","ravneetkur830@gmail.com","91","9501896553","","","User",""
"Shivani Mistry","7446808508@gmail.com","44","7446808508","","","User",""
"Alin Bilboc","Alinbilboc@gmail.com","44","7551597713","","","User",""
"Yinka","yinkaolabowale@gmail.com","234","8057333252","","","User",""
"Antony Xavier","antonyxavier175999@gmail.com","91","8078334273","","","User",""
"Kelechi","Kellyangel24@gmail.com","44","7404886240","","","User",""
"Tanmay Modi","moditanmay55@gmail.com","91","7827712168","","","User",""
"Addico","7828820806@gmail.com","44","7828820806","","","User",""
"Arun pavithran 152","arunpavithran101@gmail.com","49","15214136789","","","User",""
"Murtaza DJ","djmurtaza@mail.com","44","7417487750","","","User",""
"Priyanka 123","priyaladhar123@gmail.com","44","7747727913","","","User",""
"Nithin Baby","NithinBaby@","49","15737973189","","","User",""
"Arpit Walia","arpitwalia.1993@gmail.com","91","8077919736","","","User",""
"Josephine","josephinejose@outlook.com","91","9539883858","","","User",""
"Ramunas Jundulas","ramunas.jndls@gmail.com","44","7555530707","","","User",""
"Subin","Subin@gmail.com","91","9207182045","","","User",""
"Kishan Patel","kishanpatelthree@gmail.com","44","7459399107","","","User",""
"Deepanshi Raikwar","raikwar0808@gmail.com","44","9755408806","","","User",""
"Jurate Vitkauskaite","JurateVitkauskaite@gmail.com","44","7854242471","","","User",""
"Alina dinu","dinualina14198@gmail.com","44","7440369565","","0","User",""
"Johny Joy","Jo835809@gmail.com","44","7733835809","","","User",""
"Saif Islam","SaifIslam23@gmail.com","44","7404563062","","","User",""
"Peachy","oeseohe@gmail.com","44","7897847459","","","User",""
"Vivek Dhameliya","vivekdhameliya2611@gmail.com","44","7880205813","","","User",""
"Razvan Ionut","Irazvan309@gmail.com","44","7498598205","","","User",""
"Emmanuel 70","okonkwoemmanuelugochukwu@gmail.com","91","7067093207","","","User",""
"ALAN","alanalanjoy7@gmail.com","91","7594850801","","","User",""
"Sakshi Mittal","Sakshimittal2013@yahoo.com","91","9991110541","","","User",""
"Sophie","omoregiesophia49@gmail.com","44","7368516746","","","User",""
"STANLIN JOSEPH","jstalin921@gmail.com","91","8113033306","","","User",""
"Favor","Macaulayosasu@gmail.com","91","8082303095","","","User",""
"Sunil Kumar Thapa","sunilthapa0108@gmail.com","91","8427290365","","","User",""
"Heyden","Shamimpr@hotmail.com","44","7432021425","","","User",""
"MR Extinct","7587916363@gmail.com","44","7587916363","","","User",""
"Prabhakaran","prabha141194@gmail.com","44","7776676363","","","User",""
"Tejasree chava","Tejasree chava@","91","8897078888","","","User",""
"Robert Jose 02","RobertJose@","91","8050301302","","","User",""
"Mahesh 4","maheshkrishhari@gmail.com","44","7776670343","","","User",""
"Maria Grigoran","7555539476@","44","7555539476","","","User",""
"Syed Shoaib 16","syedshoaib3b2@gmail.com","91","8555822216","","","User",""
"Manpreet Kaur 84","Preetkaurgill68@gmail.com","44","7448285784","","","User",""
"Ravinder Kaur Virk","ravinderkaur922@yahooo.com","44","7824045619","","","User",""
"Komal 77","Komalpreetkaur498139@gmail.com","44","7776672028","","","User",""
"Lola Pellakuru","lolareddypellakuru@gmail.com","44","7592662912","","","User",""
"Akshay Pallithazha","apakshaypt8@gmail.com","91","9847274644","","","User",""
"Pavan k","7829069232@","91","7829069232","","","User",""
"kikirewa","kikirewa08@gmail.com","234","8066253243","","","User",""
"lijo tj","lijotj1997@gmail.com","91","7510268597","","","User",""
"bindu srinivasreddy","bindusrinivasreddy05@gmail.com","44","7442032727","","","User",""
"Samuel Albu","samuel_albu@yahoo.co.uk","44","7751205248","","","User",""
"Maddi damiani","damianim1997@libero.it","44","7804431064","","","User",""
"Shivani 984","Shivani984@gmail.com","91","9599514984","","","User",""
"Yashwanth Bettathalli ","yashwanth98bs@gmail.com","44","7824186510","","","User",""
"Kasuwa","7312 814509","44","7312814509","","","User",""
"Magda Milca","MagdaMilca23@gmail.com","44","7469523922","","","User",""
"Sana ","Sangeethagmenon@gmail.com","44","7879910566","","","User",""
"Petrana Lazarova","petrana.lazarova1982@gmail.com","44","7596464065","","","User",""
"Amina","Ammynah02@yahoo.com","44","7859458504","","","User",""
"Akshay 17","17635863441@gmail.com","49","17635863441","","","User",""
"Pems","thomaspemo@yahoo.com","234","9044361134","","","User",""
"MHU ","8499050341@gmail","91","8499050341","","","User",""
"Bhagirathi Hamal","bhagirathihamal66@gmail.com","3","7547852722","","","User",""
"Nancy","nancygoel1008@gmail.com","44","7459490078","","","User",""
"Poonam hans","Poonamhans93@gmail.com","91","9068900069","","","User",""
"Birute Arbatauskaite","arbatauskaite@yahoo.co.uk","44","7936439257","","","User",""
"Virginus Jideofor","7729898170@gmail.com","44","7729898170","","","User",""
"Cipriana Ciobanu","Cipriana.cici@gmail.com","44","7951555722","","","User",""
"Salif","Salifraohussain@gmail.com","44","7950449330","","","User",""
"Sher singh","82359","44","7448182359","","","User",""
"Akila","9080619499","91","9080619499","","","User",""
"Nani","7435 860985@gma","44","7435860985","","","User",""
"Anmol 063","anmolq46@gmail.com","44","7361091063","","","User",""
"Amandeep 06","4728amandeep@gmail.com","91","8699248906","","","User",""
"rajnivir Di","rajnivirdi6593@gmail.com","91","7508989294","","","User",""
"Bijay Kumar","giribijaya1104@gmail.com","44","7585895647","","","User",""
"Ranya","Ranya@gmail.com","44","7389777089","","","User",""
"Rimendra Malla","7585 837926@gmail.com","44","7585837926","","","User",""
"Amolya Chauhan","AmolyaChauhan@gmail.com","44","7824813065","","","User",""
"Parvati 75","parukhd@gmail.com","44","7585724206","","","User",""
"Azeez","7951698504@gmail.com","44","7951698504","","","User",""
"Parvathy Sreeletha","Parvathymohan1994@gmail.com","91","9605675230","","","User",""
"Suman","7589754427@gmail.com","91","7589754427","","","User",""
"Lawrence","ldetim@icloud.com","44","7415908003","","","User",""
"Gurpreet Guri","Sidhuguri727@gmail.com","91","9530987512","","","User",""
"Arpit Rimza","Camouflage@gmail","91","8269959093","","","User",""
"Sufian","Sufian@gmail","44","7740788148","","","User",""
"Mercy 234","Mercym62@yahoo.com","234","7046902348","","","User",""
"Adam B Transfer","hcentreng@gmail.com","91","9016761066","","","User",""
"Amarjit kaur ","200amarjitkaur@gmail.com","91","7658886055","","","User",""
"Abukar Bala","8065392195@gmail.com","234","8065392195","","","User",""
"Segun Olaniyan","olaniyanboluwatife@gmail.com","971","525336814","","","User",""
"Mrs. Chiomoa","talk2winny28@yahoo.com","234","8067377386","","","User",""
"Muhammed Anas","muhammedanas1309@gmail.com","91","9846064172","","","User",""
"Nisha Karakoti","nishakarkoti16@gmail.com","44","7423676847","","","User",""
"Neha yadav","nehayadav5911@gmail.com","91","9781004187","","","User",""
"Harbans Lal","hlal74209@gmail.com","91","8725942144","","","User",""
"Nikhil Nair","NikhilNair@gmail","91","9645796934","","","User",""
"kiran","9949021929@","91","9949021929","","","User",""
"Sammed","sammedgani2@gmail.com","44","7435399631","","","User",""
"Amna Kamran","amnakamran99@hotmail.com","44","7387971043","","","User",""
"Vineeth","Vineeth@gmail.com","44","7459475643","","","User",""
"New  17629916112","Newuser@gamil.com","49","17629916112","","","User",""
"Gagneet Kaur","GagneetKaur@gmail.com","91","9041204559","","","User",""
"Bhavana 75","bhavanasuresh2018@gmail.com","91","7559914375","","","User",""
"Femi Sami","Sami.oluwafemi@gmail.com","44","7915064257","","","User",""
" Ibukun Ogunjobi","ibukunogunjobi@gmail.com","91","7085208090","","","User",""
"blossom kiki ","blossomkiki08@gmail.com","44","7459297066","","","User",""
"Adebimpe Jinadu","armff1953@gmail.com","44","7548975623","","","User",""
"Chirsto ","christellechriss107@gmail.com","44","7783122523","","","User",""
"Taimoor Baig","Mtbaig125@gmail.com","44","7883388897","44","7861634440","User",""
"Adaobi kadara","Jamesadaobi16@gmail.com","44","7415763058","","","User",""
"Sagun khadka","Sagunkhadka2@gmail.com","44","7428535864","","","User",""
"Shahabas Sheik","Shahabassheik89@gmail.com","91","9061441648","","","User",""
"Mercy","7498652305@gmail.com","44","7498652305","","","User",""
"Samira","samirahbawuro@gmail.com","44","7436568610","","","User",""
"Patel Nanu","Patel.nanu1@gmail.com","91","9624257176","","","User",""
"Lateefat","chatwitlara@yahoo.com","44","7466199874","","","User",""
"Aakash Atre","aakashatre99@gmail.com","91","9673661804","","","User",""
"Sirat Sharma","sunitasharma8427@gmail.com","91","8360451991","","","User",""
"Ramona Alexandru","alex_spartakus494@yahoo.com","44","7516788111","","","User",""
"9052556325","@56325gmail","91","9052556325","","","User",""
"Dilma Lopes","Dilmavieira1@hotmail.com","44","7496466956","","","User",""
"amansandhu1124","amansandhu1124@gmail.com","91","7740041795","","","User",""
"Kevwe","Mercyadarighofua@gmail.com","234","8035988692","","","User",""
"Shivang Kaura","Shivangkaura22@gmail.com","44","7938438406","","","User",""
"Alex","alexu_ale_ale@yahoo.com","44","7459915725","","","User",""
"Nabin Yadav","nabinyadav2678@gmail.com","44","7585698316","","","User",""
"Aashish S Nair","asnasn2021@gmail.com","44","7776644274","","","User",""
"Hasan","annhassanraza@gmail.com","44","7947419131","","","User",""
"marium isumi","mariumisumi@gmail.com","39","3924889585","","","User",""
"Dilpreet Badwal","dilpreet.01996@gmail.com","91","7719603176","","","User",""
"aeshu","aeshaasangani@gmail.com","44","7384857402","","","User",""
"Nitty Kiran","7776603557@gmail.com","44","7776603557","","","User",""
"Damansingh","Damansingh171993@gmail.com","91","9878838686","","","User",""
"Saada Omar","Saadaomary82@gmail.com","44","7404329867","","","User",""
"Nirmit Shah","nirmitshah17@gmail.com","44","7459156902","","","User",""
"Ivelina Iskarova","Ivelinaeqka@gmail.com","44","7595500576","","","User",""
"Gloria","utam.gloria@yahoo.com","44","7735835604","","","User",""
"Balveen Kaur","kaurbalveen@yahoo.com","91","09814170828","","","User",""
"Manpreet Mangat","manpreet16097@gmail.com","44","7909400717","","","User",""
"Oyindamola Afolayan","Akinbohuntomide@gmail.com","44","7944247941","","","User",""
"Daniel Ide","@gamil","44","7745875928","","","User",""
"Ahmed Lawati","AhmedLawati@gmail.com","968","96663033","","","User",""
"Madhu 12","tharunyamadhu1231@gmail.com","44","7775603623","","","User",""
"Nithin Goli","gsnbunnynithin@gmail.com","49","15166266221","","","User",""
"Andy","Andy@dewd","234","8159579915","","","User",""
"Franklin","frankforil2005@yahoo.com","44","7891194105","","","User",""
"Maninderpal Singh","Singhsmaninderpal2233@gmail.com","91","6283725599","","","User",""
"Adriana Panduta","panduta.biersack@gmail.com","44","7838091199","","","User",""
"Dhanush rajkumar","dhanushrajkumaruk@gmail.com","91","7299010951","","","User",""
"nayana babuji","nayanababuji165@gmail.com","91","9446343165","","","User",""
"Mariana Murat","mariana79burlan@yahoo.com","44","7852885473","","","User",""
"Alicia","7510745585@gmail.com","44","7510745585","","","User",""
"Harsh Thakur Dadhwal","dadhwal02harsh@gmail.com","44","7469260498","","","User",""
"Junaied Mahmud Sefat","Sefatmahmud13@gmail.com","44","7459471008","","0","User",""
"Inderpreet Singh","harkiratkaur833@gmail.com","44","7888390773","","","User",""
"Rita Owusu","ritaowusu268@gmail.com","44","7448487491","","","User",""
"Virk","ravinderkaur922@yahoo.com","91","8195090510","","","User",""
"Giorgio","Exel84gio@gmail.com","44","7917448258","","","User",""
"Iliyana 01","siniochi_86@abv.bg","44","7875211641","","","User",""
"Roxana Corfala","rcorfala@gmail.com","44","7398816443","","","User",""
"Gina","ginakemo@yahoo.com","44","7513142301","","","User",""
"Adeyinka","Yinkaajayi91@gmail.com","44","7903515921","","","User",""
"Raj Chauhan","RajChauhan23@gmail.com","44","7404373148","","","User",""
"Ritika Bhatia","ritikabhatia1964@gmail.com","44","7576498858","","","User",""
"Navdeep Kaur","nk5894782@gmail.com","91","7986081767","","","User",""
"Renuka Naidu","Naidurenuka879@gmail.com","91","9850997528","","","User",""
"Manu","saran2001preet@gmail.com","44","7312532859","","","User",""
"Kiran heer","Kiranheer123@hotmail.com","44","7895057517","","","User",""
"Mrs Gill","kaurmanpreet2153@gmail.com","44","7407651956","","","User",""
"Daniel Denis","7danieldenis67@gmail.com","91","8792316343","","","User",""
"Dr. Phalgun Kolli","suryakolli@yahoo.in","44","7776612249","","","User",""
"Aswathy Sanjeeve","AswathySanjeeve@gmail.com","44","8547649401","","","User",""
"Dhannya Sabin","dhannyasabin@gmail.com","49","15124856304","","","User",""
"Manon Blockeel","mnblockeel@gmail.com","32","473297969","","","User",""
"Prabhjot Kaur","7405436115@gmail.com","44","7405436115","","","User",""
"Jyoti 78","7878829806@gmail.com","44","7878829806","","","User",""
"Navjot Sam","samnav65@gmail.com","44","7824060158","","","User",""
"Anand Lakshmanan","klanand540@gmail.com","91","9633143199","","","User",""
"Oyindamola","mooshudatoyindamola2016@gmail.com","91","8111471141","","","User",""
"Gopika Thekke eettil","gopikatvkhd@gmail.com","91","7902818209","","","User",""
"Sumit Singh","SumitSingh@gmail.com","91","9779686596","","","User",""
"Boaba","Boababoababoaba@gmail.com","44","7842892294","","","User",""
"Florin Ana Maria","anna.maria03aprilie@gmail.com","44","7494051446","","","User",""
"Nesrin Othman","nesrin_othman1990@hotmail.com","353","858452452","","","User",""
"Ahmad Zai A","az8099608@gmail.com","44","7479710474","","","User",""
"Harshita Sukhala","shuklaharshita011@gmail.com","44","7862559548","","","User",""
"Binoy Babu","binoybabu690@gmail.com","91","7293946504","","","User",""
"Rishabh ","rishabgarg21101998@gmail.com","44","7587510980","","","User",""
"Bakare Mayowa","BakareMayowa23@gmail.com","234","8145689380","","","User",""
"Gurij hinger","Gurijhinger99@icloud.com","44","7711265261","","","User",""
"Sumit Sharda","15213214090@gmail.com","49","15213214090","","","User",""
"Anton Ioana","antonioana29@yahoo.com","44","7404980206","","","User",""
"Suryansh Srivastava","suryansh.srivastava1430@gmail.com","91","69966695656","","","User",""
"Pranav","pranav.b700@gmail.com","91","8547123441","","","User",""
"Gurinder 01","gurinderkaur485@gmail.com","44","7442003586","","","User",""
"Aldrin Aldo","aldrinaldo634@gmail.com","49","17661990763","","","User",""
"Malisa Monde","favouronumajuru3@gmail.com","44","7729532462","","","User",""
"Manisha bscit","Manishabscit6816@gmail.com","91","9915870445","","","User",""
"GR8 MONSULONIS","monsulonis@gmail.com","234","8037789099","","","User",""
"Fatai Fastman","fataisotunde@yahoo.com","44","7423727296","","","User",""
"Shijo Antony","shijoatm@gmail.com","44","7469303919","","","User",""
"Obumneme Esomchukwu","Bunems17@gmail.com","44","7859168476","","","User",""
"Arshdeep kaur 74","Arshdeepkaur2607@gmail.com","44","7448377750","","","User",""
"Godwin t shaji","godwintshaji@gmail.com","91","6282970353","","","User",""
"Avtar Singh","Mravtar009@gmail.com","44","7747567323","","","User",""
"Reena rani","7440789804@gmail","44","7440789804","","","User",""
"Arya 1","aryaashok012@gmail.com","234","9061684669","","7593279856","User",""
"Lucky177533","Luchy@gmail.com","44","7459177533","","","User",""
"Emily Varghese","emilyvarghese97@gmail.com","91","8086647030","","","User",""
"FELICIA POPESCU","feliciapopescu85@gmail.com","44","7469427784","44","7821326525","User",""
"Jattu Vandi","Jattuvandi@gmail.com","44","7309672010","","","User",""
"Maria Kordova","Kordovamimi83@gmail.com","44","7305527234","","","User",""
"Harshini Ravi","raaviharshini@gmail.com","44","7748534304","","","User",""
"Aisosa Faithful","aisosafaithful@gmail.com","44","123456789","","","User",""
"Tito Antony","titoantony07@gmail.com","91","9961280938","","","User",""
"Diana Sfiroiu","dianasfiroiu@yahoo.com","44","7770524390","","","User",""
"Diana","dianasolomon@yahoo.com","44","7919960993","","","User",""
"Arun Kumar 76943","arunvasanthakumaran@gmail.com","91","9400476943","","","User",""
"Sana Kareem","Sana.Kareem@gmail.com","44","7884441994","","","User",""
"Tebi","7459015639@gmail.com","44","7459015639","","","User",""
"Swati","Swati@gmail.com","44","7748480654","","","User",""
"Rohit Sharma","Rohitkaushik722@gmail.com","91","7357760098","","","User",""
"MAILISENDA","MAILISENDA1@GMAIL.COM","44","7440690508","","","User",""
"Humna","Humnaakbar12@hotmail.com","44","7494827674","","","User",""
"Bernadette Chibango","BernadetteChibango@gmail.com","44","7453268768","","","User",""
"Aqeel Tariq","3350044104@gmail.com","166","3350044104","","","User",""
"Denislav Atanasov","datanasov96@gmail.com","44","7881767747","","","User",""
"gagan gureh","gagandeepkaur0339@gmail.com","91","7710163546","","","User",""
"Olusola Adedayo","Olusola.Adedayo@gmail.com","234","8124598299","","","User",""
"Rimsha Khan","Rimsha_khan8@hotmail.com","44","7400445427","","","User",""
"ABIODUN DOTUN","dotunabiodun643@gmail.com","91","9025351513","","","User",""
"Preety Gill","Preetgill@gmail.com","44","7825339627","","","User",""
"Prabhnur Singh","Prabhnursingh.0158@gmail.com","49","17655405562","","","User",""
"Heera Harikumar","Heeraharikumar@gmail.com","91","7034994458","","","User",""
"Rachhpal Kaur New","happysonia86@gmail.com","44","7405115612","","","User",""
"Anagha Jomon","anaghajomon1996@gmail.com","91","9446100982","","","User",""
"Mike istvan","mike_istvan2000@yahoo.com","44","7703835030","","","User",""
"MANRAJ BHATTI","7880438459@gmail.com","44","7880438459","","","User",""
"Mehrdad Rasoolzadeh","Mehrdadrussel74@gmail.com","44","7534432399","","","User",""
"Satish Bhatti","er.satishhbhatti@outlook.com","91","9914551115","","","User",""
"Brooks","valentineekwe99@gmail.com","44","7594333254","","","User",""
"Ruth Horne","aminahnash@rocketmail.com","44","7852735629","","","User",""
"Bilal Soni","Bilalsoni71@gmail.com","91","9510236330","","","User",""
"Sapanpreet Brar","Sapanpreetkaur603@gmail.com","44","7424429014","","","User",""
"Uzair Ilyas","uzairilyas780@gmail.com","44","7751477078","","","User",""
"Aman Luthra","Aman23@gmail.com","44","7825518627","","","User",""
"Rohin","rohinps@yahoo.com","91","9567781677","","","User",""
"Veerpal97","vpalilahoria@gmail.com","91","9779711613","","","User",""
"Aarti","pradhanaarti1994@gmail.com","44","7423494020","","","User",""
"Prekhsha","7574907662@gmail.com","91","7574907662","","","User",""
"Mohamed Asiem","azeemrafe123@gmail.com","44","7442658200","","","User",""
"Navdeepkaur","Navdeepkaur9336@gmail.com","91","8218677177","","","User",""
"Ashima Ravindran","ashimaraveendran123@gmail.com","91","8590810226","49","1635347892","User",""
"Anil Suhagiya","suhagiya.anil@yahoo.com","44","7423538491","","","User",""
"Ilani Faith","ilanifaith1@gmail.com","44","7944737460","","","User",""
"Adnan","adnan68758@gmail.com","44","7305522489","","","User",""
"Lakhvir Banga","rajubanga21@gmail.com","91","9876347743","","","User",""
"Florence","ythtrhtr@gmail.com","234","8038955498","","","User",""
"TOLUWANI","kaylaadenuga@gmail.com","91","8126211659","","","User",""
"Vivek Chhabra","chhabravivek685@gmail.com","49","1726282848","","","User",""
"Jesna Sunny","15168549507@gmail.com","49","15168549507","","","User",""
"Jolan Don","Jolankatalin@yahoo.com.br","44","7975740207","","","User",""
"arpana ulakh","arpanaulakh83@gmail.com","91","7009561499","","","User",""
"Tejas Nada","Tejasnada111@gmail.com","44","7423717049","","","User",""
"Olayinka Victoria","Victoriaolayinka191@gmail.com","44","7916210438","","","User",""
"Amandeep 74","Amandeepknl96@gmail.com","44","7436966642","","","User",""
"Monika Krail","MonikaKrail@gmail.com","44","7825724878","","","User",""
"Sai Kiran","saikiran2426@gmail.com","44","7341206053","","","User",""
"Manveer Brar","manveermannubrar@gmail.com","49","15210969435","","","User",""
"Najia","givers557@gmail.com","234","8032269263","","","User",""
"Rajesh Johns","rajesh@gmail.com","44","7879911335","","","User",""
"Mary","mary@gmail.com","44","7889754988","","","User",""
"jaspreet kaur","kaurjaspreet18041994@gmail.com","91","8728992779","","","User",""
"aaditya ","aad@gmail.com","91","8128522339","","","User",""
"Badr","7570158460@gmail.com","44","7570158460","","","User",""
"Aswin","aswines1472001@gmail.com","44","7424652659","","","User",""
"Stelina Doko","Stelinadoko22@gmail.com","44","7983932307","","","User",""
"Vivek Kumar","Vivek6909127@gmail.com","49","17660985961","","","User",""
"Maria Rita","7551288893@gmail.com","44","7551288893","","","User",""
"Simona Poltorac","simonapoltorac@yahoo.com","44","7383096847","","","User",""
"LalasFergis","eyimofeoru@yahoo.com","91","8026994633","","","User",""
"Alice Sitzia","alicesitzia1994@gmail.com","44","7387288977","","","User",""
"Abinusha Gajendran","gabinusha2909@gmail.com","44","7928437568","","","User",""
"big king","big@gmail.com","44","7883770181","","","User",""
"Paras Jivani","17656907350@gmail.com","49","17656907350","","","User",""
"Unni Raj","unnirajoct17@gmail.com","91","9746596294","","","User",""
"Gurpreet Sidhu","Gurpreet09010@gmail.com","91","9781009010","","","User",""
"Danielle Santiago","danisantiago0604@gmail.com","44","7590058620","","","User",""
" Divya 02","jyuj","91","9110396702","","","User",""
"Alexandra Copilu","alexandra.alexe91@outlook.com","44","07407790587","","","User",""
"Jathin 96","m.jathin1996@gmail.com","91","8125018506","","","User",""
"Ioana Lidia Savu","savu_ioana@yahoo.com","44","7377513392","","","User",""
"Vibin Kumar","Vibinkumarvv@gmail.com","91","8446591383","","","User",""
"Gurpreet Gill","gaggigurpreet95@gmail.com","91","9877762501","","","User",""
"Lalithaa Rai","lalraik27@gmail.com","44","7825757019","","","User",""
"Bilal 96","bilal@gmail","91","9633165671","","","User",""
"Ebehi","ebehiomo@gmail.com","44","7868078682","","","User",""
"juby","juby@gmail.com","91","8943629540","","","User",""
"Sobia Yasin","Sobia_khan7860@hotmail.com","44","7730555731","","","User",""
"Waphyqawt","feyiwaphyqawt@gmail.com","234","7016496010","","","User",""
"Chinenye","nebuwachinenye28@yahoo.com","234","8065189060","","","User",""
"Deepthi","Deepthi@gmail.com","91","9787194796","","","User",""
"Ionela Adelina Cicu","adelina.raciu@yahoo.com","44","7454018859","","","User",""
"Maria Enache","Luminitaenache1989@gmail.com","44","7492977724","","","User",""
"Jayanth Kuchana","jayanthkuchana715@gmail.com","44","7459636325","","","User",""
"Kanishka","Dushanthadon@gmail.com","44","7498045470","","","User",""
"Venkatesh P","lvenkatesh.97@gmail.com","91","8897186866","","","User",""
"Dihan","shazidul.dihan@gmail.com","44","7862018998","","","User",""
"Franklyn52","Iambrotherfranklyn@gmail.com","44","7312458552","","","User",""
"Dipan Sharma","dipan@gmail.com","91","9464380587","","","User",""
"Jope","Jeromeohonbamu@yahoo.co.uk","44","7546396476","44","7496736922","User",""
"Lavinia Barbutu","barbutu_lavinia@icloud.com","44","7932454830","","","User",""
"Hawraa Mnati","Haiwraamnatee@yahoo.com","964","7903464079","","","User",""
"Ana B","AnaB@gmail.com","44","7473066022","","","User",""
"Gigzz","Giginacleetus18@gmail.com","44","7417415633","","","User",""
"sq","44 7435 385647@gmail.com","44","7435385647","","","User",""
"Jordan","irundeep27@gmail.com","44","7572813666","","","User",""
"Karthick Malaivasan ","Suryak463@gmail.com","44","7423620242","","","User",""
"Arun Kumar","durgaarunkumar639@gmail.com","91","9177538639","","","User",""
"Vivek Joseph 94","vivekjoseph94@gmail.com","91","9605236283","","","User",""
"Caleb Okwere","calebokwere@gmail.com","44","7387824216","","","User",""
"Cristian Ludvighn","Ludvigh_cristian@yahoo.com","44","7477699233","","","User",""
"Alina Daniela","alina.halunga@yahoo.com","44","7490474057","","","User",""
"Nezoem","nezoem@gmail.com","44","7516649032","","","User",""
"Zoya Kostadinova","zoyakostadinova@gmail.com","44","7576656563","","","User",""
"Prithvin Rathnakaran","prithwin.007@gmail.com","91","9895270932","","","User",""
"Zennith ","zeenathjabeen629@gmail.com","91","8309085363","","","User",""
"Elena Morosanu","morosanuluciana@yahoo.com","44","7853199412","","NA","User",""
"Heena","tanukashup84@gmail.com","91","8288852253","","","User",""
"Shobil Bhaskar","shobilmg534@gmail.com","91","9061417951","","","User",""
"Aishwarya Rajan","AishwaryaRajan@gmail.com","44","7587823183","","","User",""
"Manpreet Randhawa","Randhawa08301@gmail.com","44","7780390932","","","User",""
"Manasvi Shaah","manasvi.shaah15@gmail.com","91","9920929617","","","User",""
"Clinton Ukegbu","Clinton.Ukegbu@yahoo.com","44","7769466655","","","User",""
"Amanpreet kaur 75","7562340316@gmail.com","44","7562340316","","","User",""
"FATIMA SADAQAT","f.sadaqat786@gmail.com","49","1787258731","","","User",""
"Dyanesh","daynesh12@gmail.com","91","9962222734","","","User",""
"Athul V Krishna","athulvkrishna@gmail.com","91","9745085488","","","User",""
"Allechi","Don375@live.co.uk","44","7903256600","","","User",""
"Harshita Patel","harshitap52@gmail.com","44","7825432358","","","User",""
"Neethu Prathapan","NeethuPrathapan12@gmail.com","91","9496820366","","","User",""
"Andreea Nicoleta Ilie","tgt_nicoand@yahoo.com","44","7539674508","","","User",""
"Sourav Gupta","Souravgupta8597@gmail.com","44","7435863423","","","User",""
"Kulwinder Huddrsfield","7404257536@gmail.com","44","7404257536","","","User",""
"Maria Maldara","Ionescumada@yahoo.co.uk","44","7306014194","","","User",""
" Emmanouela Botsi","emmanouela.bo28@gmail.com","44","7984279772","","","User",""
"Sanya ","sanya12gandhi@gmail.com","49","15754468614","","","User",""
"Muhammad75","Anssaeed1@gmail.com","44","7518403894","","","User",""
"Harwinder singh","harwindersingh1011@gmail.com","44","7765036122","","","User",""
"Cenoj","cenojchacko@gmail.com","49","15124865990","","","User",""
"Akshy","rutvikkatrodiya1999@gmail.com","91","9978656014","","","User",""
"Vincent Aigbe Mese","Vincent.aigbe@gmail.com","234","9034132014","","","User",""
"John Angel","Johnangel422@gmail.com","234","8167234288","","","User",""
"Best Naza","7857092133@gmail.com","44","7857092133","","","User",""
"Maria Georgieva","maraki271192@gmail.com","44","7376783110","","","User",""
"Haider","Haider_mahmood01@outlook.com","44","7784792460","","","User",""
"Rejisha","Rejisha","49","17685460690","","","User",""
"Monia","moniadimarcs94@gmail.com","44","7514622108","","","User",""
"tojii Thomes","tojigial@gmail.com","91","9567101062","","","User",""
"Jasmeet 598","7876 432598@gmail.com","44","7876432598","","","User",""
"Gurinder Jot Aulakh","8146288571@gamil.com","234","8146288571","","","User",""
"Sree Kumar","sreekumar540@gmail.com","91","7994699540","","","User",""
"Rodney Ain","Tnsrodney87@gmail.com","44","7494551528","","","User",""
"Faizan Sait","faizansait99@gmail.com","91","8892578786","","","User",""
"Jacob Joe Kooren","jacobjoe007@gmail.com","49","15750623377","","","User",""
"Olufummy","7438545613@gmail.com","44","7438545613","","","User",""
"razik alam","razikalam3828@gmail.com","91","9061111724","","","User",""
"Shay","Shayasta.ahmed@yahoo.co.uk","44","7999519487","","","User",""
"Athul","athulmanoharan33@gmail.com","44","7776802641","","","User",""
"Carmen dumitru 20","carmendumitru20@yahoo.com","44","7836325734","","","User",""
"Antoinette ","baby_ant12@hotmail.co.uk","44","730979183","","","User",""
"ranish chirayil","ranishchirayil@gmail.com","91","9986388864","","","User",""
"Tiju","tijoksam91@gmail.com","91","9074732252","","","User",""
"Edson Djaló Cande","theafrooman96@gmail.com","44","7587777459","","","User",""
"Khaleed","6877728432@gmail.com","31","687772843","","","User",""
"Daria Ilieva","ilieva.daria25@gmail.com","44","7400324324","","","User",""
"Karnesh Kumar","Karneshk62@gmail.com ","44","7507605286","","","User",""
"Megking's Foundation","kutuedor@yahoo.com","44","7721082776","","","User",""
"anujosea com","anujoseanu09sm@gmail.com","91","7561026116","","","User",""
"Sujith","pnjpillai47@gmail.com","91","9846611809","","","User",""
"Sharath Chandra","cheetisharathchandra@gmail.com","44","7405138028","","","User",""
"Rohith Mottoli","rohithpalakkeel@gmail.com","91","8921361512","","","User",""
"Binta Jalo","Binta-fofa@hotmail.com","44","7413232231","","","User",""
"Kiril Petrov","thekireto@gmail.com","44","7586899161","","","User",""
"Sanda","cordunianusanda@yahoo.com","44","7960254025","","","User",""
"Vivalda silva","Viva_silva@hotmail.com","44","7402566859","","","User",""
"Istvan RUZSVANSZKI","ruzsix1@gmail.com","44","7597786158","","-","User",""
"Akhil Dev","akhildev1027@gmail.com","91","8943327097","","","User",""
"Faris","15232163318@gmail.com","49","15232163318","","","User",""
"Valeria baciu","baciu.valeria@bk.ru","44","7523776608","","","User",""
"7880772966","7880772966@gmail.com","44","7880772966","","","User",""
"Amanpreet Singh 76","abontheside@gmail.com","44","7479842976","","","User",""
"Akshat juneja","Akshatjuneja55@gmail.com","44","7459763022","","","User",""
"Gurpinder  Ranu","granu1994@gmail.com","44","7721430750","","","User",""
"Raman Sandhu","7523360741@gmail.com","44","7523360741","","","User",""
"Mohammed59","59-882-4343@gmail.com","972","598824343","","","User",""
"Mariam Jose","linjujose200@gmail.com","91","7902634817","","","User",""
"Lekshmi Nair","bhagyalekshmi619@gmail.com","91","9746689456","","","User",""
"Shashank","9663388106@gmail.com","91","9663388106","","","User",""
"Galina Ivanova","galinaivanova101@yahoo.com","44","7889465823","","","User",""
"Sukesh Mukundan","sukeshmukundan@gmail.com","49","15786969596","","","User",""
"Navnoor","navnoorkaur12@gmail.com","44","7710878657","","","User",""
"Khambu Tupili","khambu.sunny@gmail.com","44","7927804563","","","User",""
"Sumanpreet","Sumanpreet23@gmail.com","44","7735867733","","","User",""
"Casandra","7883359604@gmail.com","44","7883359604","","","User",""
"Musherraf Zabbair","zabbairmushy@gmail.com","44","7425335506","","","User",""
"Nandagopan Mangattil Narayanan","Imnandagopan@gmail.com","49","17670536971","","","User",""
"Rakesh","Rakeshredbull@gmail.com","91","9020665615","","","User",""
"nikhil kumar","nikhil7879@gmail.com","49","15223764186","","","User",""
"jijesh thomas","jijeshthomas1@gmail.com","44","7880634160","","","User",""
"Manpreet Kaur 08","9876250808@gmail.com","91","9876250808","","","User",""
"akshay  mechery vijayansm","akshaymecheryvijayansm@gmail.com","91","9562408652","","","User",""
"Michael Agbodike","Mikeyminnimo@yahoo.com","44","7438423802","","","User",""
"Tatiana Bujac","mocan.tatiana@yahoo.com","44","7828834235","","","User",""
"kmanjinder","manjinderkaur7896@gmail.com","91","9530916731","","","User",""
"Omotayo Adesina","Omotayoade2016@yahoo.com","44","7562331643","","","User",""
"Sukhraj","sukhjitthind97@gmail.com","91","8437842187","","","User",""
"Nayra","nancygulati54@gmail.com","91","8076803053","","","User",""
"Jivan Jyoti","jeevanjyoti62834@gmail.com","91","6283460408","","","User",""
"Janet Sanil","15218569575@gmail.com","49","15218569575","","","User",""
"Rishidev V A","rishidevberlin@gmail.com","49","17683308368","","","User",""
"Haffy osang","Osang696@gmail.com","44","7377409590","","","User",""
"hemant chauhan","hemantchauhan020897@gmail.com","91","7709710005","","","User",""
"Andreea Iftime 91","Andreea91@mail.com","44","7795006928","","","User",""
"Harish","7832492269@gmail.com","44","7832492269","","","User",""
"Manjinder Dhillon","7880350490","44","7880350490","","","User",""
"Az","7453053357@gmail.com","44","7453053357","","","User",""
"matin","matin05@gmail.com","49","17632188644","","","User",""
"Amal D'cruz","amaldcruz93@gmail.com","91","9048293531","","","User",""
"Gautham K","gauthamkottayi@gmail.com","91","8547049787","","","User",""
"Naina Patwal","paramjitkaur1997@hotmail.com","44","7404732562","","","User",""
"Z. Ahmed","zerghamahmed@gmail.com","44","7388919588","","","User",""
"Sreehari Sajeev","sreehari1234@gmail.com","91","9633832127","","","User",""
"Rojina Baniya","rozur57@gmail.com","44","7466465218","","","User",""
"francesco buompane","francesco.buompane@gmail.com","44","7554867005","","","User",""
"Manpreet  kaur 86","preetinderjohal86@gmail.com","44","7825963955","","","User",""
"Monika Kaul","Kaulmonika24@gmail.com","44","7880899553","","","User",""
"Vijay Kajal","Vijaykajal125@gmail.com","44","7440013173","","","User",""
"Kaleem Ahmad","kaleemahmad029@gmail.com","44","7376032116","","","User",""
"Adaveedi","adaveedi@yahoo.com","44","7450044149","","","User",""
"Nisha Lawrance","nishalawrance@gmail.com","44","7462807779","","","User",""
"Manpreet kaur 29","mkbrar07@gmail.com","44","7511497429","","","User",""
"Natalina","Seaxp2020@gmail.com","44","7308083826","","","User",""
"Bidhya","Adhikaribidhya14@gmail.com","44","7840512198","","","User",""
"Gurpreet Kaur 92","kr.gurpreet1992@gmail.com","44","7440530005","","","User",""
"Roshan Robin","roshanrobin494@gmail.com","91","9995308098","","","User",""
"Paramveer","0741paramveer@gmail.com","44","7825338607","","","User",""
"Roxana","jitarelroxana@gmail.com","44","7532715906","","","User",""
"Petar","petarlazarov7310@gmail.com","44","7783912642","","","User",""
"Maria Ashil","manuelks693@gmail.com","91","8113954066","","","User",""
"Jenex Jaison","jinojagan@gmail.com","91","9539435789","","","User",""
"Roxana Alexandra Radu","roxa.style96@yahoo.com","44","7754557829","","0","User",""
"Niroson jero Jerry","nirosonjero1@gmail.com","49","17621113760","","","User",""
"Sharad","sharad123@gmail.com","91","9206345065","","","User",""
"Rajesh ","KolipyakaRajesh@yahoo.com","44","7404097707","","","User",""
"Baris ozyurt","barisozyurt-12@hotmail.com","90","5373235475","","","User",""
"Kristina Bixhakas","xristina.mpitzaka@gmail.com","44","7853083783","44","7405149081","User",""
"Marius","Marius123@gmail.com","44","7388925479","","","User",""
"Jovin wilson","jovinger24@gmail.com","49","15750117649","","","User",""
"Laura deacu","lsdordea@gmail.com","91","7392837325","","","User",""
"User785","7852369294@gmail.com","44","7852369294","","","User",""
" Yasmin Sathi","v.yasmin5243@gmail.com","44","7424301832","","","User",""
"Veerpal kaur","veerpalkaur2608@gmail.com","44","7825279542","","","User",""
"Ana Lebedinschi","lebedinschia@gmail.com","44","7453828638","","","User",""
"Mannu","kaur.manvir5745@gmail.com","44","7825157895","","","User",""
"Anshu","ansh","91","9999666515","","","User",""
"Anthulaa","anthula.lleshi@gmail.com","2","692586000","","","User",""
"Sonam","Bhavleenkaur29@gmail.com","44","7307999696","","","User",""
"Ana Spita","anaspita0@gmail.com","44","7533444546","","","User",""
"Daniel Staicovici","danny_eu2010@yahoo.com","44","7377164197","","","User",""
"Ilyas khan","Khan.1996.ma@gmail.com","44","7862511462","","","User",""
"Anjali78","anjali.rakesh96@gmail.com","44","7825135382","","","User",""
"Ozumba Ifechukwu","744619584825@gmail.com","44","7447619584825","","","User",""
"Christian","Cmarktarun@gmail.com","44","7955130358","","","User",""
"Muhammad Tahmid Ali","7847674223@gmail.com","44","7847674223","","","User",""
"ATHUL RAJ KALHARAM","athulrajkalharam@gmail.com","91","7907910365","","","User",""
"Deepu George","deepugk3@gmail.com","49","15212169903","","","User",""
"Navdeep","navdeepkaur011997@gmail.com","44","7435851024","","","User",""
"Andrea Ifee","Ifeemummy@gmail.com","234","9039537174","","","User",""
"Kiril Popov","sakiremovals@gmail.com","44","7577024935","","","User",""
"Ranjeet98","98782 06621@gmail.com","91","9878206621","","","User",""
"balaji","balajin.1386@gmail.com","91","9944820898","","","User",""
"parvathy arundev","parvathyarundev@gmail.com","91","9947552769","","","User",""
"Vlad Closca","Vladutclosca@yahoo.com","44","7546814128","","","User",""
"Godson Varghese","godsonvezhaparambil@gmail.com","91","9846479916","","","User",""
"Akhil Reddy.K","Akhil123@gmail.com","44","7824439381","","","User",""
"Amal kattekuzhiyil Biju ","amal.kattekuzhiyil@ue-germany.de","91","8111869413","","","User",""
"Ammar","ammar-31-5@hotmail.com","973","32210771","","","User",""
"Basilin","bazilinvarghese1@gmail.com","91","9744567919","","","User",""
"Andrea Basso","andrebax@hotmail.it","44","7397137322","","","User",""
"Santhosh Goud","santhuuuu.kumar@gmail.com","44","7502965997","","","User",""
"Harpreet74","Harpreetkaur21111994@gmail.com","44","7435390449","","","User",""
"Dona","donamaryshine1994@gmail.com","91","7025036104","","","User",""
"Achraf Charif","4846551@gmail.com","44","7384846551","","","User",""
"Avni Chokshi","avnichokshi90@gmail.com","44","7587874714","","","User",""
"Junu Shrestha","sthajunu137@gmail.com","44","7776825684","","","User",""
"najiba","A.najiba412@outlook.com","44","7949185948","","","User",""
"Akash Bercilin","akashbercilin007@gmail.com","44","7825392011","","","User",""
"Janani","gr.janani07@gmail.com","91","9629936405","","","User",""
"Guri ","7395278337@gmail.com","44","7395278337","","","User",""
"Cosmin Placinta","perfectdinca@yahoo.co.uk","44","7377416306","","","User",""
"Jagpreet","jpreets1996@gmail.com","44","7880322580","","","User",""
"Jasmina","jasminashrestha1234@gmail.com","44","7422880542","","","User",""
"Onyia","Pblow67@gmail.com","44","7440318117","","","User",""
"Reena","Singhreena2212@gmail.com","91","7087327674","","","User",""
"Ebin joy","ebinjacobebno@gmail.com","49","15202368411","","","User",""
"Roji","cassielmikha@gmail.com","49","15145462190","","","User",""
"manpreet brar","Mannubrar424@gmail.com","44","7448818468","","","User",""
"Nattu","nattu.durai777@gmail.com","91","9788304327","","","User",""
"Pawandeep","jpbajwa2078@gmail.com","91","7710654380","","","User",""
"Hary","hary.pall@gmail.com","91","7749919466","","","User",""
"Nikhil Jayagopal ","nikhiljayagopal@gmail.com","44","7826232755","","","User",""
"Gurpreet 01","Thisisgurpreet01@gmail.com","44","7503038484","","","User",""
"Beth Doddy","Beth_dodd@yahoo.com","44","7305799058","","","User",""
"Tasnin Tithi","tithi.tasnim02@gmail.com","44","7565039298","","","User",""
"Nora","nora.elfatmi@outlook.it","44","7584834335","","","User",""
"Aleksandar Popov Dedelyanov","Gidpopov@gmail.com","44","7472441346","","","User",""
"Shamil Vattath Kandoth","Shamilvk07@gmail.com","91","8867606050","","","User",""
"Jenifur Nahar","jenifurnahar20@yahoo.com","44","7594691116","","","User",""
"Ishratpatel","9904302392@gmail.com","91","9904302392","","","User",""
"Tony joseph","tonyj201296@gmail.com","91","8549060080","","","User",""
"Harriet","nnharriet@outlook.com","44","7529340013","","","User",""
"Jiss  sabu","jisssabu1111@gmail.com","91","9207005127","","","User",""
"Lakshmi Kaimal","lakshmirkaimal689@gmail.com","91","9645162642","","","User",""
"Sneha Mathew","SnehaMathew@gmail.com","44","7435389975","","","User",""
"Aneet Maria","aneetmaria@gmail.com","91","7356432435","","","User",""
"Joseph","sonnetaero1990@gmail.com","44","7824388458","","","User",""
"Zulfana Fousi","zulfanafousi@gmail.com","91","8593005949","","","User",""
"Naval Savaliya","savaliyanaval1999@gmail.com","44","9904596267","","","User",""
"Musqueba seidi","Muzaseidi@gmail.com","44","7440564713","","","User",""
"muhammed jihana","muhammedjihana@gmail.com","91","8129598641","","","User",""
"Manisha 1995","manisha.uk1995@gmail.com","44","7729286869","","","User",""
"Sonu","Sonu9253335551@gmail.com","91","9253335551","","","User",""
" Waleed khan","waleed8204@gmail.com","44","7831718549","","","User",""
"Ajay Alias","ajayalias1995@gmail.com","91","8547637299","","","User",""
"Hamza maroof","hamzamaroof55@gmail.com","44","7574830093","","","User",""
"Aneesh Parackal","aneeshparackal@gmail.com","44","7340657041","","","User",""
"Andrada Vodislav","codrutavodi@gmail.com","44","7979199741","","","User",""
"Deepak","kgdeepak88@gmail.com","49","15146819889","","","User",""
"Mani Singh","Singhmani198@gmail.com","91","7355512364","","","User",""
"Navleen kaur","Navleenk290397@gmail.com","91","8968521429","","","User",""
"Mehak Patel","Mmehak1403@gmail.com","91","8572027056","","","User",""
"Manpreet kaur 51","manprretk51@gmail.com","91","9837899213","","","User",""
"Priyanka Bhavsar","priyankabhavsar87@gmail.com","91","9429365552","","","User",""
"Bhavik","Bhavik@gmail.com","44","7824065561","","","User",""
"Doru cristian carbunaru","dorucristiancarbunaru@gmail.com","44","7549400647","","","User",""
"Alina Hubca","Hubcaalina@yahoo.com","44","7538704985","","","User",""
"Arun Cherakulam Suresh","arunsuresh48@gmail.com","49","15783107368","","","User",""
"Harpal Singh","Harpalcheema237833@gmail.com","44","7574158143","","","User",""
"Jerom Jaison","jeromjaison99@gmail.com","91","9400577882","","","User",""
"Andreea Pleava","giulyaly@yahoo.co.uk","44","7383255566","","","User",""
"Rockie","rokia_xo@icloud.com","44","7482427393","","","User",""
"Rubab Majid","Rubmajid@gmail.com","44","7518710476","","","User",""
"Kuljeet Singh","Kuljeetsbhogal@gmail.com","49","15225955982","","","User",""
"Priya Jose","priyajose0605@gmail.com","91","8921039242","","","User",""
"abisola adewuyi","abisolaadewuyi44@gmail.com","44","7904485108","","","User",""
"Kulwarn","11kulwarn1988@gmail.com","91","7009017009","","","User",""
"Sashikala Adhikari","sashi.adhikari888@gmail.com","44","7310535943","","","User",""
"Simran Rehal","simranrehal55@gmail.com ","91","8801800010","","","User",""
"kadir chowdhurya","kadirchowdhurya@gmail.com","44","7938103985","","","User",""
"Shantan Shanu","shantans41@gmail.com","44","7733896974","44","7733922507","User",""
"VISHAL Dobani","VISHAL@GMAIL.COM","91","7487007953","","","User",""
"Navjit kaur","navjitkaur567@gmail.com","91","7087768581","","","User",""
"Reet saini","reetsaini2444@gmail.com","44","12354678","","","User",""
"Suraj Saroya","Jyotisurbhi92@gmail.com","91","8727065919","","","User",""
"Lalit Kumar","kumarlalli859@gmail.com","44","7776559041","","","User",""
"Jai verma","Jai.sv1998@gmail.com","44","7436859105","","","User",""
"paddu","Paddu23@gmail.com","91","7448520123","","","User",""
"Abhijith muraleedharan","abhijithmuraleedharan1996@gmail.com","44","7442021567","","","User",""
"Amrit Singh","Amritsingh73000@gmail.com","44","7424901442","","","User",""
"Nikhil Ragi","ragi.nikhil25@gmail.com","44","7493992584","","","User",""
"Mamady kouyate","kmamadi56@yahoo.com","44","7459006476","","","User",""
"rohini ","Rohijni123@gmail.com","49","17670645511","","","User",""
"ADITYA NAIDU","Aditanaidu123@gmail.com","91","8008885220","","","User",""
"Arshpreet","arshkailay56@gmail.com","91","8146787587","","","User",""
"Krishanthini Ponkaran","Krishanthiniponkaran@yahoo.com","44","7850590827","","","User",""
"Inna Kambo","Innakambo@hotmail.com","44","7389723265","","","User",""
"Alisa  lakdawala 13","alisalakdawala13@gmail.com","44","7824075363","","","User",""
"Srikanth M","srikanthmk01@gmail.com","91","7299578901","","","User",""
"Amandeep88","amanvirk4872@gmail.com","91","8872651080","","","User",""
"Harpreet nagpal ","singhharpreet7198@gmail.com","91","7087163400","","","User",""
"Mohammed thaufee","thaufeemohd@gmail.com","44","7586708625","","","User",""
"pooja sharma","poojasharma3d@gmail.com","44","7459110760","","","User",""
"Aisha64","7897372664@gmail.com","44","7897372664","","","User",""
"Navjot Randhawa","Lovepreetgurdaspuri3@gmail.com","44","7009028932","","","User",""
"Shany","shanyshaju7@gmail.com","91","8138891889","","","User",""
"Jaloaysha","Jaloaysha@gmail.com","234","9051545552","","","User",""
"Abhishek Patel","abhiptl407@gmail.com","49","17634560992","","","User",""
"Harsha","Harshavardhan4488@gmail.com","44","7901649304","","","User",""
"Lurvan","lurvanosag@yahoo.com","44","7510057098","","","User",""
"rozina maharjan","rozinamaharjan987@gmail.com","44","7897805545","","","User",""
"Gabriel","gabriel.mititelu.93@gmail.com","44","7476551612","","","User",""
"Varshil Desai","varshildesai78@gmail.com","91","8097411111","","","User",""
"Delshy Anto","dellanto369@gmail.com","91","9446193573","","","User",""
"Gagan Dhaliwal","GaganDhaliwal12@gmail.com","44","7915309461","","","User",""
"Sanju Verma","7825958044@gmail.com","91","7825958044","","","User",""
"Manreet Kaur","manreetkaur714@gmail.com","44","7459843907","","","User",""
"Arslan Khan","Arslankhan.jhelum@gmail.com","92","3065881145","","","User",""
"Surendra","Surendra23@gmail.com","44","7918428145","","","User",""
"Loveprit Singh","Singhloveprit91@gmail.com","44","7469651135","","","User",""
"Aiysha","Aiysh23@gmail.com","44","7534245701","","","User",""
"Manwinder Kaur","manwinder030400@gmail.com","44","7789630448","","","User",""
"Bhawna","bhawna95leeds@gmail.com","44","7584220649","","","User",""
"Jeece mossa","Jecemossa123@gmail.com","44","7857014826","","","User",""
"Rajdeep","7459608212@gmail.com","44","7459608212","","","User",""
"Gurprit Kaur","gurprit0207@icloud.com","91","7347671884","","","User",""
"Deepak 787","deepak787er@gmail.com","91","9906160264","","","User",""
"Sreenath","sreenadhnayar@gmail.com","49","15906130255","","","User",""
"Shelly pathania","Shellypathania123@gmail.com","91","7657972333","","","User",""
"Catalina Elena luca","lucacatalina25@gmail.com","44","7850499750","44","7907469689","User",""
"Raluca Pestisan","raluca.pestisan@yahoo.com","40","731318688","","","User",""
"Gurpreet kaur 95","gk8901952@gmail.com","91","9517458500","","","User",""
"Zayed Mohammed","zayedd92@gmail.com","44","7341510611","","","User",""
"Jisha James","JishaJames123@gmail.com","91","9497283868","","","User",""
"Rohit Joshi","raohit12@gmail.com","44","9887779125","","","User",""
"jai","jai@gmail.com","2","215646262611","","","User",""
"Amanpreet 99","8146156199@gmail.com","91","8146156199","","","User",""
"Ali shawqat MOHUNGUR","shawqat@hotmail.co.uk","44","7727283259","","","User",""
"Alina Ungurean","alineungurean24@gmail.com","44","7478658807","","","User",""
"Leah Gikami","Leahgikami@gmail.com","44","7948550197","","","User",""
"Sherin Rose","sherinvalson@gmail.com","91","8921667688","","","User",""
"Chisom Esieneze","chisomesieneze@gmail.com","234","8058776152","","","User",""
"Selvi prakash","Selviprakash475@gmail.com","44","7895474638","","","User",""
"Nambardar","kdhillonk300@gmail.com","49","15218121311","","","User",""
"maneet bhanot","maneetbhanot@gmail.com","91","9592105351","","","User",""
"Manoj kumar","9465965528@gmail.com","44","9465965528","","","User",""
"Krishna","Krishnak1102k@gmail.com","44","7435779411","","","User",""
"Gowdham","8301888994@gmail.com","91","8301888994","","","User",""
"Dilpreet Singh","Dilpreetsingh123@gmail.com","44","7448930372","","","User",""
"Peter Trofin","trofin_petrica@yahoo.com","44","7961827745","","","User",""
"Sandra Adu","ladyandel@outlook.com","44","07479958982","","","User",""
"Ganescu Bogdan","rggb13@yahoo.co.uk","44","7463767681","","","User",""
"Sanchita ","Sanchitad@hotmail.co.uk","44","7814032458","","","User",""
"dilpreet","Dil48979@gmail.com","44","7859764217","","","User",""
"Maria","merry_oaches@yahoo.com","44","07850264240","","","User",""
"Tushar","7404822149@gmail.com","44","7404822149","","","User",""
"Md Tanbhir Hayder Shubash ","tanbhir.shubash@gmail.com","44","7951813841","","","User",""
"Silvia Lungu","silvia.barcaru@gmail.com","44","7440370515","","","User",""
"Karim","ibadwal@ymail.com","44","7423150108","","","User",""
"Naveen chennampalli","naveenchennampalli@gmail.com","44","7438890126","","","User",""
"Octavia bilea","Octavia.arseniu@gmail.com","44","7455950103","","","User",""
"Rita","ritawu224@gmail.com","44","7798555736","","","User",""
"Amanpreet Kaur 91","amanpreetkaur19993@gmail.com","44","7555114191","","","User",""
"Harpreet Kaur Lohi","harpreetlohi@gmail.com","44","7748034672","","","User",""
"Umesh Aahuja","7762280673@gmail.com","44","7762280673","","","User",""
"Febin Skariah","febin2010s@gmail.com","44","7587849256","","","User",""
"Nikhil Varma","nikhilakula1998@gmail.com","44","7880225320","","","User",""
"Syed hussain","Syedhussain899@gmail.com","44","7424899558","","","User",""
"Gaurav GIll","Gorvgill26011997@gmail.com","49","17632977521","","","User",""
"stella jack","ladarare@yahoo.com","234","8135235166","","","User",""
"Michael Express","expresswork2u@gmail.com","44","7474140274","","","User",""
"Nidheesh","15750141420@gmail.com","49","15750141420","","","User",""
"Henny","Hanarafie@gmail.com","44","7588654454","","","User",""
"Yassine","yassinoch_ultra@hotmail.com","44","07732225866","","","User",""
"Dhillon Gagandeep","Gagandeepdhillonuk@gmail.com","91","8699497791","","","User",""
"Jamal Nabwana","jamalnabwana@icloud.com","44","7745241269","","","User",""
"Anca  Panainte","anca.panainte2016@yahoo.com","44","7727756667","","","User",""
"Anandhu Kottaparampil","anandhuka9369@gmail.com","44","7587855266","","","User",""
"Shova Shrestha","shovashrestha509@gmail.com","44","7862566828","","","User",""
"kulbir","kulbirsinghhh1998@gmail.com","44","07308604751","","","User",""
"Chessin","Chessinown@gmail.com","49","15145466997","","","User",""
"Aya Janagap","ayamiks511@yahoo.com","44","07460590593","","","User",""
"SHARNJIT KAUR","sharnpreet881@gmail.com","91","9779690395","","","User",""
"Panduranga Reddy Seelam","seelampandu58@gmail.com","44","7464549567","","","User",""
"mohan sai krishna salla","sallamohan12@gmail.com","44","7435833276","","","User",""
"Anitta Mathew","anitta403@gmail.com","91","9567459809","","","User",""
"JISHA SIVADASAN","JISHA627@GMAIL.COM","44","7397372007","","","User",""
"Tahera","tahera.chy96@gmail.com","49","17662684489","","","User",""
"Amanpreet kaur","amanpreetkaur8270@gmail.com","44","07824634896","","","User",""
" Gopi goda","godagopi95@gmail.com","44","7404602939","","","User",""
"Sam Mathew Mathirappilly Joseph","sammathew989@gmail.com","49","17636763890","","","User",""
"Cristina","puisemaka_1985@yahoo.com","44","7455323910","","","User",""
"Almas Khan","march.babe@icloud.com","44","07458386741","","","User",""
"Maria claidia","mariaclaudiagherghel@gmail.com","44","7803304267","","","User",""
"Ionut nistor","Johnyjoy0@gmail.com","44","7951809877","","NA","User",""
"Femin Printo","feminprinto95@gmail.com","91","9544843275","","","User",""
"S Reet","supreetk825@gmail.com","44","7405143317","","","User",""
"Adarsh 74","Adarsh@gmail.com","44","7405274256","","","User",""
"Shahrukh 92","3329986074@gmail.com","92","3329986074","","","User",""
"Sam","9747336970@gmail.com ","91","9747336970","","","User",""
"Emilia","baditoiu.gheorghe@yahoo.com","44","7448116714","","","User",""
"kishor vattaparambil Rajappan","kishorvattaparambilrajappan@gmail.com","49","15168566532","","","User",""
"Jaywin Baby Thottathil Antony","jaywin1595@gmail.com","91","8075630828","","","User",""
"Annamaria Kirchmajer","kirchmajeranna@yahoo.it","44","7928967598","","","User",""
"Abel jose","abeyjose49@gmail.com","91","9560176827","","","User",""
"Pawandeep kaur","pdeep5817@gmail.com","49","17682492995","","","User",""
"Mandeep kaur","moneysran2@gmail.com","44","07916308566","","","User",""
"Arshdeep jolly","arshdeep050198@gmail.com","44","7915075348","","","User",""
"Arman Sandhu","sandhuarman18@gmail.com","44","1234567809","","","User",""
"Nandhu","nandhukpurushothaman@gmail.com","91","9562701065","","","User",""
"Anmol mehmood","anmolmehmood02@gmail.com","44","7590572121","","","User",""
"Cristina Ursache","ursache1993@icloud.com","44","7446799566","","","User",""
"Prabhu Khullar","paraskhullar6@gmail.com","44","7879919664","","","User",""
"Adnan Khalid","danikhalid725@gmail.com","49","15127940972","","","User",""
"Nelli","nneliuche@yahoo.com ","44","7877089112","","","User",""
"Viorica ","vickycristea91@gmail.com","44","07479556352","","","User",""
"Divya 205","rengarajandivya@gmail.com","44","7748565205","","","User",""
"Vrinda Shekhar","Vrindashekhar5977@gmail.com","49","17647156990","49","17672308399","User",""
"Ioana Dancus","ioanadancus13@yahoo.com","44","7427240899","","0","User",""
"Stoyan Slavchev","stoyan_slavchev@yahoo.com","44","7795442651","","","User",""
"Petronela Baetu","petronela.baetu@mail.com","44","7903854734","","","User",""
"amareet kaur","Kamreet93@gmail.com","44","7438805408","","","User",""
"antwiboasiako","antwiboasiako.johnson@gmail.com","44","7459561724","","","User",""
"moizraja","moizraja762@gmail.com","44","7727418355","","","User",""
"Viktoriya Dimitrova","missvidj@gmail.com","44","7999443572","","","User",""
"Stoyan","stoqnps13@gmail.com","44","7392338130","","","User",""
"Kaynaat Hussain","Kaynaat12345@gmail.com","44","7826770609","","","User",""
"Harry","Singhharminder738@gmail.com","44","7518450818","","","User",""
"petrova gergana","gerganapetrova882@gmail.com","44","7961536992","","","User",""
"Amandeep Sandhu","Sandhu.amani1998@gmail.com","44","7459043687","","","User",""
"Abhimanyu","abhimanyuabhi.aa007@gmail.com","44","7436962930","","","User",""
"Safa adria","safaadria@gmail.com","44","7597741166","","","User",""
"Aeby","georgeaeby@gmail.com","44","7879941073","","","User",""
"Sonu George","sonugeorge273@gmail.com","91","7012696605","","","User",""
"BRIGHTY ABRAHAM","brightytony@gmail.com","91","9605953930","","","User",""
"Elina GAILITE","ellinja@gmail.com","44","7467903187","","","User",""
"Radha dhakecha","9099759493@gmail.com","91","9099759493","","","User",""
"Simran barring","7438799502@gmail.com","44","7438799502","","","User",""
"Petronela","petronela.petrova26@gmail.com","44","7507383361","","","User",""
"Elena Edition","elena.edition@gmail.com","44","7713852207","","","User",""
"Sonika gowda ","gowdasonika@gmail.com","91","9739020401","","","User",""
"mariana Varga","varga0017@gmail.com","44","7915126052","","","User",""
"Padeanu  Alexendra","Padeanualexandra1@gmail.com","44","7307718368","","","User",""
"Tina pareez","tinaperez85@yahoo.com","44","7448051192","","","User",""
"Bashir Ahemad","Baseerahmad57@yahoo.com","44","7774161002","","","User",""
"Alin moisa","Alin.moisa19@gmail.com","44","7985390560","","","User",""
"raihan","racyol.rox@gmail.com","44","7507775167","","","User",""
"Charishma","charishmamandava25@gmail.com","91","7981043851","","","User",""
"amal vinod kumar","amalvinodkumar@gmail.com","49","17643357879","","","User",""
"Gaythri","doddagayathri93@gmail.com","91","9705501724","","","User",""
"Vandana","devi.vandana983@gmail.com","44","7825339049","","","User",""
"Mustafa ","mustafachanchak6@gmail.com","44","7868253825","","","User",""
"Temenuzhka","Temenuzhkavalcheva@gmail.com","44","7469492623","","","User",""
"Sumanpreet Dhillon","Sumanpreetkr1961@gmail.com","91","9878880344","","","User",""
"stoian Bogdan nicusor","stoianbogdan40@yahoo.com","44","7932376263","","","User",""
"Nilofar rafiei","niloofarrafie18@gmail.com","44","7424885498","","","User",""
"Felix Francis","felixfkottayam@gmail.com","49","17624884996","","","User",""
"Subhpreet ","neetudavid645@gmail.com","44","7438769964","","","User",""
"Ravinder Singh Chatrath","ravindersinghchatrath8@gmail.com","91","8295556970","","","User",""
"Jaspreet sokhal","Jaspreetsokhal111@gmail.com","91","7009671262","","","User",""
"Shijo Shaji","shijoshaji321@gmail.com","44","07880205053","","","User",""
"Maria Mirela Popa","vochin52@gmail.com","91","7479067414","","","User",""
"Vladimir Dadus","vavan_87_87@mail.ru","44","7440030406","","","User",""
"west cigari","westcigari@outlook.com","44","7400303022","","","User",""
"Anita","nice_oanita@yahoo.com","44","7450229164","","","User",""
"Marius Iulian","mariusiulian9177@gmail.com","44","7883742007","","","User",""
"Simona  Radu","simona_radu26@yahoo.com","44","7540866834","","","User",""
"Ritika","ritika0499@gmail.com","44","7442020838","","","User",""
"Jaswinder Kaur8872","kaurjaswinder3473@gmail.com","91","8872696162","","","User",""
"Gurpreet Kaur 89","gurpreet89.gvis@gmail.com","44","8727082500","","","User",""
"Chirvasa sinziana","Chirvasa.sinziana@yahoo.com","44","7826395459","","","User",""
"Krisztina Harun","kharun969@gmail.com","44","7943876464","","","User",""
"Flora Manea","Flora.leclarisse@gmail.com","44","7900270574","","","User",""
"Sarjot janagal","Sarjot1997@gmail.com","44","7404275844","","","User",""
"Thomas","sonuthomas646@gmail.com","44","07587667720","","","User",""
"harjinderkaur","harjinderkaur199704@gmail.com ","44","7538693257","","","User",""
"Jayanti","Jayaakshay@hotmail. com","44","7424644578","","","User",""
"Vineeth chandra","vineethnarne@gmail.com","44","7824069915","","","User",""
"BIANCA ROTARU","biancarotaru812@gmail.com","44","7710579916","","","User",""
"Holyghost","Holyghostfiredunamis1@yahoo.com","91","8081117340","","","User",""
"Ashiq Jayan ","www.aashiqjayan.8@gmail.com","44","7404903520","","","User",""
"Mihai Ionut Jipianu ","jipianu.mihai97@gmail.com","44","7769098773","","","User",""
"Raju ","raaju2021.ram@gmail.com","44","7776363645","","","User",""
"Sandeep 041","deepsandeep041@gmail.com","44","7760914659","","","User",""
"Daniela Cristiana","danielacristiana45@yahoo.com","44","7310826157","","","User",""
"Kamalpreet","Kamalpreetpreetkaur23041996@gmail.com","44","7404188237","","","User",""
"Thomas Mathew George ","Thomasmgeorge0@gmail.com","44","7747220964","","","User",""
"Eldhose John","eldhosejohn007@gmail.com","49","17685631923","","","User",""
"Antony","Antobrag@gmail.com","44","7479107070","","","User",""
"Jitty","jittychackochan1996@gmail.com","44","7436992050","","","User",""
"Nav Kiran","Navkiran.gs@gmail.com","91","6280997376","","","User",""
"Lovish Bindra 7","lovishbindra7@gmail.com","44","7880207690","","","User",""
"Syed Shahnawaz","Shahnawazmehdi995@gmail.com","44","7748837691","","","User",""
"Nishu Mittal","mnishu5@gmail.com","44","7432840724","","","User",""
"Saby","sabyjmathew@gmail.com","91","9539315201","","","User",""
"Murtaza khan","khanmurtaza035@gmail.com","44","7459513050","","","User",""
"Arun  737","7435381737@gmail.com","44","7435381737","","","User",""
"Suresh krishna","sureshkrisshna@gmail.com","44","7809735574","","","User",""
"Amina Shah","aminnahshah@icloud.com","44","7939388592","","","User",""
"Sudes Chhetri","sudescht@gmail.com","44","7413326550","","","User",""
"Sonia Jaiswal","Soniajaiswalcc@gmail.com","44","7467295051","","","User",""
"Jean Benitez","benitezblanco@hotmail.com","44","7539611127","","","User",""
"Parvaneh  Farid","Parvaneh527@gmail.com","44","7581012688","","","User",""
"Diana Lazar","dianalazar22@yahoo.com","44","7789765840","","","User",""
"Touba Bakhtiary","toobabakhtiary@gmail.com","44","7895680924","","","User",""
"Bimal Bhurtel","bhurtelbimal@gmail.com","44","7436602319","","","User",""
"Aashiq jayan","aashiqjayan.8@gmail.com","91","7560802296","","","User",""
"Munna","vavalittleangel@gmail.com","91","9946650188","","","User",""
"Preety","preetychauhan002@gmail.com","44","7435646794","","","User",""
"DRISHYA DHAKAL","drishdax@gmail.com","44","7411770951","","","User",""
"Ankita ","ankitasharma8131@gmail.com","44","123","","","User",""
"Jeni","jeniphilip1016@gmail.com","91","6235277854","","","User",""
"Jaskaran singh","sjaskaran569@gmail.com","49","1717037394","","","User",""
"Janet","7424517930@gmail.com","44","7424517930","","","User",""
"Manpreet Kaur 588","Kaurmann588@gmail.com","44","7825333572","","","User",""
"jerome","Ugonwannejeromeike@gmail.com","44","7832492242","","","User",""
"Oluremi Ajayi-Dagunduro","ask4remiajayi@yahoo.com","234","8033651776","","","User",""
"Thomas mathew","thomasmathew2011@gmail.com","44","07587846792","","","User",""
"Shivang Agarwal","maverick153@icloud.com","91","9837311109","","","User",""
"Dana","dana2007florea@yahoo.com","44","7463331633","","","User",""
"Faruq Ogunremi","Ogunremifaruqdamilare@gmail.com","44","7455721769","","","User",""
"Aisha","arora.aishwarya998@gmail.com","44","7405218932","","","User",""
"Shalini Sekar","shalinisekar46@gmail.com","91","9840651222","","","User",""
"Hemand Sajeev","hemandsajeev1996@gmail.com","44","7405728868","","","User",""
"Rev","realearnersvoice@gmail.com","44","7399766330","","","User",""
"Alessio","Alessio.manigrasso96@gmail.com","44","7423037957","","","User",""
"Afreen","wajahatafreen120896@gmail.com","44","7880813209","","","User",""
"Ashutosh Goel","ashugoel1524@gmail.com","44","7765013422","","","User",""
"Baljinderpal singh","Kakas4995@gmail.com","44","7440178608","","","User",""
"Aify Mba","aifymba@yahoo.com","44","7882299081","","","User",""
"Aisha Shahid","aisha_shaid1@icloud.com ","44","7960106759","","","User",""
"anitta varghese","anittav5@gmail.com","44","7717462176","","","User",""
"Rodica CUC","rvcuc13@gmail.com","44","7880841420","","","User",""
"Rajnish Bharti","rajnishbharti2202@gmail.com","91","7464042229","","","User",""
"Harman","919501942434@gmail.com","91","9501942434","","","User",""
"Sahithi","sahithigarlapati@gmail.com","91","7036378527","","","User",""
"Oana","oanaraluca70@yahoo.com","40","756635704","","","User",""
" Varun Soni","varun.soni76@gmail.com","44","7438914155","","","User",""
"Manjinder kaur","preet15.uk@gmail.com","44","7760914026","","","User",""
"Shalini","shalinigodavarthi1006@gmail.com","91","7032349437","","","User",""
"Gurjit","Gurjitk1123@gmail.com","44","7469265771","","8427657571","User",""
"Kenisha Dennis","denniskenisha@yahoo.co.uk","44","7717128051","","","User",""
"Mateo Cavaliere","Mateocavalierer@gmail.com","44","7507383382","","","User",""
"Dorina M","minim7201@gmail.com","44","7399504806","","","User",""
"Manjot Kaur","manjotkaur45@gmail.com","91","7340888113","","","User",""
"Loredana Vasile","loredana197@yahoo.com","44","7470466404","","","User",""
"Neha andotra","nehaandotra92@gmail.com","44","7824060208","","","User",""
"Cristian","crys9591@yahoo.com","44","7557340917","","","User",""
"gandhali","gandhali19b@gmail.com","44","7587996889","","","User",""
"Bilal Suhail","Suhailbilal8@gmail.com","44","7825635730","","","User",""
"Bijin Stalin","Bijinstalin07@gmail.com","91","7356302145","","","User",""
"Ashiq","Ashiq123@gmail.com","18","1731063122","","","User",""
"Ayaz","ayazbagulzade@gmail.com","44","7869913429","","","User",""
"Mubashira Mohammed Ali Puthanpurayil","mubashira888@gmail.com","44","7760954987","","","User",""
"Shijo","Shijo123@gmail.com","91","9947111057","","","User",""
"Gurpreet","gurpreetks@yahoo.com","44","7459956740","","","User",""
"Jyoti","Jyotidhull86@gmail.com","44","7459373733","","","User",""
"Harsh Rawal","rawalharsh2611@gmail.com","44","7459786608","","","User",""
"Rajbeer Singh","rajbeersingh8455@gmail.com","91","7889928254","","","User",""
"Jeswin","jeswinkm@gmail.com","44","7587830766","","","User",""
"Alameer Eljuhani","ameeramjad95@yahoo.com","44","7576959892","","","User",""
"Fernanda Moris","fm51562@gmail.com","44","7922848623","","","User",""
"Sandeep Saro","sandeepsarao641@gmail.com","1","6475817218","","","User",""
"Gkerti Zekio","Diegogolderon@Gmail.com","44","7575884286","","","User",""
"Aron","arasharamesh@ymail.com","44","7411337623","","","User",""
"Mallikarjun Modi","mallikarjunmodi7@gmail.com","91","7996117777","","","User",""
"Julie Gikami","j.gikami@hotmail.co.uk","44","7508381531","","","User",""
"Oshi Grewal","oshigrewal04@gmail.com","44","7879966490","","","User",""
"ASG","aryanprince197@gmail.com","44","07307725160","","","User",""
"Mandeep Gill","Mandeepgill1471@gmail.com","44","7309060680","","","User",""
"Majdi Qudah","Majdiqudah7@gmail.com","962","777788287","","","User",""
"Boby","boby@gmail.com","44","7405163322","","","User",""
"Harpreet","harjas223@gmail.com","44","7552242433","","","User",""
"Ghadeer Basheer","98573388@gmail.com","965","98573388","","","User",""
"Hameed","naasics@gmail.com","91","9842981832","","","User",""
"loredana Shytani","shytaniloredana1991@gmail.com","44","7938846275","","","User",""
"Alina Catina","Razalanila@yahoo.co.uk","44","7341020573","","","User",""
"Carlos Agudo Nistal","Carlosagudonistal@gmail.com","44","7936173300","","","User",""
"Arun Saji","arunsaji2@gmail.com","91","9562759809","","","User",""
"soumya shrivastava","shrivastavasoumya.uk@gmail.com","44","7825216431","","","User",""
"Wesley Ananias","wesleydiegoh@hotmail.com","44","7564245351","","","User",""
"Rajwinder kaur sokhal","rajwinderk8791@gmail.com","44","07447449218","","","User",""
"Anuj Teotia","anujteotia86@gmail.com","49","15212106189","","","User",""
"Anil","anilpanamala@hotmail.com","91","9550555998","","","User",""
"Manpreet Mannan Kaur","manpreetmannan8@gmail.com","44","07585753429","","","User",""
"Monika K","er.manju95@gmail.com","91","9530861814","","","User",""
"Loveleen Kaur","damanshinjer011@gmail.com","44","7404802593","","","User",""
"Khushdeep","Khushdeep9516@gmail.com","91","8195932275","","","User",""
"Deborah ","olatunjideborah98@gmail.com","91","8103141201","","","User",""
"Matilda Memini","matildamemini11@gmail.com","44","7771446053","","","User",""
"Ibatasam","ibtasamshaikh@gmail.com","44","7376493566","","","User",""
"Shahrukh","Shahrukh.jamani@hotmail.com","44","7312327044","","","User",""
"Katerina Yordanova","Katerina.yordanova21@gmail.com","44","7397889005","","","User",""
"Shivani","Shivubittu1994@gmail.com","44","7365616156","","","User",""
"Daniel pop","jupilix@yahoo.com","44","7914945943","","","User",""
"Ravi Manepalli","ravisri59@gmail.com","44","7404696681","","","User",""
"Bhavya","bhavyatamulji@gmail.com","44","7503738887","","","User",""
"Garima Poudyal","Garimapoudyal0@gmail.com","44","7862416057","","","User",""
"Habiba Nawaz","Habiba.nawaz82@yahoo.com","44","7411331098","","","User",""
"Raul Gherman","raul.treide@yahoo.com","44","7494987825","","","User",""
"Akshata Patil","2akshatapatil@gmail.com","44","7833765216","","","User",""
"Ema","fuadvema99@gmail.com","44","7444821296","","","User",""
"Daniel Paduroiu","Dan.paduroiu@gmail.com","44","7809290169","","","User",""
"Shila","Shila.rana96@gmail.com","44","7759963693","","","User",""
"sweden","764505357@gmail.com","46","764505357","","","User",""
"Simpa","nanaboateng1800@gmail.com","44","7599580517","","","User",""
"Manjot jatt","Manjotjatt1999@gmail.com","44","7575398702","","","User",""
"Sanchan","7087088787@gmail.com","91","7087088787","","","User",""
"Dalal Muaid","Dalalmuaid@outlook.com","44","7864575126","","","User",""
"Paul Arelan","paularenlan@gmail.com","44","7510310687","","","User",""
"Elizabeth","Lizziemoysh@gmail.com","234","8102919558","","","User",""
"Christo Mathew","Christothamaravelil@gmail.com","91","9747788945","","","User",""
" Md. Ziaur Rahman","Md.Zia82@yahoo.co.uk","44","7969229872","","","User",""
"marshal Rodriguez","marshallrodriguez99@yahoo.com","44","7934352432","","","User",""
"Elena Andreea ","Elenaandreea16@yahoo.com","44","7469789354","","","User",""
"Julina Mansour","Julianmansour659@gmail.com","963","943077778","","","User",""
"ANUEBUNWA VALENTINE OBINNA ","obinnabalo20@gmail.com","44","123","","","User",""
"olayinka ezekiel","bigyinka@yahoo.com","44","123","","","User",""
"Abigail","Ishiwuadobi@yahoo.com","44","7721839454","","","User",""
"Paras Abrol","paras0889@gmail.com","91","7006360070","","","User",""
"Ana Adam","linoadam@mail.com","44","7429554204","","","User",""
"Neha  jaglan","nehajaglan2@gmail.com"," ","7824816856","","","User",""
"Stefan Dota","stefan_dota@yahoo.com","44","7783548959","","","User",""
"7707949155","7707949155@gmail.com","44","7707949155","","","User",""
"Vishnu Chester","Vishnuanchal2008@gmail.com","91","9995397849","","","User",""
"Referral test 1","Referraltest1@gmail.com","44","978422365","","","User",""
"mimi","majdabenchahd@gmail.com","44","07483351048","","","User",""
"Vajahat Ali","mdvajahatali@gmail.com","44","7405041639","","","User",""
"Anju Anne Xavier","anjuannex.96@gmail.com","44","7918464155","","","User",""
"Ben Sponty","7495111196@gmail.com","44","7495111196","","","User",""
"Joyal Kanatt","joyejk@gmail.com","91","8547234689","","","User",""
"User","7415034497@gmail.com","44","7415034497","","","User",""
"Athar","atharmustafa3@gmail.com","44","7459626860","","","User",""
"Neda Vadeikyte","Vadeikyte.neda@gmail.com","44","7455574647","","","User",""
"Uzma","917842203457@gmail.com","91","7842203457","","","User",""
"Veerpal sandhu","kaurveerpal29331@gmail.com","91","6284253335","","","User",""
"Greta Kubilinskaite","gretveve@gmail.com","44","7592146153","","","User",""
"Biksham","bikshu.tejavath@gmail.com","44","7478399485","","","User",""
"Ajesh","ajeshmathew555@gmail.com","91","7907000170","","","User",""
"Mandeep Singh","4915164031769@gmail.com","49","15164031769","","","User",""
"Arashdeep kaur 725","Kaurarashdeep020@gmail.com","91","9055598725","","","User",""
"917622840885","917622840885@gmail.com","91","7622840885","","","User",""
"Ralitsa","ralitsa.hristova@yahoo.com","44","7850260899","","","User",""
"Ferah Aybuke Mutlu","ferahaybukemutlu@gmail.com","44","7723942094","","","User",""
"Meera Rasheed","156156","44","7733765442","","","User",""
"Olusola","d.flames01@gmail.com","91","7068570296","","","User",""
"PRADEEP REDY","13211","44","7393108921","","","User",""
"Karamjeet Singh","Karamjeetchatrath@gmail.com","44","7405028412","","","User",""
"Davide Paone","Davide.paone@hotmail.com","44","7493282626","","","User",""
"Eshita Shah","esh13920@gmail.com","44","7471316271","","","User",""
"Rajmaheshwar ","rkrajmaheshwar@gmail.com","44","7741599990","","","User",""
"Noosa","123241651","201","636940071","","","User",""
"Vicky","Baljeetrathour0001@gmail.com","44","7425511359","","","User",""
"Manwinder Kaur","1233456","44","7760512339","","","User",""
"chidera chantal","chiderachantal@gmail.com","44","7769467111","","","User",""
"Komal Roger","Komalsirjeet@gmail.com","44","7593995787","","","User",""
"Himanshi Sood","himanshisood678@gmail.com","44","7760511959","","","User",""
"Rahul Sharma 153","rahul_goenkan99@yahoo.in","91","9999207153","","","User",""
"Alexander Palermo","Alexanderpalermo2@gmail.com","44","7403558823","","","User",""
"Sabu","Sabusp.vlog@gmail.com","44","7712217785","","","User",""
"Yewande","123456@d","234","7034826918","","","User",""
"Mikele Qose","Mikelkiose.mk@gmail.com","44","7388177869","","","User",""
"Cornelia","corneliaholca@yahoo.co.uk","44","7557983775","","","User",""
"Raad Al Bitar","Raadbitar93@gmail.com","962","796519027","","","User",""
"Abdallah Izmigna","abdallah.izmigna@pwc.com","962","799783753","","","User",""
"Vika Levine","vikuliuk@gmail.com","44","7426424985","","","User",""
"Adelina Spita","spitaadelina@gmail.com","44","7784110865","","","User",""
"Fernanda Lopes","nanducha76@hotmail.co.uk","44","7931920505","","","User",""
"Bianca Andreea","biancaandreeacoanda@gmail.com","44","7464748075","","","User",""
"Amal Saji","amalshajikp@gmail.com","44","7404157862","","","User",""
"Yordanka Manolova","dgservices2000@gmail.com","44","7525850014","","0","User",""
"Teja Gottipati","Sahithigottipati@gmail.com","44","7459648431","","","User",""
"Alexandra Bratu","bratu.alexxxa@gmail.com","44","7555579045","","","User",""
"Sinan","sinanalzaeem82@gmail.com","44","7717352929","","","User",""
"Mahsa Ghasemzadeh","Qn20@icloud.com","44","7312269082","","","User",""
"Egle Mackeviciene","persykyte@gmail.com","44","7730782213","","","User",""
"Alex Gurgu","Cvd_flame@yahoo.com","44","7936842298","","","User",""
"Mihaela","Mihaela.dutu130@gmail.com","44","7462316049","","","User",""
"Arshpreet Kaur","Arshpreetk389@gmail.com","44","7435553076","","","User",""
"Ridhu","Ridhimmahjan@icloud.com","91","8968605089","","","User",""
"Tanya99","Dhawantanya99@gmail.com","91","8802026195","","","User",""
"Devipriya","connectdevipriyap@gmail.com","91","8593086149","","","User",""
"Ramandeep","Deepr3973@gmail.com","91","8968692166","","","User",""
"Cosmin Pariseu","cosminpariseu@gmail.com","44","7802207722","","","User",""
"Rammbaabu Chowdary","7879927367","44","7879927367","","","User",""
"Mohammed Uddin","mohammedghouseuddin94@gmail.com","44","7404425918","","","User",""
"Sai Malliboina","saitroublesome@gmail.com","91","8886378861","","","User",""
"Megha","1521561631","44","7880116751","","","User",""
"Jatinder Singh","jatinder19813@gmail.com","49","17628973789","","","User",""
"Manjari","manjari05mm@yahoo.com","91","9840961509","","","User",""
"Kristina Ivanova","kristiana100499@gmail.com","44","7709257021","","","User",""
"Menon Diyodi","did253@gmail.com","44","7472307416","","","User",""
"Arshas","arshulayoz@gmail.com","91","9995434222","","","User",""
"Anjali","Anjali7856791720","44","7856791720","","","User",""
"Deola","silva_platter@yahoo.com","234","8034019563","","","User",""
"Georgeta Elena","georgeta1987aicha@gmail.com","44","7585549173","","","User",""
"Cristiana Dumitru","Cristiana.onica@yahoo.com","44","7961256495","","","User",""
"LORENZ","LORENZ7818116900","44","7818116900","","","User",""
"Madhura","Madhura7880346225","44","7880346225","","","User",""
"Manjinder","manjinder7440101721","44","7440101721","","","User",""
"Nitin","nitin.1308203@gmail.com","44","7448932755","","","User",""
"Arya","aryageorge386@gmail.com","91","9048981172","","","User",""
"Onkar","Onkar9988056868@gmail.com","91","9988056868","","","User",""
"Syed younus","younussyeds5@gmail.com","91","7801006970","","","User",""
"Retaj albannai","Retajs.albannai@gmail.com","965","65116299","","","User",""
"Subbus","padmavyuha1729@gmail.com","44","7311026526","","","User",""
"Habiba","Habibabegum98@gmail.com","44","7575643336","","","User",""
"Betsin Francis","BetsinFrancis7411970659@gmail.com","44","7411970659","","","User",""
"Sara Saini","saru267@gmail.com","44","7469681484","","","User",""
"Amal George","amalgeorgealuckal007@gmail.com","91","9048096735","","","User",""
"Jagroop","jagroop7459905927","44","7459905927","","","User",""
"Ramesh Maadham","Ramesh7717087160@gmail.com","44","7717087160","","","User",""
"Lina Chlostauskiene		","linute35@yahoo.co.uk","44","7868470887","","","User",""
"Lovepreet","Lovepreet7466773951","44","7466773951","","","User",""
"Sunny Kailey","Sunny7882985706@gmail.com","44","7882985706","","","User",""
"Syed Sirajuddin","taufiq.ashrafi.134@gmail.com","91","8555847112","","","User",""
"Veerpal Sidhu","Veerpal7440709465@gmail.com","44","7440709465","","","User",""
"Silviya Gerova","sisigerova84@icloud.com","44","7944603842","","","User",""
"Martin Santy","martinsanty795@gmail.com","91","9846638369","49","15738039686","User",""
"Ravi Masabattula","Ravitejamasabattula737@gmail.com","91","8121320380","","","User",""
"Naza Best","Bestchinaza@gmail.com","+234","7062885204","","","User",""
"Kaur_mandeep","mandeepkaurce@gmail.com","91","9914541561","","","User",""
"Bhumi Patel ","BhumiPatel9974542649@gmail.com","91","9974542649","","","User",""
"Aadarsh Kanayath","aadarshkanayath@gmail.com","91","9048151055","","","User",""
"Nikhil","Nikhilkhokhar06@gmail.com","91","8814943403","","","User",""
"TAJUL ISLAM","tajulislam@gmail.com","44","7359017779","","","User",""
"SriAts","sriats@gmail.com","49","15237904328","","","User",""
"Arfan Raja","arfanraja9798@gmail.com","44","7522698096","","","User",""
"Tarun Arora","tarunarora@gmail.com","49","17662011467","","","User",""
"Vivek","vivek@gmail.com","49","1781140583","","","User",""
"Liya","Stanlyliyasara1@gmail.com","49","17661729247","","","User",""
"Divyapratap Singh","jaimatadi199201gmail.com","91","199201","","","User",""
"Dimitar Sirakov","sirakov69@gmail.com","44","7711947569","","","User",""
"Jasdeep","jj655494@gmail.com","44","7383461360","","","User",""
"Baljeet Singh","baljeetsingh@gmail.com","91","7347600901","","","User",""
"Abigail Adewuyi","abigailadewuyi357@gmail.com","44","7448328793","44","7454734146","User",""
"Magda nederita","Magdalena.mng@bk.ru","44","7411671116","","","User",""
"Farcas Carmen","farcas.carman@gmail.com","44","7591676074","","","User",""
"Palvinder hundal","singhpalvinder946@gmail.com","49","17672509316","","","User",""
"Anakha Krishna","anakhakrishna24@gmail.com","91","9946340389","","","User",""
"Abdullah","Abdullah123@gmail.com","44","7440372898","","","User",""
"Reshma Minimole","reshmaminimolenair93@gmail.com","49","15124868020","","","User",""
"Annna Adamache","Anytabrunetzik@yahoo.Ro","44","7926438405","","","User",""
"Janina Palarie","janamariorobi@gmail.com","44","7385094445","","","User",""
"Loredana 33","timofteloredana80@yahoo.com","44","7778813033","","","User",""
"Melbin Joseph","melbinjoseph99@gmail.com","49","15171911811","","","User",""
"jagroop kaur","Jagroopkaur123@gmail.com","91","7696294069","","","User",""
"Manpreet Panesar","manpreetpanesar1993@gmail.com","44","7448508426","","","User",""
"Joyal","joyalps04@gmail.com","91","8111917084","","","User",""
"Sajeeith ","Sajeeith@gmail.com","44","7747372414","","","User",""
"shawon","shawonhossain235@gmail.com","880","1986956428","","","User",""
"Abdul Haque","user@gmail.com","44","7440753114","","","User",""
"mahipal singh","singhmahipal23@gmail.com","+91","15171644355","","","User",""
"Jana Filipkova		","jana.filipkova@gmail.com","44","7895472126","","","User",""
"Vincenzo Mittica		","mitticavincenzo71@gmail.com","44","7951563555","","","User",""
"Andreea Raducan ","laviniaraducan93@gmail.com","44","7710669930","","","User",""
"Bilal Nazirudeen","bilalnazer111@gmail.com","91","9747400855","","","User",""
"Madhu Neelamsetty","nmadhumadhavi37@gmail.com","44","7928729279","","","User",""
"Sarath Sasidharan	","sasidharansarath54@gmail.com","91","9495555098","","","User",""
"Anjli","anjlikandwal@gmail.com","91","9729879730","","","User",""
"Elena PLETOSU","elena_pletosu@yahoo.com","44","7542938097","","","User",""
"Eniko Beatrice Varga","varga_beatrice@yahoo.com","44","7823380737","","","User",""
"Beronica Godoy","beronicagodoy27@gmail.com","44","7583149978","","","User",""
"Callistus","agujuda@live.fr","44","7412415908","","","User",""
"Stoian Ramona","stoianramona32@gmail.com","44","7459575801","","","User",""
"Karanvir Singh Hayer	","Karanhayer0001@icloud.com","49","5258749378","","","User",""
"Nneka","nneka3809@gmail.com","234","8060397995","","","User",""
"Ashwani Kumar ","ashwanihr935@gmail.com","49","15210648768","","","User",""
"Rohit","rohit.webanix@gmail.com","44","8005508189","","","User",""
"Akudo Ottah","akudo.enwereji@yahoo.com","234","8064725144","","","User",""
"hirdesh Kandpal ","Hirdeshkstudent@gmail.com","44","7366391729","","","User",""
"Anitsa Kitsurich","anitsakitsurich@yahoo.com","44","7464620717","","","User",""
"Srikanth krishna		","srikanthkrishna06@gmail.com","91","9676512223","","","User",""
"Dobre Alin ","tyo_alyn@icloud.com","44","7398145525","","","User",""
"Hatice aslan	","htcasl@gmail.com","44","7984582204","","","User",""
"Bogdan Chitu","bogdanel837@gmail.com","44","7935273796","","","User",""
"Daniela Leontescu","danaleontescu@gmail.com","44","7861353662","","","User",""
"Ravinder Reddy","ravinderreddy137@gmail.com","44","7760487404","","","User",""
"Nana Afia Achiaa","afiaachiaa27@yahoo.com","44","7802792776","","","User",""
"Andrei Alexa","andreialexauk@yahoo.com","44","7480793808","","","User",""
"Amritpal Kaur","Amritpalkaur1099@gmail.com","44","7459855483","","","User",""
"Nilesh","info@nilsconsultancy.co.uk","44","7877423112","","NA","User",""
"Andrei Dutu","uno_cattani@yahoo.com","44","7455021649","","","User",""
"Kristina Slavkova","kristinaslavkova@hotmail.com","44","7585854612","","","User",""
"Roxana-Gabriela Ciuntu","ciunturoxana1999@gmail.com","44","7440688170","","NA","User",""
"Kayla","nurseugoobekee98@gmail.com","44","7745518492","","","User",""
"Petrova Irena","I.r.petrova1982@gmail.com","44","7380986769","","","User",""
"Ayba","aybanoble74424@gmail.com","91","7025349843","","","User",""
"Godfrey","godfreym1975@outlook.com","44","7597832272","","","User",""
"Ushan Sudagala","ushan.sudagala@hotmail.com","44","7753166722","","","User",""
"Edward","Eduard.rijalo@gmail.com","44","7592959252","","","User",""
"Devna","deveenaclara@gmail.com","44","7880677371","","","User",""
"Md Nazrul Islam","imd.nazrul83@yahoo.com","44","7955093737","","","User",""
"Muhmad","mohan6597@yahoo.com","44","7903054048","","","User",""
"T mekonen Mekuria","Tmm30323@gmail.com","44","7459038660","","","User",""
"Jari Adejumoke","jariyeye@gmail.com","44","7464850427","44","7340650101","User",""
"Florin Mirza","mirzaflorin80@yahoo.com","44","7964877013","","","User",""
"Adriana Wick","alinaadrianawick@yahoo.ro","44","7459759776","","","User",""
"Adrian Cazaceanu","Adigeorgian730@yahoo.com","44","7860598297","","","User",""
"Vijeta","Vijetanalwa@gmail.com","44","7466396896","","","User",""
"Ana Dragnea Anyssa","anyssavlad@yahoo.com","44","7493346777","","","User",""
"Alexandra","Alexandra7402959162@gmail.com","44","7402959162","","","User",""
"Junaid","Junayedbb@gmail.com","49","17662435171","","","User",""
"Silvena Dzhivanova","stefkicha24@gmail.com","44","7749069721","","","User",""
"Harmeet","sandhuhammy87@gmail.com","91","6239694719","","","User",""
"Andreea Elena Grigore","deea.adee2@gmail.com","44","7448885107","","","User",""
"Opeyemi","oopjius@gmail.com","44","7877938367","","","User",""
"Daniela Georgieva","krislid88@gmail.com","44","7745873057","","","User",""
"Jerin thomas","abc8281746539@gmail.com","91","8281746539","","","User",""
"Md Osman Gani","osmangani1987@yahoo.com","44","7377435772","","","User",""
"Arun Alexandar","arunalex193@gmail.com","91","9048256662","","","User",""
"Mohammed Aslam","muhammedhaslam@gmail.com","49","15127928102","","","User",""
"OShinowo","yinkamicheal@yahoo.com","353","892551335","","","User",""
"NEWWW","6284505534new@gmail.com","91","6284505534","","","User",""
"Nilesh","nileshveer2000@gmail.com","91","9967705661","","","User",""
"Sam patel","7016842402Sam@gmail.com","91","7016842402","","","User",""
"Trevo Adrian","adriancroos@yahoo.com","44","7717329480","","","User",""
"Dorcas","Dorcasejike@gmail.com","44","7990064943","","","User",""
"Dorina perjunca","dorinaperjunca2@gmail.com","44","7404941305","","","User",""
"Laura","mandyrigo11@gmail.com","44","7982972836","","","User",""
"George Chacko","7471250883George@gmail.com","44","7471250883","","","User",""
"Olga Fiodorov botnari","fiodorov_olga@yahoo.com","44","7438135705","","","User",""
"Tony Pallippadan","tb9656164666@gmail.com","91","9656164666","","","User",""
"RITESH KUMAR","Kumarritesh208@yahoo.com","91","8196813208","","","User",""
"XYZ","xvy7384361437@gmail.com","44","7384361437","","","User",""
"Vlad 668608","Vlad7459668608@gmail.com","44","7459668608","","","User",""
"Sarvjit","sarvjit6306502535@gmail.com","91","6306502535","","","User",""
"Arbaz Amar","123arbaza@gmail.com","91","9947691553","","","User",""
"Ranjeet","Ranjeet8427802925","91","8427802925","","","User",""
"Sharath Babu","sharathkottakal@gmail.com","49","7629337931","","","User",""
"Jean Nestor","jmpetsi@yahoo.fr","44","7727024341","","","User",""
"Liviya Philip","7679037207Liviya@gmail.com","49","17679037207","","","User",""
"Sabri Corona","Sabrina.corona.94@gmail.com","91","7716014202","","","User",""
"Ayesha Imran","ayeshaimran909@gmail.com","44","07459647550","","","User",""
"Hanna","Fahimeh123@yahoo.com","44","7473402404","","","User",""
"Merin Mathew","mastermerin95@gmail.com","91","9827247548","","","User",""
"Tamu","ujjwalgurung08042@gmail.com","49","15734497088","","","User",""
"paras Agrawal","paras.agarwal.jain@gmail.com","49","15214408882","","","User",""
"pawandeep Kaur","Pawandeepkour256@gmail.com","49","15214800362","","","User",""
"Amanda","amandadondoe1@gmail.com","44","7724509491","","","User",""
"Giedre Nastuzinaite","giedre.astu@gmail.com","44","7883150900","","","User",""
"muhsina","muhsinapachooz158@gmail.com","91","9745252118","","","User",""
"Amanpreet shingh","Amanpreetk045@gmail.com","49","17632037460","","","User",""
"Anum Chaudhary","anumchoudhary174@gmail.com","49","15210657877","","","User",""
"Baljit singh","Baljitsingh13140@gmail.com","44","7466904768","","","User",""
"Aasma Khalil","Aasmakhalil7862@gmail.com","166","3248422622","","","User",""
"Deelu George","deelu.kurian@gmail.com","91","9605442221","","","User",""
"Sajan Dangol","sajandangol91@gmail.com","44","7459789352","","","User",""
"Yauba Aliyu","yaubaamustapha@gmail.com","234","8032860697","","","User",""
"Ajax Xavier","ajaxxavier1991@gmail.com","91","9995054283","","","User",""
"Pardeep Kaur","Pardeepkaur1195@gmail.com","44","7735839387","","","User",""
"Rajni Devi","jessicakarrha@gmail.com","44","7587512677","","","User",""
"Fariah","Farihaa83@yahoo.com","1","7802924777","","","User",""
"Akshay Patil","akki.patil4999@gmail.com","91","7098209999","","","User",""
"Noushand","noushandnarayan@gmail.com","49","15171416361","","","User",""
"Daniel Ebitonmor","danielebitonmor@gmail.com","44","7459584302","","","User",""
"Tiger","amits_biotech@yahoo.com","44","7733797924","","","User",""
"Sukhjit Kaur","Sabimehta99@yahoo.in","44","7440141731","","","User",""
"Metla Rohan","metla.rohan14@gmail.com","91","7989607679","","","User",""
"Hassan","Rahulsarna1@icloud.com","44","7397515731","","","User",""
"Ayesha Imran","7547125852Ayesha Imran@gmail.com","44","7547125852","","","User",""
"Sushma","sushmamehbooba@gmail.com","49","7673826364","","","User",""
"Khatija hafeji","khatijahafeji71@gmail.com","44","7576577876","","","User",""
"Halima Haji","Halimahaji7878@yahoo.com","44","7742010159","","","User",""
"Gopi","7469672840gopi@gmail.com","44","7469672840","","","User",""
"Deepika Devi","7466173824deepika@gmail.com","44","7466173824","","","User",""
"Rudolf","rudybazatu@gmail.com","44","7533229555","","","User",""
"Arun","Arun123@gmail.com","91","8122523255","","","User",""
"Arjun Sharma","arzunsharma@gmail.com","49","15218615046","","","User",""
"Simrandeep Singh","simrands19@gmail.com","44","7466034383","","","User",""
"Sukhwant Kaur","Ksukhwant44@yahoo.in","91","9501681174","","","User",""
"Omimah Hussain","omimahhussain@gmail.com","44","7763556442","","","User",""
"Rahul Sarna","rahulrahulsarna@gmail.com","44","7869615269","","","User",""
"Baljit Kaur","kaurbaljit36840@gmail.com","44","7765720189","","","User",""
"Khadijah Aziz","Khadijaziz1234@gmail.com","91","9619941603","","","User",""
"Daniela Luca","luca.daniela.d@gmail.com","44","00","","","User",""
"Tahmid jaman","Inkiadzaman@hotmail.com","49","17672139908","","","User",""
"Ravinder Singh Dhillion","user123@gmail.com","49","17672394197","","","User",""
"brielle","brielle_osaru@yahoo.com","234","8162012404","","","User",""
"Lakhwinder","Luckyattli@gmail.com","44","7840050451","","","User",""
"Noyal Tony","noyaltony.555@gmail.com","91","9605950351","","","User",""
"Aby POULOSE","abypoulose2001@gmail.com","91","9656743996","","","User",""
"Verrpal","7879796026verrpal@gmail.com","44","7879796026","","","User",""
"Parampreet","Kaur.preet2748@outlook.com","44","7585351670","","","User",""
"Palwinder Kaur","kaur.palwinder74@yahoo.com","44","7402648222","","","User",""
"Emmanuel","mymail307@yahoo.com","44","7799156724","","","User",""
"Jyoti Rajput","Jyotiranakarnal@gmail.com","44","7469508730","","","User",""
"Ana Maria Dimulete","Lunguanamaria1989@gmail.com","44","7491555337","","","User",""
"Aneeta","7880439226aneeta@gmail.com","44","7880439226","","","User",""
"Bisola Raji","Bisolasurveys@gmail.com","44","7898373697","","","User",""
"Raluca Mihalcea","ralucamaria2013@yahoo.com","44","7537921344","","","User",""
"Harpreet Bhinder","Bhinderharpreet011@gmail.com","44","7503454821","","","User",""
"Harman Sidhu","Harmansidhu8874@gmail.com","49","5210517493","","","User",""
"Andrew","7725955254andrew@gmail.com","44","7725955254","","","User",""
"Devang Patel","wisamcoleman@gmail.com","44","7551129796","","","User",""
"Rahul Kumar","manage2020lei@gmail.com","91","6385126879","","","User",""
"Dhaval Raithatha","dhavalraithatha99@gmail.com","91","9409162920","","","User",""
"Anjali","7471056870anjli@gmail.com","44","7471056870","","","User",""
"Abhin","varshaabhin1234@gmail.com","91","8301970561","","","User",""
"Mihaela Dumitru","mihaela.cristina17.12@gmail.com","44","7853796855","","","User",""
"Surya","7469423529surya@gmail.com","44","7469423529","","","User",""
"Gagandeep Singh 1516","singhgagandeeps1516@gmail.com","91","9463664871","","","User",""
"Rai Verma","rais879@gmail.com","44","7810288979","","","User",""
"Sona","Sonadaviss9@gmail.com","49","7659716741","","","User",""
"Komal Sharma","Komalsharma2649@gmail.com","44","7503805790","","","User",""
"Blessing","Blessingbissong@yahoo.com","44","7909194081","","","User",""
"Harpreet Kaur 746","Jhutty368@gmail.com","44","7466298423","","","User",""
"Aiesh","Aieshchaudary@gmail.com","44","7450012627","","","User",""
"Ruchitha Reddy","Ruchitareddym123@gmail.com","44","7466975892","","","User",""
"Shalini Saini","Shalinisaini1111@gmail.com","44","7424870119","","","User",""
"Ermanno Izzo","ermannoizzo@gmail.com","44","7456091968","","","User",""
"Dhawa","dimdungdawa23@gmail.com","44","7859923742","","","User",""
"Marco Paulo","Marcopauloduart@hotmail.com","44","7599770784","","","User",""
"Jovin Wilson","jovincha@yahoo.com","91","7560969335","","","User",""
"Aman Kaur","Ak1415704@gmail.com","44","7404991975","","","User",""
"Jasveer singh","Jasveersingh017@gmail.com","44","7469499349","","","User",""
"Alwino Joy","alwinojoy@gmail.com","91","9961716941","","","User",""
"Gurpreet Aulakh","Gurpreetaulakh1986@gmail.com","91","8728048306","","","User",""
"Manjinder kaur","Ksimpu009@gmail.com","91","6284009757","","","User",""
"Nirmal KUTTASSERY","nirmalsreek116@gmail.com","91","9961936792","","","User",""
"Mohammad Raees","mohamedraees47@gmail.com","91","9744883689","","","User",""
"Dragu Marius","alxdrg20@yahoo.com","44","7903570279","","","User",""
"Nasir Lasisi","Lasisinasir@gmail.com","91","8136711725","","","User",""
"Firdous patel","m.faraaz14@hotmail.com","260","970367854","","","User",""
"Avin","ayinsubash@gmail.com","91","9562914612","","","User",""
"paulbalu","paulbalu775@gmail.com","91","9809720007","","","User",""
"Jijo Solomon","jijoslmn@icloud.com","91","9497886228","","","User",""
"gavini","maheshgavini9@gmail.com","44","7305698475","","","User",""
"User1","user395@gmail.com","44","7471056166","","","User",""
"Ekta","ektanafray99625@gmail.com","44","7404476373","","","User",""
"GulMehak","gulmehakdutta@gmail.com","49","15214655975","","","User",""
"Velizara Ivanova","velizara.nankova.ivanova@gmail.com","44","7450247417","","","User",""
"Maria Boscanean","boscanean.maria@gmail.com","44","7385599599","","","User",""
"Jassa Singh","Jassasingh1995@gmail.com","44","7494170036","","","User",""
"Harman Sohi","harmansohi543@gmail.com","44","7466495975","","","User",""
"Simran Nahal","Nahal.Simran97@gmail.com","44","7577291357","","","User",""
"Florin Sava","tigrul_21@yahoo.com","44","7904402472","","","User",""
"Gurwinder","Kaurgurwinder664@gmail.com","44","7404551669","","","User",""
"amanpreet kaur","user998@gmail.com","44","7379609786","","","User",""
"Baljeet Kaur","Baljeetk0105@gmail.com","91","6284086099","","","User",""
"Jamaalatu","Jamaalatuumar@yahoo.com","44","7485475906","","","User",""
"Hamza Hakim","hamzahakim1993@gmail.com","965","60614103","","","User",""
"Irina","irina_dascalu64@yahoo.co.uk","44","7557886582","","","User",""
"Albin Kattackal","alby1243@gmail.com","91","9656561243","","","User",""
"Manisha","mani9958264606@gmail.com","44","7587913848","","","User",""
"Sonu Patel","sonali2591996@gmail.com","44","7880039299","","","User",""
"Fatima Mohammed","fatimohana29@icloud.com","234","8167546318","","","User",""
"Safaa","Safaa.wahmane20@gmail.com","44","7377705006","","","User",""
"Poonam Multani","poonammultani82@gmail.com","91","6230357704","","","User",""
"Dimitar Kukov","kukov1111@icloud.com","44","7907005486","","","User",""
"Manpreet Kaur Sandhu","msandhu8757@gmail.com","91","7347374265","","","User",""
"Ali","Ali531@btinternet.com","44","7451969073","","","User",""
"Mohannad Alqudah","Mohannadqudah96@gmail.com","44","7599665556","","","User",""
"Kanwaljit","Kanwaljitkang@yahoo.com","44","7466849592","","","User",""
"Naveen Chacko","naveenelias4@gmail.com","91","9895222550","","","User",""
"Lucian Ciobanu","Lucianclv@yahoo.com","44","7429075519","","","User",""
"Ankit Dhingra","dhingraankit.0@gmail.com","44","7877329970","","","User",""
"Ruzario","newmanruzario@gmail.com","44","7487620713","","","User",""
"Anil Sathyan","anilsathyanmidhila@gmail.com","91","7907234441","","","User",""
"Manish Garg","Manishgarg385@gmail.com","91","8568873840","","","User",""
"Prabhu","kprabhjot521@gmail.com","44","7305923337","","","User",""
"Yasmin","ashmin1010@gmail.com","61","435910401","","","User",""
"Sandeep","sandeepgsp03@gmail.com","91","9417024117","","","User",""
"Gurmeet Kaur","Kaurmeetu403@gmail.com","44","7438019519","","","User",""
"Tehsin Ranginwala","ranginwalatehsin05@gmail.com","44","7396671687","","","User",""
"Claudia Streche","user925@gmail.com","44","7415327647","","","User",""
"Pawanbir K Sidhu","pawanbirsidhu@yahoo.com","44","7748034630","","","User",""
"Dr Shilpa","shilpajalandhar30@gmail.com","91","1234560789","","","User",""
"Ravneet Waring","ravneetwaring1313@gmail.com","91","6280891917","","","User",""
"Gagandeep Randhawa","Randhawataran209@gmail.com","44","7881918031","","","User",""
"Gurdeep","Gurighuman8055@gmail.com","44","7424104110","","","User",""
"Ashu Sidhu","Aishasethi91@gmail.com","44","7448404750","","","User",""
"Jaspreet","jaspreet.kukarmazara@gmail.com","44","7404951510","","","User",""
"Dr. Krj","kprakan31@gmail.com/K.Prakan@icloud.com","44","7454113956","","","User",""
"Tushar Sharma","tusharsharma1708@gmail.com","49","17661769254","","","User",""
"Abhi","Abhu262@gmail.com","44","7587675402","","","User",""
"user ","user837@gmail.com","1","3059821963","","","User",""
"Aya Albalushi","bunoota.2000@hotmail.com","968","94455757","","","User",""
"MANINDER KUMAR","Manijot514@gmail.com","49","17670845556","","","User",""
"Rasika","rcuk24@gmail.com","44","7586267690","","","User",""
"Harpreet Kaur","Harpreetkgry@gmail.com","91","9779273916","","","User",""
"Pooja","hpooja597@gmail.com","44","7733844519","","","User",""
"Nicoleta Alina","alinanicu86@yahoo.com","44","7544968244","","","User",""
"Vishal Thakur","singhkhushhal777@gmail.com","44","7404530515","","","User",""
"Anisha","gladybenny14@gmail.com","44","7879859913","","","User",""
"Nithin","nithinjoyalappat7@gmail.com","91","9544642781","","","User",""
"Ashwariya Babu","aiswaryakbabu977@gmail.com","44","7405254982","","","User",""
"Sindhoori Sidharthan","sindhoorisidharthan@gmail.com","91","9946329007","","","User",""
"Alessia","alessiajomon@gmail.com","44","7880781116","","","User",""
"userr","user904@gmail.com","44","7443809563","","","User",""
"Ujiro Pele","peleujiro65@gmail.com","44","7459614482","","","User",""
"Priyanka sundram","pbalasundram@gmail.com","49","15221314292","","","User",""
"Gurwinder Uppal","uppalguri1995@gmail.com","44","7459636187","","","User",""
"Geethu Krishna","geethuk880@gmail.com","91","9497051471","","","User",""
"Gurdarshan Singh","gdbhogal94@gmail.com","44","7931156832","","","User",""
"Mathew Milan Thomas","mathew.milan.thomas@gmail.com","91","8547118777","","","User",""
"Marina Marinova","miss6onka@gmail.com","44","7513626237","","","User",""
"Bhaumik","bhaumikpithadia6975@gmail.com","44","7466201527","","","User",""
"Rahul 90237","9023735035rahul@gmail.com","91","7009737617","","","User",""
"Dileta","diletta_franzone93@hotmail.it","44","7365243933","","","User",""
"Hugo Inacio 33","Hugosantosinacio@hotmail.com","176","936499733","","","User",""
"Manpreet Bhumbla","ksanju00691@gmail.com","44","7466536854","","","User",""
"Wajeeha Sarfaraz","wajeehasarfraz@gmail.com","44","7448030586","","","User",""
"Jagjitmahal","Jagjitmahal931@gmail.com","44","7459892101","","","User",""
"Nevil Jose","nevil96@gmail.com","44","7442891038","","","User",""
"Erika Kirchmajer","Kirchmajer_erika@yahoo.com","44","7756523339","","","User",""
"Jinu Benny","jinuannaben95@gmail.com","44","7587992432","","","User",""
"Reetu Saini","Reetu91saini@gmail.com","44","7585784122","","","User",""
"Nitish Kumar","nightangelnitish@gmail.com","49","5212496171","","","User",""
"Rohit Akula","akularohithrayudu@gmail.com","91","9676441437","","","User",""
"Rahman","moshiurr644@gmail.com","44","7459743242","","","User",""
"Sheetal","gandhisheetal53@gmail.com","91","9960623834","","","User",""
"Jashman","jassisinghkhanna@gmail.com","44","7734204520","","","User",""
"Fahad Pentrich","sfrahman93@gmail.com","91","9032416001","","","User",""
"Neelamdeep Kahlon","Neelamdeepkaurkahlon@gmail.com","44","7404359132","","","User",""
"Yash","G.yash1096@gmail.com","91","9550133692","","","User",""
"Febin","Febinph@gmail.com","44","7469490472","","","User",""
"Artenie Anca","ancartenie@yahoo.com","44","7493843634","","","User",""
"Rhea kaur","rheakaur255@gmail.com","44","7564952005","","","User",""
"Sandeep Kaur","mrskaur98@gmail.com","44","7438524742","","","User",""
"Ramandeep Baraich","ramandeep07717@gmail.com","44","7440424703","","","User",""
"Rahul Manjhu","Rahulmanjhu4@gmail.com","44","7888644623","","","User",""
"Chiamaka","Ukpabichiamaka15@gmail.com","234","9030013214","","","User",""
"Barinderdeep","sdf654@gmail.com","44","7459916569","","","User",""
"Archit Gupta","Ankit.mahajan470@gmail.com","91","9646034954","","","User",""
"Risham","ramudipi@gmail.com","44","7552312178","","","User",""
"Taruna Saggu","Taruna.saggu92@gmail.com","44","7388467465","","","User",""
"Andreea Bruchner","shortypink111@yahoo.com","44","7736371953","","","User",""
"Musarat Patel","patelmusarat786@gmail.com","44","7404890970","","","User",""
"Gurvinder kaur","grandhawa740@gmail.com","91","7814366185","","","User",""
"Rampal Singh Bajwa","bikrambnl@gmail.com","91","9915714653","","","User",""
"Jyoti Verma","jyotikhatkar201@gmail.com","91","8264931251","","","User",""
"Marius Tudor","mariustudor85@icloud.com","44","7944196655","","","User",""
"Simarjeet","Simarjosan175@gmail.com","44","7405551636","","","User",""
"Sehabaz Kapadia","memonzeba91@gmail.com","44","7883881796","","","User",""
"Olukayode Adetifa","Olukayode1984@gmail.com","44","7424095242","","","User",""
"Albin Biju","albinbijuparanayil@gmail.com","44","7405679430","","","User",""
"Harikishan","Harkishansagoo@live.co.uk","44","7548370138","","","User",""
"Rupinder Kaur","Rupindergs43@gmail.com","44","7448924423","","","User",""
"Wikas","wikaslal@gmail.com","44","7729251140","","","User",""
"Kavya","Kavyabeeram198@gmail.com","91","9177930264","","","User",""
"Petruta","pirvanpetruta@yahoo.com","44","7393899440","","","User",""
"Pritinka","Ssurbhi0322@gmail.com","44","7438873437","","","User",""
"Anand","pateland7@gmail.com","44","7448685232","","","User",""
"Rajveer","rvdhindsasingh@gmail.com","44","7307976177","","","User",""
"Shravani","Sridharadinesh2468@gmail.com","44","7767809619","","","User",""
"Aspire shukurullaev","Istamlsbu@gmail.com","44","7533045299","","","User",""
"Sohail Asghar","uksohail@hotmail.co.uk","44","7474903974","","","User",""
"Adrian Gaina","adriangaina86@yahoo.com","44","7423258265","","","User",""
"Pratiksha","Maheypawan6@gmail.com","44","7898406139","","","User",""
"Olajide babakay","babakay_2k@yahoo.co.uk","44","7947140357","","","User",""
"Georgi Ivanov","georgiivanov1999@abv.bg","44","7521134096","","","User",""
"Vinod pavan Raj","vinodpavanraj1996@gmail.com","91","9656595443","","","User",""
"Elle Zeig","giezellesood6294@gmail.com","44","7887478775","","","User",""
"Snejana Brinza","Snejana.brinza94@gmail.com","44","7861061626","","","User",""
"Catalin","catalinganciu605@yahoo.com","44","7379017113","","","User",""
"Prabhjot","hgf654@gmail.com","44","7469501436","","","User",""
"Mumtahin","jannataz045@gmail.com","44","7759380458","","","User",""
"Hritik SAiNi","hritik.jan102001@gmail.com","91","8708941486","","","User",""
"Amanpreet sanger","amanpreetsanger97@gmail.com","91","8728007884","","","User",""
"Nikolov Elvis","enn970705@gmail.com","44","7934436879","","","User",""
"Amandeep","amandeep.kaur9603@gmail.com","44","7880111294","","","User",""
"Harpreet Bal","new123@gmail.com","91","8264685434","","","User",""
"Prince Elekwachi","Elekwachiprince4@gmail.com","44","7466636100","","","User",""
"Rahul Sharma","Rahul.sharma0705@gmail.com","91","9888214186","","","User",""
"Ignatious Abraham","ignatiousabraham1995@gmail.com","49","15733337566","","","User",""
"Faizal Ansari","Faizali473363@gmail.com","91","8200077321","","","User",""
"Oluwaseun Anne","seunanne53@yahoo.com","44","7448280411","","","User",""
"Sukhjeet Chahal","chahalsukhjeet95@gmail.com","44","7459688932","","","User",""
"Harsimran Bhalla","Bhallaharsimran99@gmail.com","44","7383242233","","","User",""
"Navjot Singh Gill","Navjotg6@gmail.com","44","7309439339","","","User",""
"Gagandeep Singh","ggndip222@gmail.com","44","7467153471","","","User",""
"Kamal Salec","kamalkharraj98@gmail.com","44","7438888350","","","User",""
"Abraham Omolegie","abomolegie221@gmail.com","44","7863407034","","","User",""
"Manvinder Kaur","Mani.kaur95@outlook.com","44","7575834174","","","User",""
"ANca Rizea","anca.rizea@gmail.com","44","7588959592","","","User",""
"Rahul Manoj","rmrahulmanoj@gmail.com","91","9048822000","","","User",""
"Komal","harvir7508@gmail.com","91","9056131339","","","User",""
"Gursimran Baidwan","abc243@gmail.com","44","7727066242","","","User",""
"Criss Dragos","Sdcristian35@gmail.com","44","7932795744","","","User",""
"Deep","pxdeep@gmail.com","91","9463667814","","","User",""
"Simran Dhillon Binning","Simrnbinning@gmail.com","44","7585187252","","","User",""
"Richard Vincent","richuzzzzz@gmail.com","49","1636351477","","","User",""
"Parmjit Kaur Parmar","Kaurparmar7869@gmail.com","44","7417450514","","","User",""
"New user","new768@gmail.com","44","7471237659","","","User",""
"Albena Kaneva","albena.kaneva73@gmail.com","44","7544006250","","","User",""
"Ajith Sunny","vajithsunny@gmail.com","91","7907213654","","","User",""
"Max Johnson","assignment.with.ease@gmail.com","44","7401802003","","","User",""
"Denisa Patrascu 73","Denisap07@yahoo.com","44","7389167147","44","7389167147","User",""
"Tanya","tanya432@gmail.com","44","7748964797","","","User",""
"Ronith Rizwan","rizwanronith8894@gmail.com","44","7934820479","","","User",""
"Abdul Rehman","rehmansharief331@gmail.com","91","9553350550","","","User",""
"Amanjyoti Kaur","Amykaur0002@gmail.com","44","7404594899","","","User",""
"Krishna Koradia","krishnakoradia7@gmail.com","44","7951289062","","","User",""
"Jatin Calra","jatinkalra636@gmail.com","44","7405275133","","","User",""
"Kuljit Kaur","surinderpreet84@gmail.com","44","7469555972","","","User",""
"Yashpal rathore","yashpalrathore1506@gmail.com","44","7520626128","","","User",""
"Mahipal Singh","daniel24white@gmail.com","91","9784710045","","","Super Admin",""
